url,name
/cbb/players/jason-iacona-1.html,Jason Iacona
/cbb/players/tony-iacovino-1.html,Tony Iacovino
/cbb/players/_-iacovino-1.html,_ Iacovino
/cbb/players/tom-iane-1.html,Tom Iane
/cbb/players/mike-iannarella-1.html,Mike Iannarella
/cbb/players/anthony-ianni-1.html,Anthony Ianni
/cbb/players/andres-iarrazabel-1.html,Andres Iarrazabel
/cbb/players/jacob-iati-1.html,Jacob Iati
/cbb/players/jon-iati-1.html,Jon Iati
/cbb/players/tony-iati-1.html,Tony Iati
/cbb/players/marc-iavaroni-1.html,Marc Iavaroni
/cbb/players/gene-iba-2.html,Gene Iba
/cbb/players/moe-iba-2.html,Moe Iba
/cbb/players/skip-iba-1.html,Skip Iba
/cbb/players/ervin-ibach-1.html,Ervin Ibach
/cbb/players/igor-ibaka-1.html,Igor Ibaka
/cbb/players/fernando-ibanez-1.html,Fernando Ibanez
/cbb/players/james-ibanez-1.html,James Ibanez
/cbb/players/andres-ibarguen-1.html,Andres Ibarguen
/cbb/players/wayne-ibarolle-1.html,Wayne Ibarolle
/cbb/players/josh-ibarra-1.html,Josh Ibarra
/cbb/players/prince-ibeh-1.html,Prince Ibeh
/cbb/players/ekene-ibekwe-1.html,Ekene Ibekwe
/cbb/players/onye-ibekwe-1.html,Onye Ibekwe
/cbb/players/kris-ibezim-1.html,Kris Ibezim
/cbb/players/sam-ibiezugbe-1.html,Sam Ibiezugbe
/cbb/players/femi-ibikunle-1.html,Femi Ibikunle
/cbb/players/adedeji-ibitayo-1.html,Adedeji Ibitayo
/cbb/players/idong-ibok-1.html,Idong Ibok
/cbb/players/ahmad-ibrahim-1.html,Ahmad Ibrahim
/cbb/players/mohammed-ibrahim-1.html,Mohammed Ibrahim
/cbb/players/d-ice-1.html,D. Ice
/cbb/players/mike-ice-1.html,Mike Ice
/cbb/players/yassin-idbihi-1.html,Yassin Idbihi
/cbb/players/robinson-idehen-1.html,Robinson Idehen
/cbb/players/martin-ides-1.html,Martin Ides
/cbb/players/chad-ideus-1.html,Chad Ideus
/cbb/players/ken-idlebird-1.html,Ken Idlebird
/cbb/players/james-idleburg-1.html,James Idleburg
/cbb/players/steven-idlet-1.html,Steven Idlet
/cbb/players/rey-idowu-1.html,Rey Idowu
/cbb/players/samuel-idowu-1.html,Samuel Idowu
/cbb/players/idris-ibn-idris-1.html,Idris Ibn Idris
/cbb/players/teslim-idris-1.html,Teslim Idris
/cbb/players/younes-idrissi-1.html,Younes Idrissi
/cbb/players/osahen-iduwe-1.html,Osahen Iduwe
/cbb/players/steve-idzik-1.html,Steve Idzik
/cbb/players/charles-ieans-1.html,Charles Ieans
/cbb/players/fred-iehle-1.html,Fred Iehle
/cbb/players/lou-iezzi-1.html,Lou Iezzi
/cbb/players/ude-ifeanyichukwa-1.html,Ude Ifeanyichukwu
/cbb/players/elijah-ifejeh-1.html,Elijah Ifejeh
/cbb/players/martins-igbanu-1.html,Martins Igbanu
/cbb/players/ethan-igbanugo-1.html,Ethan Igbanugo
/cbb/players/urule-igbavboa-1.html,Urule Igbavboa
/cbb/players/emmanuel-igbinosa-1.html,Emmanuel Igbinosa
/cbb/players/oso-ighodaro-1.html,Oso Ighodaro
/cbb/players/timothy-ighoefe-1.html,Timothy Ighoefe
/cbb/players/aidan-igiehon-1.html,Aidan Igiehon
/cbb/players/mantas-ignatavicius-1.html,Mantas Ignatavicius
/cbb/players/vince-ignatowicz-1.html,Vince Ignatowicz
/cbb/players/_-ignatowicz-1.html,_ Ignatowicz
/cbb/players/michal-ignerski-1.html,Michal Ignerski
/cbb/players/jovan-ignjatovic-1.html,Jovan Ignjatovic
/cbb/players/obrad-ignjatovic-1.html,Obrad Ignjatovic
/cbb/players/shaun-igo-1.html,Shaun Igo
/cbb/players/byron-igoe-1.html,Byron Igoe
/cbb/players/andre-iguodala-1.html,Andre Iguodala
/cbb/players/frank-iguodala-1.html,Frank Iguodala
/cbb/players/josh-ihde-1.html,Josh Ihde
/cbb/players/ugo-ihekweazu-1.html,Ugo Ihekweazu
/cbb/players/sam-ihekwoaba-1.html,Sam Ihekwoaba
/cbb/players/tyree-ihenacho-1.html,Tyree Ihenacho
/cbb/players/isaiah-ihnen-1.html,Isaiah Ihnen
/cbb/players/richard-ijeh-1.html,Richard Ijeh
/cbb/players/todd-ikard-1.html,Todd Ikard
/cbb/players/anthony-ike-1.html,Anthony Ike
/cbb/players/earl-ike-1.html,Earl Ike
/cbb/players/graham-ike-1.html,Graham Ike
/cbb/players/jibrahn-ike-1.html,Jibrahn Ike
/cbb/players/larry-ike-1.html,Larry Ike
/cbb/players/andy-ikeakor-1.html,Andy Ikeakor
/cbb/players/obi-ikeakor-1.html,Obi Ikeakor
/cbb/players/chukwu-ikediashi-1.html,Chukwu Ikediashi
/cbb/players/chy-chy-ikenokwalu-1.html,Chy Chy Ikenokwalu
/cbb/players/larry-ikerd-1.html,Larry Ikerd
/cbb/players/emeka-ikezu-1.html,Emeka Ikezu
/cbb/players/joe-ikhinmwin-1.html,Joe Ikhinmwin
/cbb/players/clement-ikomi-1.html,Clement Ikomi
/cbb/players/adida-ikongshul-1.html,Adida Ikongshul
/cbb/players/denis-ikovlev-1.html,Denis Ikovlev
/cbb/players/guy-ikpah-1.html,Guy Ikpah
/cbb/players/tristan-ikpe-1.html,Tristan Ikpe
/cbb/players/amadi-ikpeze-1.html,Amadi Ikpeze
/cbb/players/christopher-ikuenobe-1.html,Christopher Ikuenobe
/cbb/players/jack-ilcisin-1.html,Jack Ilcisin
/cbb/players/peace-ilegomah-1.html,Peace Ilegomah
/cbb/players/chris-iles-1.html,Chris Iles
/cbb/players/john-iles-1.html,John Iles
/cbb/players/trian-iliadis-1.html,Trian Iliadis
/cbb/players/milos-ilic-1.html,Milos Ilic
/cbb/players/miroslav-ilic-1.html,Miroslav Ilic
/cbb/players/veljko-ilic-1.html,Veljko Ilic
/cbb/players/buck-illig-1.html,Buck Illig
/cbb/players/francis-illig-1.html,Francis Illig
/cbb/players/alex-illikainen-1.html,Alex Illikainen
/cbb/players/dave-ilnicki-1.html,Dave Ilnicki
/cbb/players/chuka-iloegbu-1.html,Chuka Iloegbu
/cbb/players/solomon-iluyomade-1.html,Solomon Iluyomade
/cbb/players/markus-ilver-1.html,Markus Ilver
/cbb/players/priit-ilver-1.html,Priit Ilver
/cbb/players/ilya-ilyayev-1.html,Ilya Ilyayev
/cbb/players/sean-imadiyi-1.html,Sean Imadiyi
/cbb/players/etoile-imama-1.html,Etoile Imama
/cbb/players/korab-imami-1.html,Korab Imami
/cbb/players/tony-imbraguglio-1.html,Tony Imbraguglio
/cbb/players/larry-imburgia-1.html,Larry Imburgia
/cbb/players/alex-imegwu-1.html,Alex Imegwu
/cbb/players/david-imes-1.html,David Imes
/cbb/players/darrall-imhoff-1.html,Darrall Imhoff
/cbb/players/dave-immel-1.html,Dave Immel
/cbb/players/dan-imming-1.html,Dan Imming
/cbb/players/greg-imperi-1.html,Greg Imperi
/cbb/players/george-imwalle-1.html,George Imwalle
/cbb/players/david-inabnit-1.html,David Inabnit
/cbb/players/bassey-inameti-1.html,Bassey Inameti
/cbb/players/steve-inbusch-1.html,Steve Inbusch
/cbb/players/john-incardone-1.html,John Incardone
/cbb/players/carl-ince-1.html,Carl Ince
/cbb/players/charlie-inclan-1.html,Charlie Inclan
/cbb/players/dave-inderrieden-1.html,Dave Inderrieden
/cbb/players/cole-indestad-1.html,Cole Indestad
/cbb/players/lloyd-industrious-1.html,Lloyd Industrious
/cbb/players/bill-inedale-1.html,Bill Inedale
/cbb/players/jared-ines-1.html,Jared Ines
/cbb/players/jon-ingalis-1.html,Jon Ingalis
/cbb/players/jon-ingalls-1.html,Jon Ingalls
/cbb/players/anthony-inge-1.html,Anthony Inge
/cbb/players/austin-inge-1.html,Austin Inge
/cbb/players/james-inge-1.html,James Inge
/cbb/players/kenny-inge-1.html,Kenny Inge
/cbb/players/riley-inge-1.html,Riley Inge
/cbb/players/scott-inge-1.html,Scott Inge
/cbb/players/sermaj-inge-1.html,Sermaj Inge
/cbb/players/joe-ingegneri-1.html,Joe Ingegneri
/cbb/players/martin-ingelsby-1.html,Martin Ingelsby
/cbb/players/tom-ingelsby-1.html,Tom Ingelsby
/cbb/players/adam-ingersoll-1.html,Adam Ingersoll
/cbb/players/dommanic-ingerson-1.html,Dommanic Ingerson
/cbb/players/aaron-ingle-1.html,Aaron Ingle
/cbb/players/alvin-ingle-1.html,Alvin Ingle
/cbb/players/golden-ingle-1.html,Golden Ingle
/cbb/players/israel-ingle-1.html,Israel Ingle
/cbb/players/fred-ingles-1.html,Fred Ingles
/cbb/players/mark-ingles-1.html,Mark Ingles
/cbb/players/zach-ingles-1.html,Zach Ingles
/cbb/players/trent-inglesby-1.html,Trent Inglesby
/cbb/players/bob-inglis-1.html,Bob Inglis
/cbb/players/dave-inglis-1.html,Dave Inglis
/cbb/players/gabriel-inglis-1.html,Gabriel Inglis
/cbb/players/jimmie-inglis-1.html,Jimmie Inglis
/cbb/players/stephane-ingo-1.html,Stephane Ingo
/cbb/players/jim-ingold-1.html,Jim Ingold
/cbb/players/roger-ingraham-1.html,Roger Ingraham
/cbb/players/tariq-ingraham-1.html,Tariq Ingraham
/cbb/players/andre-ingram-1.html,Andre Ingram
/cbb/players/andre-ingram-2.html,Andre Ingram
/cbb/players/anthony-ingram-1.html,Anthony Ingram
/cbb/players/bill-ingram-1.html,Bill Ingram
/cbb/players/billy-ingram-1.html,Billy Ingram
/cbb/players/billy-ingram-2.html,Billy Ingram
/cbb/players/billybob-ingram-1.html,Billy Bob Ingram
/cbb/players/bo-ingram-1.html,Bo Ingram
/cbb/players/brandon-ingram-1.html,Brandon Ingram
/cbb/players/chris-ingram-1.html,Chris Ingram
/cbb/players/clarence-ingram-1.html,Clarence Ingram
/cbb/players/cornelius-ingram-1.html,Cornelius Ingram
/cbb/players/curtis-ingram-1.html,Curtis Ingram
/cbb/players/damian-ingram-1.html,Damian Ingram
/cbb/players/darwyn-ingram-1.html,Darwyn Ingram
/cbb/players/darwyn-ingram-2.html,Darwyn Ingram
/cbb/players/david-ingram-1.html,David Ingram
/cbb/players/dazon-ingram-1.html,Dazon Ingram
/cbb/players/denzel-ingram-1.html,Denzel Ingram
/cbb/players/donte-ingram-1.html,Donte Ingram
/cbb/players/elijah-ingram-1.html,Elijah Ingram
/cbb/players/frank-ingram-1.html,Frank Ingram
/cbb/players/harrison-ingram-1.html,Harrison Ingram
/cbb/players/jack-ingram-1.html,Jack Ingram
/cbb/players/jailyn-ingram-1.html,Jailyn Ingram
/cbb/players/jeremiah-ingram-1.html,Jeremiah Ingram
/cbb/players/jeremy-ingram-1.html,Jeremy Ingram
/cbb/players/jeremy-ingram-2.html,Jeremy Ingram
/cbb/players/jeremy-ingram-3.html,Jeremy Ingram
/cbb/players/jordan-ingram-1.html,Jordan Ingram
/cbb/players/julius-ingram-1.html,Julius Ingram
/cbb/players/justin-ingram-1.html,Justin Ingram
/cbb/players/keyon-ingram-1.html,Keyon Ingram
/cbb/players/kyle-ingram-1.html,Kyle Ingram
/cbb/players/kyle-ingram-2.html,Kyle Ingram
/cbb/players/lawrence-ingram-1.html,Lawrence Ingram
/cbb/players/marquel-ingram-1.html,Marquel Ingram
/cbb/players/maurice-ingram-1.html,Maurice Ingram
/cbb/players/michael-ingram-1.html,Michael Ingram
/cbb/players/michael-ingram-3.html,Michael Ingram
/cbb/players/mike-ingram-1.html,Mike Ingram
/cbb/players/mike-ingram-2.html,Mike Ingram
/cbb/players/nehemiah-ingram-1.html,Nehemiah Ingram
/cbb/players/norm-ingram-1.html,Norm Ingram
/cbb/players/patrick-ingram-1.html,Patrick Ingram
/cbb/players/ray-ingram-1.html,Ray Ingram
/cbb/players/reggie-ingram-1.html,Reggie Ingram
/cbb/players/shaunvanta-ingram-1.html,Shaunvanta Ingram
/cbb/players/terrell-ingram-1.html,Terrell Ingram
/cbb/players/terrence-ingram-1.html,Terrence Ingram
/cbb/players/tory-ingram-1.html,Tory Ingram
/cbb/players/travis-ingram-1.html,Travis Ingram
/cbb/players/vashon-ingram-1.html,Vashon Ingram
/cbb/players/vincent-ingram-1.html,Vincent Ingram
/cbb/players/_-ingram-4.html,_ Ingram
/cbb/players/christian-ings-1.html,Christian Ings
/cbb/players/josh-inkumsah-1.html,Josh Inkumsah
/cbb/players/frank-inman-1.html,Frank Inman
/cbb/players/george-inman-1.html,George Inman
/cbb/players/james-inman-1.html,James Inman
/cbb/players/jeff-inman-1.html,Jeff Inman
/cbb/players/jonathan-inman-1.html,Jonathan Inman
/cbb/players/jr-inman-1.html,JR Inman
/cbb/players/mike-inman-1.html,Mike Inman
/cbb/players/robert-inman-1.html,Robert Inman
/cbb/players/stu-inman-1.html,Stu Inman
/cbb/players/tom-inman-1.html,Tom Inman
/cbb/players/travis-inman-1.html,Travis Inman
/cbb/players/wayland-inman-1.html,Wayland Inman
/cbb/players/_-inman-1.html,_ Inman
/cbb/players/billy-inmon-1.html,Billy Inmon
/cbb/players/erv-inniger-1.html,Erv Inniger
/cbb/players/al-inniss-1.html,Al Inniss
/cbb/players/warren-inniss-1.html,Warren Inniss
/cbb/players/bernard-innocent-1.html,Bernard Innocent
/cbb/players/harry-innocenti-1.html,Harry Innocenti
/cbb/players/mike-inselmann-1.html,Mike Inselmann
/cbb/players/travis-inskeep-1.html,Travis Inskeep
/cbb/players/patrick-inyard-1.html,Patrick Inyard
/cbb/players/ruslan-inyatkin-1.html,Ruslan Inyatkin
/cbb/players/tony-ioane-1.html,Tony Ioane
/cbb/players/alex-ionesco-1.html,Alex Ionesco
/cbb/players/eddie-ionescu-1.html,Eddy Ionescu
/cbb/players/sam-iorio-1.html,Sam Iorio
/cbb/players/sam-iorio-2.html,Sam Iorio
/cbb/players/bob-ipsen-1.html,Bob Ipsen
/cbb/players/cortez-irby-1.html,Cortez Irby
/cbb/players/david-irby-1.html,David Irby
/cbb/players/anthony-ireland-1.html,Anthony Ireland
/cbb/players/anthony-ireland-2.html,Anthony Ireland
/cbb/players/arthur-ireland-1.html,Arthur Ireland
/cbb/players/byron-ireland-1.html,Byron Ireland
/cbb/players/charles-ireland-1.html,Charles Ireland
/cbb/players/frank-ireland-1.html,Frank Ireland
/cbb/players/mike-ireland-1.html,Mike Ireland
/cbb/players/tim-ireland-1.html,Tim Ireland
/cbb/players/jamie-irick-1.html,Jamie Irick
/cbb/players/steve-irion-1.html,Steve Irion
/cbb/players/adam-irish-1.html,Adam Irish
/cbb/players/colin-irish-1.html,Colin Irish
/cbb/players/trever-irish-1.html,Trever Irish
/cbb/players/jose-irizarry-1.html,Jose Irizarry
/cbb/players/_-irmas-1.html,_ Irmas
/cbb/players/chuks-iroegbu-1.html,Chuks Iroegbu
/cbb/players/ike-iroegbu-1.html,Ike Iroegbu
/cbb/players/uc-iroegbu-1.html,UC Iroegbu
/cbb/players/willie-irons-1.html,Willie Irons
/cbb/players/_-irons-1.html,_ Irons
/cbb/players/ventura-irrobali-1.html,Ventura Irrobali
/cbb/players/fred-iruafemi-1.html,Fred Iruafemi
/cbb/players/byron-irvin-1.html,Byron Irvin
/cbb/players/fess-irvin-2.html,Fess Irvin
/cbb/players/franklyn-irvin-1.html,Franklyn Irvin
/cbb/players/george-irvin-1.html,George Irvin
/cbb/players/james-irvin-1.html,James Irvin
/cbb/players/lance-irvin-1.html,Lance Irvin
/cbb/players/mcglother-irvin-1.html,McGlother Irvin
/cbb/players/nick-irvin-1.html,Nick Irvin
/cbb/players/ray-irvin-1.html,Ray Irvin
/cbb/players/roy-irvin-1.html,Roy Irvin
/cbb/players/tommy-irvin-1.html,Tommy Irvin
/cbb/players/zak-irvin-1.html,Zak Irvin
/cbb/players/earle-irvine-1.html,Earle Irvine
/cbb/players/george-irvine-1.html,George Irvine
/cbb/players/jaime-irvine-1.html,Jaime Irvine
/cbb/players/albert-irving-1.html,Albert Irving
/cbb/players/dj-irving-1.html,D.J. Irving
/cbb/players/drederick-irving-1.html,Drederick Irving
/cbb/players/elden-irving-1.html,Elden Irving
/cbb/players/jim-irving-1.html,Jim Irving
/cbb/players/john-irving-1.html,John Irving
/cbb/players/kyrie-irving-1.html,Kyrie Irving
/cbb/players/leon-irving-1.html,Leon Irving
/cbb/players/martavious-irving-1.html,Martavious Irving
/cbb/players/michael-irving-1.html,Michael Irving
/cbb/players/wayne-irving-1.html,Wayne Irving
/cbb/players/bryant-irwin-1.html,Bryant Irwin
/cbb/players/clark-irwin-1.html,Clark Irwin
/cbb/players/dwayne-irwin-1.html,Dwayne Irwin
/cbb/players/john-irwin-1.html,John Irwin
/cbb/players/lawrence-irwin-1.html,Lawrence Irwin
/cbb/players/logan-irwin-1.html,Logan Irwin
/cbb/players/pete-irwin-1.html,Pete Irwin
/cbb/players/gabe-isaac-1.html,Gabe Isaac
/cbb/players/john-isaac-1.html,John  Isaac
/cbb/players/jonathan-isaac-1.html,Jonathan Isaac
/cbb/players/leon-isaac-1.html,Leon Isaac
/cbb/players/reggie-isaac-1.html,Reggie Isaac
/cbb/players/todd-isaac-1.html,Todd Isaac
/cbb/players/warren-isaac-1.html,Warren Isaac
/cbb/players/carl-isaacs-1.html,Carl Isaacs
/cbb/players/daniel-isaacs-1.html,Daniel Isaacs
/cbb/players/garvin-isaacs-1.html,Garvin Isaacs
/cbb/players/larry-isaacs-1.html,Larry Isaacs
/cbb/players/steve-isaacs-1.html,Steve Isaacs
/cbb/players/wayne-isaacs-1.html,Wayne Isaacs
/cbb/players/dave-isaacson-1.html,Dave Isaacson
/cbb/players/richard-isaacson-1.html,Richard Isaacson
/cbb/players/ryan-isaacson-1.html,Ryan Isaacson
/cbb/players/conrad-isaak-1.html,Conrad Isaak
/cbb/players/gene-isabell-1.html,Gene Isabell
/cbb/players/tramaine-isabell-1.html,Tramaine Isabell
/cbb/players/kenyatta-isable-1.html,Kenyatta Isable
/cbb/players/aleksandar-isailovic-1.html,Aleksandar Isailovic
/cbb/players/dennis-isbell-1.html,Dennis Isbell
/cbb/players/deangelo-isby-1.html,DeAngelo Isby
/cbb/players/alex-iseghohi-1.html,Alex Iseghohi
/cbb/players/john-isembarger-1.html,John Isembarger
/cbb/players/jack-isenbarger-1.html,Jack Isenbarger
/cbb/players/phil-isenbarger-1.html,Phil Isenbarger
/cbb/players/don-isenberg-1.html,Don Isenberg
/cbb/players/larry-isenberg-1.html,Larry Isenberg
/cbb/players/jack-isenhour-1.html,Jack Isenhour
/cbb/players/mike-isenhour-1.html,Mike Isenhour
/cbb/players/mick-isgrigg-1.html,Mick Isgrigg
/cbb/players/justin-isham-1.html,Justin Isham
/cbb/players/mat-ishbia-1.html,Mat Ishbia
/cbb/players/love-ishie-1.html,Love Ishie
/cbb/players/charles-ishmael-1.html,Charles Ishmael
/cbb/players/demarcus-ishmeal-1.html,DeMarcus Ishmeal
/cbb/players/theatric-ishmon-1.html,Theatric Ishmon
/cbb/players/brian-ishola-1.html,Brian Ishola
/cbb/players/tarre-isiah-1.html,Tarre Isiah
/cbb/players/willy-isiani-1.html,Willy Isiani
/cbb/players/johnson-isidore-1.html,Johnson Isidore
/cbb/players/chuks-isitua-1.html,Chuks Isitua
/cbb/players/tim-island-1.html,Tim Island
/cbb/players/bud-islas-1.html,Bud Islas
/cbb/players/oscar-islas-1.html,Oscar Islas
/cbb/players/leroy-isler-1.html,Leroy Isler
/cbb/players/michael-isler-1.html,Michael Isler
/cbb/players/david-isles-1.html,David Isles
/cbb/players/nelson-isley-2.html,Nelson Isley
/cbb/players/ahmed-ismail-1.html,Ahmed Ismail
/cbb/players/sami-ismail-1.html,Sami Ismail
/cbb/players/mack-isner-1.html,Mack Isner
/cbb/players/mareik-isom-1.html,Mareik Isom
/cbb/players/ryan-isom-1.html,Ryan Isom
/cbb/players/_-isom-2.html,_ Isom
/cbb/players/joseph-ison-1.html,Joseph Ison
/cbb/players/keith-ison-1.html,Keith Ison
/cbb/players/kevin-israel-1.html,Kevin Israel
/cbb/players/cole-israelson-1.html,Cole Israelson
/cbb/players/omari-isreal-1.html,Omari Isreal
/cbb/players/morece-issac-1.html,Morece Issac
/cbb/players/tom-issac-1.html,Tom Issac
/cbb/players/rick-issanza-1.html,Rick Issanza
/cbb/players/dan-issel-1.html,Dan Issel
/cbb/players/danny-italiano-1.html,Danny Italiano
/cbb/players/vicente-ithier-1.html,Vicente Ithier
/cbb/players/martin-iti-1.html,Martin Iti
/cbb/players/taishi-ito-1.html,Taishi Ito
/cbb/players/sammy-itodo-1.html,Sammy Itodo
/cbb/players/_-itshin-1.html,_ Itshin
/cbb/players/bob-ittner-1.html,Bob Ittner
/cbb/players/jao-ituka-1.html,Jao Ituka
/cbb/players/antxon-iturbe-1.html,Antxon Iturbe
/cbb/players/iker-iturbe-1.html,Iker Iturbe
/cbb/players/joseph-iupe-1.html,Joseph Iupe
/cbb/players/joe-iurato-1.html,Joe Iurato
/cbb/players/mike-iuzzolino-1.html,Mike Iuzzolino
/cbb/players/mike-iuzzolino-2.html,Mike Iuzzolino
/cbb/players/larry-ivan-1.html,Larry Ivan
/cbb/players/rapolas-ivanauskas-1.html,Rapolas Ivanauskas
/cbb/players/nenad-ivancevic-1.html,Nenad Ivancevic
/cbb/players/paul-ivancic-1.html,Paul Ivancic
/cbb/players/ilija-ivankovic-1.html,Ilija Ivankovic
/cbb/players/dan-ivankovich-1.html,Dan Ivankovich
/cbb/players/uros-ivanovic-1.html,Uros Ivanovic
/cbb/players/vuk-ivanovic-1.html,Vuk Ivanovic
/cbb/players/chip-ivany-1.html,Chip Ivany
/cbb/players/dusko-ivaz-1.html,Dusko Ivaz
/cbb/players/jeramy-ivener-1.html,Jeramy Ivener
/cbb/players/bernie-ivens-1.html,Bernie Ivens
/cbb/players/chris-iversen-1.html,Chris Iversen
/cbb/players/ryan-iversen-1.html,Ryan Iversen
/cbb/players/allen-iverson-1.html,Allen Iverson
/cbb/players/bob-iverson-1.html,Bob Iverson
/cbb/players/bruce-iverson-1.html,Bruce Iverson
/cbb/players/casey-iverson-1.html,Casey Iverson
/cbb/players/colton-iverson-1.html,Colton Iverson
/cbb/players/dean-iverson-1.html,Dean Iverson
/cbb/players/james-iverson-1.html,James Iverson
/cbb/players/jim-iverson-1.html,Jim Iverson
/cbb/players/kevin-iverson-1.html,Kevin Iverson
/cbb/players/khalil-iverson-1.html,Khalil Iverson
/cbb/players/kuran-iverson-1.html,Kuran Iverson
/cbb/players/marcus-iverson-1.html,Marcus Iverson
/cbb/players/milt-iverson-1.html,Milt Iverson
/cbb/players/_-iverson-2.html,_ Iverson
/cbb/players/darryl-ivery-1.html,Darryl Ivery
/cbb/players/kavante-ivery-1.html,Kavante Ivery
/cbb/players/kavonte-ivery-1.html,Kavonte Ivery
/cbb/players/terry-ivery-1.html,Terry Ivery
/cbb/players/thai-ivery-1.html,Thai Ivery
/cbb/players/willie-ivery-1.html,Willie Ivery
/cbb/players/kealen-ives-1.html,Kealen Ives
/cbb/players/mike-ivester-1.html,Mike Ivester
/cbb/players/bill-ivey-1.html,Bill Ivey
/cbb/players/brae-ivey-1.html,Brae Ivey
/cbb/players/bryant-ivey-1.html,Bryant Ivey
/cbb/players/chuckie-ivey-1.html,Chuckie Ivey
/cbb/players/cleveland-ivey-1.html,Cleveland Ivey
/cbb/players/danny-ivey-1.html,Danny Ivey
/cbb/players/isaiah-ivey-1.html,Isaiah Ivey
/cbb/players/jaden-ivey-1.html,Jaden Ivey
/cbb/players/jason-ivey-1.html,Jason Ivey
/cbb/players/jeb-ivey-1.html,Jeb Ivey
/cbb/players/jimond-ivey-1.html,Jimond Ivey
/cbb/players/marty-ivey-1.html,Marty Ivey
/cbb/players/robert-ivey-1.html,Robert Ivey
/cbb/players/royal-ivey-1.html,Royal Ivey
/cbb/players/tom-ivey-1.html,Tom Ivey
/cbb/players/kyle-ivey-jones-1.html,Kyle Ivey-Jones
/cbb/players/jt-ivie-1.html,J.T. Ivie
/cbb/players/paolo-ivis-1.html,Paolo Ivis
/cbb/players/ron-ivkovich-1.html,Ron Ivkovich
/cbb/players/walter-ivkovich-1.html,Walter Ivkovich
/cbb/players/anthony-ivory-1.html,Anthony Ivory
/cbb/players/donovan-ivory-1.html,Donovan Ivory
/cbb/players/george-ivory-1.html,George Ivory
/cbb/players/george-ivoryiii-1.html,George Ivory
/cbb/players/jacob-ivory-1.html,Jacob Ivory
/cbb/players/joe-ivory-1.html,Joe Ivory
/cbb/players/josh-ivory-1.html,Josh Ivory
/cbb/players/kirkland-ivory-1.html,Kirkland Ivory
/cbb/players/preston-ivory-1.html,Preston Ivory
/cbb/players/terrell-ivory-1.html,Terrell Ivory
/cbb/players/titus-ivory-1.html,Titus Ivory
/cbb/players/tre-ivory-1.html,Tre' Ivory
/cbb/players/troy-ivory-1.html,Troy Ivory
/cbb/players/willie-ivory-1.html,Willie Ivory
/cbb/players/andre-ivy-1.html,Andre Ivy
/cbb/players/hercle-ivy-1.html,Hercle Ivy
/cbb/players/james-ivy-1.html,James Ivy
/cbb/players/marques-ivy-1.html,Marques Ivy
/cbb/players/moraye-ivy-1.html,Moraye Ivy
/cbb/players/robert-ivy-1.html,Robert Ivy
/cbb/players/sam-ivy-1.html,Sam Ivy
/cbb/players/ty-ivy-1.html,Ty Ivy
/cbb/players/jordan-ivy-curry-1.html,Jordan Ivy-Curry
/cbb/players/ron-iwema-1.html,Ron Iwema
/cbb/players/victor-iwuakor-1.html,Victor Iwuakor
/cbb/players/wesley-iwundu-1.html,Wesley Iwundu
/cbb/players/adokiye-iyaye-1.html,Adokiye Iyaye
/cbb/players/otas-iyekekpolor-1.html,Otas Iyekekpolor
/cbb/players/zach-iyeyemi-1.html,Zach Iyeyemi
/cbb/players/abayomi-iyiola-1.html,Abayomi Iyiola
/cbb/players/tegra-izay-1.html,Tegra Izay
/cbb/players/glen-izevbigie-1.html,Glen Izevbigie
/cbb/players/osa-izevbuwa-1.html,Osa Izevbuwa
/cbb/players/cedric-izilein-1.html,Cedric Izilein
/cbb/players/derrick-izilein-1.html,Derrick Izilein
/cbb/players/chuck-izor-1.html,Chuck Izor
/cbb/players/mike-izquierdo-1.html,Mike Izquierdo
/cbb/players/emmanuel-izunabor-1.html,Emmanuel Izunabor
/cbb/players/ebuka-izundu-1.html,Ebuka Izundu
/cbb/players/valentine-izundu-1.html,Valentine Izundu
/cbb/players/louis-izurgo-1.html,Louis Izurgo
/cbb/players/kenny-izzo-1.html,Kenny Izzo
/cbb/players/mario-izzo-1.html,Mario Izzo
/cbb/players/steven-izzo-1.html,Steven Izzo
/cbb/players/j-izzolo-1.html,J Izzolo
