url,name
/cbb/players/jim-obanion-1.html,Jim O'Banion
/cbb/players/kenny-obanner-1.html,Kenny O'Banner
/cbb/players/samuel-obanner-1.html,Samuel O'Banner
/cbb/players/_-obanner-2.html,_ O'Banner
/cbb/players/charles-obannon-1.html,Charles O'Bannon
/cbb/players/charles-obannonjr-1.html,Chuck O'Bannon
/cbb/players/ed-obannon-1.html,Ed O'Bannon
/cbb/players/jimmy-obannon-1.html,Jimmy O'Bannon
/cbb/players/larry-obannon-1.html,Larry O'Bannon
/cbb/players/bob-obillovich-1.html,Bob O'Billovich
/cbb/players/jim-obook-1.html,Jim O'Book
/cbb/players/john-oboyle-1.html,John O'Boyle
/cbb/players/leo-oboyle-1.html,Leo O'Boyle
/cbb/players/matt-oboyle-1.html,Matt O'Boyle
/cbb/players/_-oboyle-2.html,_ O'Boyle
/cbb/players/john-obrian-1.html,John O'Brian
/cbb/players/charles-obriant-1.html,Charles O'Briant
/cbb/players/al-obrien-1.html,Al O'Brien
/cbb/players/bill-obrien-1.html,Bill O'Brien
/cbb/players/bill-obrien-3.html,Bill O'Brien
/cbb/players/bill-obrien-4.html,Bill O'Brien
/cbb/players/bill-obrien-6.html,Bill O'Brien
/cbb/players/bob-obrien-1.html,Bob O'Brien
/cbb/players/bob-obrien-2.html,Bob O'Brien
/cbb/players/brendan-obrien-1.html,Brendan O'Brien
/cbb/players/chris-obrien-1.html,Chris O'Brien
/cbb/players/chris-obrien-2.html,Chris O'Brien
/cbb/players/cory-obrien-1.html,Cory O'Brien
/cbb/players/dennis-obrien-1.html,Dennis O'Brien
/cbb/players/dick-obrien-1.html,Dick O'Brien
/cbb/players/ed-obrien-2.html,Ed O'Brien
/cbb/players/eddie-obrien-1.html,Eddie O'Brien
/cbb/players/frank-obrien-1.html,Frank O'Brien
/cbb/players/frank-obrien-2.html,Frank O'Brien
/cbb/players/fred-obrien-1.html,Fred O'Brien
/cbb/players/gene-obrien-1.html,Gene O'Brien
/cbb/players/george-obrien-2.html,George O'Brien
/cbb/players/grant-obrien-1.html,Grant O'Brien
/cbb/players/jj-obrien-1.html,J.J. O'Brien
/cbb/players/jake-obrien-1.html,Jake O'Brien
/cbb/players/james-obrien-1.html,James O'Brien
/cbb/players/jerry-obrien-1.html,Jerry O'Brien
/cbb/players/jerry-obrien-2.html,Jerry O'Brien
/cbb/players/jim-obrien-1.html,Jim O'Brien
/cbb/players/jim-obrien-10.html,Jim O'Brien
/cbb/players/jim-obrien-2.html,Jim O'Brien
/cbb/players/jim-obrien-4.html,Jim O'Brien
/cbb/players/jim-obrien-6.html,Jim O'Brien
/cbb/players/jim-obrien-7.html,Jim O'Brien
/cbb/players/john-obrien-1.html,John O'Brien
/cbb/players/john-obrien-2.html,John O'Brien
/cbb/players/johnny-obrien-1.html,Johnny O'Brien
/cbb/players/johnny-obrien-2.html,Johnny O'Brien
/cbb/players/kerry-obrien-1.html,Kerry O'Brien
/cbb/players/kevin-obrien-1.html,Kevin O'Brien
/cbb/players/kevin-obrien-2.html,Kevin O'Brien
/cbb/players/leroi-obrien-1.html,LeRoi O'Brien
/cbb/players/lucas-obrien-1.html,Lucas O'Brien
/cbb/players/luke-obrien-1.html,Luke O'Brien
/cbb/players/matt-obrien-1.html,Matt O'Brien
/cbb/players/mike-obrien-2.html,Mike O'Brien
/cbb/players/mike-obrien-3.html,Mike O'Brien
/cbb/players/mike-obrien-4.html,Mike O'Brien
/cbb/players/nick-obrien-1.html,Nick O'Brien
/cbb/players/pat-obrien-1.html,Pat O'Brien
/cbb/players/ralph-obrien-1.html,Ralph O'Brien
/cbb/players/robert-obrien-1.html,Robert O'Brien
/cbb/players/sean-obrien-2.html,Sean O'Brien
/cbb/players/sean-obrien-1.html,Sean O'Brien
/cbb/players/steve-obrien-1.html,Steve O'Brien
/cbb/players/t-obrien-2.html,T O'Brien
/cbb/players/terry-obrien-1.html,Terry O'Brien
/cbb/players/tim-obrien-1.html,Tim O'Brien
/cbb/players/todd-obrien-1.html,Todd O'Brien
/cbb/players/tom-obrien-1.html,Tom O'Brien
/cbb/players/we-obrien-1.html,W.E. O'Brien
/cbb/players/ww-obrien-1.html,W.W. O'Brien
/cbb/players/william-obrien-1.html,William O'Brien
/cbb/players/_-obrien-8.html,_ O'Brien
/cbb/players/_-obrien-9.html,_ O'Brien
/cbb/players/derek-obryan-1.html,Derek O'Bryan
/cbb/players/lee-obryan-1.html,Lee O'Bryan
/cbb/players/michael-obryan-1.html,Michael O'Bryan
/cbb/players/robbie-obryan-1.html,Robbie O'Bryan
/cbb/players/darrin-obryant-1.html,Darrin O'Bryant
/cbb/players/eathan-obryant-1.html,Eathan O'Bryant
/cbb/players/johnny-obryant-1.html,Johnny O'Bryant
/cbb/players/orin-obryant-1.html,Orin O'Bryant
/cbb/players/patrick-obryant-1.html,Patrick O'Bryant
/cbb/players/alex-oconnell-1.html,Alex O'Connell
/cbb/players/andrew-oconnell-1.html,Andrew O'Connell
/cbb/players/andy-oconnell-1.html,Andy O'Connell
/cbb/players/bob-oconnell-1.html,Bob O'Connell
/cbb/players/brady-oconnell-1.html,Brady O'Connell
/cbb/players/brian-oconnell-1.html,Brian O'Connell
/cbb/players/buzz-oconnell-1.html,Buzz O'Connell
/cbb/players/dave-oconnell-1.html,Dave O'Connell
/cbb/players/dermott-oconnell-1.html,Dermott O'Connell
/cbb/players/dick-oconnell-1.html,Dick O'Connell
/cbb/players/gene-oconnell-1.html,Gene O'Connell
/cbb/players/hugh-oconnell-1.html,Hugh O'Connell
/cbb/players/jacob-oconnell-1.html,Jacob O'Connell
/cbb/players/jamie-oconnell-1.html,Jamie O'Connell
/cbb/players/jim-oconnell-3.html,Jim O'Connell
/cbb/players/jim-oconnell-4.html,Jim O'Connell
/cbb/players/jim-oconnell-1.html,Jim O'Connell
/cbb/players/jim-oconnell-2.html,Jim O'Connell
/cbb/players/john-oconnell-1.html,John O'Connell
/cbb/players/john-oconnell-2.html,John O'Connell
/cbb/players/john-oconnell-3.html,John O'Connell
/cbb/players/keith-oconnell-1.html,Keith O'Connell
/cbb/players/lee-oconnell-1.html,Lee O'Connell
/cbb/players/michael-oconnell-2.html,Michael O'Connell
/cbb/players/michael-oconnell-3.html,Michael O'Connell
/cbb/players/mike-oconnell-2.html,Mike O'Connell
/cbb/players/mike-oconnell-3.html,Mike O'Connell
/cbb/players/ned-oconnell-1.html,Ned O'Connell
/cbb/players/robert-oconnell-1.html,Robert O'Connell
/cbb/players/shawn-oconnell-1.html,Shawn O'Connell
/cbb/players/thomas-oconnell-1.html,Thomas O'Connell
/cbb/players/tim-oconnell-3.html,Tim O'Connell
/cbb/players/tim-oconnell-1.html,Tim O'Connell
/cbb/players/tim-oconnell-2.html,Tim O'Connell
/cbb/players/cameron-oconner-1.html,Cameron O'Conner
/cbb/players/john-oconner-1.html,John O'Conner
/cbb/players/_-oconnir-1.html,_ O'Connir
/cbb/players/bill-oconnor-2.html,Bill O'Connor
/cbb/players/bob-oconnor-1.html,Bob O'Connor
/cbb/players/chris-oconnor-1.html,Chris O'Connor
/cbb/players/dominique-oconnor-1.html,Dominique O'Connor
/cbb/players/ed-oconnor-1.html,Ed O'Connor
/cbb/players/greg-oconnor-1.html,Greg O'Connor
/cbb/players/jack-oconnor-1.html,Jack O'Connor
/cbb/players/jack-oconnor-2.html,Jack O'Connor
/cbb/players/jeff-oconnor-1.html,Jeff O'Connor
/cbb/players/jim-oconnor-1.html,Jim O'Connor
/cbb/players/jim-oconnor-2.html,Jim O'Connor
/cbb/players/jim-oconnor-3.html,Jim O'Connor
/cbb/players/joey-oconnor-1.html,Joey O'Connor
/cbb/players/john-oconnor-1.html,John O'Connor
/cbb/players/john-oconnor-2.html,John O'Connor
/cbb/players/john-oconnor-3.html,John O'Connor
/cbb/players/john-oconnor-4.html,John O'Connor
/cbb/players/lane-oconnor-1.html,Lane O'Connor
/cbb/players/larry-oconnor-1.html,Larry O'Connor
/cbb/players/martin-oconnor-1.html,Martin O'Connor
/cbb/players/marvin-oconnor-1.html,Marvin O'Connor
/cbb/players/matt-oconnor-1.html,Matt O'Connor
/cbb/players/matt-oconnor-2.html,Matt O'Connor
/cbb/players/matt-oconnor-3.html,Matt O'Connor
/cbb/players/michael-oconnor-1.html,Michael O'Connor
/cbb/players/patrick-oconnor-1.html,Patrick O'Connor
/cbb/players/pete-oconnor-1.html,Pete O'Connor
/cbb/players/richie-oconnor-1.html,Richie O'Connor
/cbb/players/tom-oconnor-2.html,Tom O'Connor
/cbb/players/tom-oconnor-3.html,Tom O'Connor
/cbb/players/tom-oconnor-4.html,Tom O'Connor
/cbb/players/_-oconnor-1.html,_ O'Connor
/cbb/players/_-oconnor-4.html,_ O'Connor
/cbb/players/rob-oconor-1.html,Rob O'Conor
/cbb/players/curt-odaniel-1.html,Curt O'Daniel
/cbb/players/noah-odaniel-1.html,Noah O'Daniel
/cbb/players/ethan-oday-1.html,Ethan O'Day
/cbb/players/jim-odea-2.html,Jim O'Dea
/cbb/players/pete-odea-1.html,Pete O'Dea
/cbb/players/thomas-odea-1.html,Thomas O'Dea
/cbb/players/tom-odea-1.html,Tom O'Dea
/cbb/players/jon-odell-1.html,Jon O'Dell
/cbb/players/lyle-odell-1.html,Lyle O'Dell
/cbb/players/mike-odell-1.html,Mike O'Dell
/cbb/players/robert-odell-1.html,Robert O'Dell
/cbb/players/alec-odoherty-1.html,Alec O'Doherty
/cbb/players/shane-odoherty-1.html,Shane O'Doherty
/cbb/players/bill-odonald-1.html,Bill O'Donald
/cbb/players/andy-odonnell-1.html,Andy O'Donnell
/cbb/players/ben-odonnell-2.html,Ben O'Donnell
/cbb/players/bob-odonnell-1.html,Bob O'Donnell
/cbb/players/bud-odonnell-1.html,Bud O'Donnell
/cbb/players/buddy-odonnell-1.html,Buddy O'Donnell
/cbb/players/charlie-odonnell-1.html,Charlie O'Donnell
/cbb/players/dan-odonnell-1.html,Dan O'Donnell
/cbb/players/drew-odonnell-1.html,Drew O'Donnell
/cbb/players/jack-odonnell-1.html,Jack O'Donnell
/cbb/players/james-odonnell-1.html,James O'Donnell
/cbb/players/jim-odonnell-1.html,Jim O'Donnell
/cbb/players/jim-odonnell-2.html,Jim O'Donnell
/cbb/players/john-odonnell-2.html,John O'Donnell
/cbb/players/len-odonnell-1.html,Len O'Donnell
/cbb/players/michael-odonnell-1.html,Michael O'Donnell
/cbb/players/mike-odonnell-1.html,Mike O'Donnell
/cbb/players/mike-odonnell-2.html,Mike O'Donnell
/cbb/players/pat-odonnell-1.html,Pat O'Donnell
/cbb/players/thomas-odonnell-1.html,Thomas O'Donnell
/cbb/players/tom-odonnell-1.html,Tom O'Donnell
/cbb/players/terrance-odonohue-1.html,Terrance O'Donohue
/cbb/players/bill-odowd-1.html,Bill O'Dowd
/cbb/players/dick-odriscoll-1.html,Dick O'Driscoll
/cbb/players/john-odwyer-1.html,John O'Dwyer
/cbb/players/maurice-ofield-1.html,Maurice O'Field
/cbb/players/james-oflaherty-1.html,James O'Flaherty
/cbb/players/george-ogarro-1.html,George O'Garro
/cbb/players/josh-ogarro-1.html,Josh O'Garro
/cbb/players/tyrone-ogarro-1.html,Tyrone O'Garro
/cbb/players/paul-ogorek-1.html,Paul O'Gorek
/cbb/players/chris-ogorman-1.html,Chris O'Gorman
/cbb/players/chris-ogorman-2.html,Chris O'Gorman
/cbb/players/ted-ogorman-2.html,Ted O'Gorman
/cbb/players/ted-ogorman-1.html,Ted O'Gorman
/cbb/players/frank-ogrady-1.html,Frank O'Grady
/cbb/players/mike-ogrady-1.html,Mike O'Grady
/cbb/players/ed-ohaire-1.html,Ed O'Haire
/cbb/players/_-ohaire-1.html,_ O'Haire
/cbb/players/jim-ohalloran-1.html,Jim O'Halloran
/cbb/players/tom-ohalloran-1.html,Tom O'Halloran
/cbb/players/_-ohalloran-3.html,_ O'Halloran
/cbb/players/robbie-ohan-1.html,Robbie O'Han
/cbb/players/fran-ohanlon-1.html,Fran O'Hanlon
/cbb/players/fran-ohara-1.html,Fran O'Hara
/cbb/players/francis-ohara-1.html,Francis O'Hara
/cbb/players/hugh-ohara-1.html,Hugh O'Hara
/cbb/players/john-ohara-1.html,John O'Hara
/cbb/players/mike-ohara-1.html,Mike O'Hara
/cbb/players/ryan-ohara-1.html,Ryan O'Hara
/cbb/players/scott-ohara-1.html,Scott O'Hara
/cbb/players/tom-ohara-1.html,Tom O'Hara
/cbb/players/_-ohara-2.html,_ O'Hara
/cbb/players/joe-ohare-1.html,Joe O'Hare
/cbb/players/mike-ohare-1.html,Mike O'Hare
/cbb/players/dylan-ohearn-1.html,Dylan O'Hearn
/cbb/players/bernie-okeefe-1.html,Bernie O'Keefe
/cbb/players/h-okeefe-1.html,Hank O'Keefe
/cbb/players/jim-okeefe-1.html,Jim O'Keefe
/cbb/players/john-okeefe-1.html,John O'Keefe
/cbb/players/john-okeefe-2.html,John O'Keefe
/cbb/players/kevin-okeefe-1.html,Kevin O'Keefe
/cbb/players/mike-okeefe-1.html,Mike O'Keefe
/cbb/players/mike-okeefe-2.html,Mike O'Keefe
/cbb/players/pat-okeefe-1.html,Pat O'Keefe
/cbb/players/regis-okeefe-1.html,Regis O'Keefe
/cbb/players/sean-okeefe-1.html,Sean O'Keefe
/cbb/players/t-okeefe-3.html,T O'Keefe
/cbb/players/tim-okeefe-1.html,Tim O'Keefe
/cbb/players/tom-okeefe-2.html,Tom O'Keefe
/cbb/players/herschel-okelley-1.html,Herschel O'Kelley
/cbb/players/robert-okelley-1.html,Robert O'Kelley
/cbb/players/terrance-okelley-1.html,Terrance O'Kelley
/cbb/players/mike-okoren-1.html,Mike O'Koren
/cbb/players/dan-olaughlin-1.html,Dan O'Laughlin
/cbb/players/aaron-oleary-1.html,Aaron O'Leary
/cbb/players/bill-oleary-1.html,Bill O'Leary
/cbb/players/dan-oleary-1.html,Dan O'Leary
/cbb/players/don-oleary-1.html,Don O'Leary
/cbb/players/ian-oleary-1.html,Ian O'Leary
/cbb/players/jim-oleary-1.html,Jim O'Leary
/cbb/players/matt-oleary-1.html,Matt O'Leary
/cbb/players/pat-oleary-1.html,Pat O'Leary
/cbb/players/ryan-oleary-1.html,Ryan O'Leary
/cbb/players/terry-oleary-1.html,Terry O'Leary
/cbb/players/_-olee-1.html,_ O'Lee
/cbb/players/paul-oliney-1.html,Paul O'Liney
/cbb/players/brian-oloughlin-1.html,Brian O'Loughlin
/cbb/players/rob-oloughlin-1.html,Rob O'Loughlin
/cbb/players/rob-olouhghlin-1.html,Rob O'Louhghlin
/cbb/players/fran-omalley-1.html,Fran O'Malley
/cbb/players/grady-omalley-1.html,Grady O'Malley
/cbb/players/hugh-omalley-1.html,Hugh O'Malley
/cbb/players/jack-omalley-1.html,Jack O'Malley
/cbb/players/john-omalley-1.html,John O'Malley
/cbb/players/john-omalley-2.html,John O'Malley
/cbb/players/mark-omalley-1.html,Mark O'Malley
/cbb/players/pat-omalley-1.html,Pat O'Malley
/cbb/players/patrick-omalley-1.html,Patrick O'Malley
/cbb/players/_-omalley-1.html,_ O'Malley
/cbb/players/brian-omara-1.html,Brian O'Mara
/cbb/players/sean-omara-1.html,Sean O'Mara
/cbb/players/tim-omara-1.html,Tim O'Mara
/cbb/players/tom-omara-1.html,Tom O'Mara
/cbb/players/jim-omeara-1.html,Jim O'Meara
/cbb/players/john-omeara-1.html,John O'Meara
/cbb/players/michael-omelia-1.html,Michael O'Melia
/cbb/players/d-omohundro-1.html,D. O'Mohundro
/cbb/players/alvin-oneal-1.html,Alvin O'Neal
/cbb/players/bill-oneal-1.html,Bill O'Neal
/cbb/players/boyd-oneal-1.html,Boyd O'Neal
/cbb/players/brian-oneal-1.html,Brian O'Neal
/cbb/players/casey-oneal-1.html,Casey O'Neal
/cbb/players/charles-oneal-1.html,Charles O'Neal
/cbb/players/chris-oneal-1.html,Chris O'Neal
/cbb/players/dick-oneal-1.html,Dick O'Neal
/cbb/players/gabe-oneal-1.html,Gabe O'Neal
/cbb/players/jeff-oneal-1.html,Jeff O'Neal
/cbb/players/joe-oneal-1.html,Joe O'Neal
/cbb/players/jordan-oneal-1.html,Jordan O'Neal
/cbb/players/ken-oneal-1.html,Ken O'Neal
/cbb/players/ken-oneal-2.html,Ken O'Neal
/cbb/players/kenny-oneal-1.html,Kenny O'Neal
/cbb/players/major-oneal-1.html,Major O'Neal
/cbb/players/mark-oneal-1.html,Mark O'Neal
/cbb/players/michael-oneal-1.html,Michael O'Neal
/cbb/players/renaldo-oneal-3.html,Renaldo O'Neal
/cbb/players/renaldo-oneal-1.html,Renaldo O'Neal
/cbb/players/scott-oneal-1.html,Scott O'Neal
/cbb/players/shaquille-oneal-1.html,Shaquille O'Neal
/cbb/players/shareef-oneal-1.html,Shareef O'Neal
/cbb/players/sheldon-oneal-1.html,Sheldon O'Neal
/cbb/players/tracy-oneal-1.html,Tracy O'Neal
/cbb/players/tre-oneal-1.html,Tre O'Neal
/cbb/players/wayland-oneal-1.html,Wayland O'Neal
/cbb/players/royce-oneale-1.html,Royce O'Neale
/cbb/players/chuck-oneall-1.html,Chuck O'Neall
/cbb/players/bill-oneil-1.html,Bill O'Neil
/cbb/players/bruce-oneil-2.html,Bruce O'Neil
/cbb/players/calvin-oneil-1.html,Calvin O'Neil
/cbb/players/derrick-oneil-1.html,Derrick O'Neil
/cbb/players/dwight-oneil-1.html,Dwight O'Neil
/cbb/players/edward-oneil-1.html,Edward O'Neil
/cbb/players/gerry-oneil-1.html,Gerry O'Neil
/cbb/players/jack-oneil-1.html,Jack O'Neil
/cbb/players/john-oneil-2.html,John O'Neil
/cbb/players/johnny-oneil-1.html,Johnny O'Neil
/cbb/players/matt-oneil-1.html,Matt O'Neil
/cbb/players/melvin-oneil-1.html,Melvin O'Neil
/cbb/players/nate-oneil-1.html,Nate O'Neil
/cbb/players/rory-oneil-1.html,Rory O'Neil
/cbb/players/ted-oneil-1.html,Ted O'Neil
/cbb/players/tommy-oneil-1.html,Tommy O'Neil
/cbb/players/will-oneil-1.html,Will O'Neil
/cbb/players/aaron-oneill-1.html,Aaron O'Neill
/cbb/players/ben-oneill-1.html,Ben O'Neill
/cbb/players/brian-oneill-1.html,Brian O'Neill
/cbb/players/connor-oneill-1.html,Connor O'Neill
/cbb/players/dan-oneill-1.html,Dan O'Neill
/cbb/players/dennis-oneill-1.html,Dennis O'Neill
/cbb/players/dennis-oneill-2.html,Dennis O'Neill
/cbb/players/dick-oneill-1.html,Dick O'Neill
/cbb/players/jabe-oneill-1.html,Jabe O'Neill
/cbb/players/jim-oneill-1.html,Jim O'Neill
/cbb/players/joe-oneill-1.html,Joe O'Neill
/cbb/players/joe-oneill-2.html,Joe O'Neill
/cbb/players/john-oneill-1.html,John O'Neill
/cbb/players/john-oneill-2.html,John O'Neill
/cbb/players/jon-oneill-1.html,Jon O'Neill
/cbb/players/kerry-oneill-1.html,Kerry O'Neill
/cbb/players/kevin-oneill-2.html,Kevin O'Neill
/cbb/players/larry-oneill-1.html,Larry O'Neill
/cbb/players/michael-oneill-1.html,Michael O'Neill
/cbb/players/mike-oneill-1.html,Mike O'Neill
/cbb/players/mike-oneill-2.html,Mike O'Neill
/cbb/players/mike-oneill-3.html,Mike O'Neill
/cbb/players/mike-oneill-5.html,Mike O'Neill
/cbb/players/mike-oneill-6.html,Mike O'Neill
/cbb/players/neil-oneill-1.html,Neil O'Neill
/cbb/players/steve-oneill-2.html,Steve O'Neill
/cbb/players/tom-oneill-2.html,Tom O'Neill
/cbb/players/gene-opella-1.html,Gene O'Pella
/cbb/players/beau-oquinn-1.html,Beau O'Quinn
/cbb/players/johnred-oquinn-1.html,JohnRed O'Quinn
/cbb/players/kyle-oquinn-1.html,Kyle O'Quinn
/cbb/players/lonnie-oquinn-1.html,Lonnie O'Quinn
/cbb/players/monte-oquinn-1.html,Monte O'Quinn
/cbb/players/lucas-orear-1.html,Lucas O'Rear
/cbb/players/aaron-oreggio-1.html,Aaron O'Reggio
/cbb/players/bob-oreilly-1.html,Bob O'Reilly
/cbb/players/john-oreilly-2.html,John O'Reilly
/cbb/players/liam-oreilly-1.html,Liam O'Reilly
/cbb/players/matt-oreilly-1.html,Matt O'Reilly
/cbb/players/matt-oreilly-2.html,Matt O'Reilly
/cbb/players/mike-oreilly-1.html,Mike O'Reilly
/cbb/players/rob-oreilly-1.html,Rob O'Reilly
/cbb/players/stephen-oreilly-1.html,Stephen O'Reilly
/cbb/players/kevin-oriordan-1.html,Kevin O'Riordan
/cbb/players/kevin-oriordan-2.html,Kevin O'Riordan
/cbb/players/kevin-oriordan-3.html,Kevin O'Riordan
/cbb/players/mike-oriordan-1.html,Mike O'Riordan
/cbb/players/charlie-orourke-1.html,Charlie O'Rourke
/cbb/players/dick-orourke-1.html,Dick O'Rourke
/cbb/players/don-orourke-1.html,Don O'Rourke
/cbb/players/kelly-orourke-1.html,Kelly O'Rourke
/cbb/players/pete-orourke-1.html,Pete O'Rourke
/cbb/players/tim-orourke-1.html,Tim O'Rourke
/cbb/players/david-oshaughnessey-1.html,David O'Shaughnessey
/cbb/players/james-oshaughnessey-1.html,James O'Shaughnessy
/cbb/players/_-oshaughnessy-1.html,_ O'Shaughnessy
/cbb/players/dennis-oshea-1.html,Dennis O'Shea
/cbb/players/denny-oshea-1.html,Denny O'Shea
/cbb/players/joe-oshea-1.html,Joe O'Shea
/cbb/players/kevin-oshea-1.html,Kevin O'Shea
/cbb/players/tim-oshea-1.html,Tim O'Shea
/cbb/players/tom-oshea-1.html,Tom O'Shea
/cbb/players/tom-oshea-3.html,Tom O'Shea
/cbb/players/daniel-osteen-1.html,Daniel O'Steen
/cbb/players/stephen-osuji-1.html,Stephen O'Suji
/cbb/players/brendan-osullivan-1.html,Brendan O'Sullivan
/cbb/players/brian-osullivan-1.html,Brian O'Sullivan
/cbb/players/dan-osullivan-1.html,Dan O'Sullivan
/cbb/players/dick-osullivan-1.html,Dick O'Sullivan
/cbb/players/dylan-osullivan-1.html,Dylan O'Sullivan
/cbb/players/jack-osullivan-1.html,Jack O'Sullivan
/cbb/players/jim-osullivan-1.html,Jim O'Sullivan
/cbb/players/jimmy-osullivan-1.html,Jimmy O'Sullivan
/cbb/players/ken-osullivan-1.html,Ken O'Sullivan
/cbb/players/marty-osullivan-1.html,Marty O'Sullivan
/cbb/players/mike-osullivan-1.html,Mike O'Sullivan
/cbb/players/mort-osullivan-1.html,Mort O'Sullivan
/cbb/players/william-osullivan-1.html,William O'Sullivan
/cbb/players/_-osullivan-3.html,_ O'Sullivan
/cbb/players/terry-otoole-1.html,Terry O'Toole
/cbb/players/tim-otoole-2.html,Tim O'Toole
/cbb/players/tom-otoole-1.html,Tom O'Toole
/cbb/players/jerry-o-pry-1.html,Jerry O-Pry
/cbb/players/billy-oakes-1.html,Billy Oakes
/cbb/players/chris-oakes-1.html,Chris Oakes
/cbb/players/larry-oakes-1.html,Larry Oakes
/cbb/players/mike-oakes-1.html,Mike Oakes
/cbb/players/bill-oakley-1.html,Bill Oakley
/cbb/players/curtis-oakley-1.html,Curtis Oakley
/cbb/players/devon-oakley-1.html,Devon Oakley
/cbb/players/george-oakley-1.html,George Oakley
/cbb/players/jordan-oakley-1.html,Jordan Oakley
/cbb/players/twann-oakley-1.html,Twann Oakley
/cbb/players/mike-oaks-1.html,Mike Oaks
/cbb/players/anthony-oates-1.html,Anthony Oates
/cbb/players/art-oates-1.html,Art Oates
/cbb/players/john-oates-1.html,John Oates
/cbb/players/paul-oates-1.html,Paul Oates
/cbb/players/randy-oathes-1.html,Randy Oathes
/cbb/players/tommie-oatis-1.html,Tommie Oatis
/cbb/players/sam-oatman-1.html,Sam Oatman
/cbb/players/michael-obacha-1.html,Michael Obacha
/cbb/players/lyvann-obame-obame-2.html,Lyvann Obame Obame
/cbb/players/kevin-obanor-1.html,Kevin Obanor
/cbb/players/manny-obaseki-1.html,Manny Obaseki
/cbb/players/michael-obaseki-1.html,Michael Obaseki
/cbb/players/prince-obasi-1.html,Prince Obasi
/cbb/players/derrick-obasohan-1.html,Derrick Obasohan
/cbb/players/justice-obasohan-1.html,Justice Obasohan
/cbb/players/nosa-obasohan-1.html,Nosa Obasohan
/cbb/players/retin-obasohan-1.html,Retin Obasohan
/cbb/players/nosa-obasuyi-1.html,Nosa Obasuyi
/cbb/players/jayson-obazuaye-1.html,Jayson Obazuaye
/cbb/players/chris-obekpa-1.html,Chris Obekpa
/cbb/players/yaw-obeng-mensah-1.html,Yaw Obeng-Mensah
/cbb/players/dan-oberbrunner-1.html,Dan Oberbrunner
/cbb/players/jack-oberding-1.html,Jack Oberding
/cbb/players/ben-oberfeld-1.html,Ben Oberfeld
/cbb/players/john-obermayer-1.html,John Obermayer
/cbb/players/clete-obrest-1.html,Clete Oberst
/cbb/players/_-oberting-1.html,_ Oberting
/cbb/players/sammy-obetoh-1.html,Sammy Obetoh
/cbb/players/arnold-obey-1.html,Arnold Obey
/cbb/players/jerome-obey-1.html,Jerome Obey
/cbb/players/eric-obeysekere-1.html,Eric Obeysekere
/cbb/players/kene-obi-1.html,Kene Obi
/cbb/players/sean-obi-1.html,Sean Obi
/cbb/players/kaycee-obi-gwacham-1.html,Kaycee Obi-Gwacham
/cbb/players/kanayo-obi-rapu-1.html,Kanayo Obi-Rapu
/cbb/players/ike-obiagu-1.html,Ike Obiagu
/cbb/players/josh-obiajunwa-1.html,Josh Obiajunwa
/cbb/players/prosper-obidiebube-1.html,Prosper Obidiebube
/cbb/players/chisom-obidike-1.html,Chisom Obidike
/cbb/players/ray-obie-1.html,Ray Obie
/cbb/players/uzama-obiekea-1.html,Uzama Obiekea
/cbb/players/uzoma-obiekea-1.html,Uzoma Obiekea
/cbb/players/john-obilzalc-1.html,John Obilzalc
/cbb/players/michael-obindu-1.html,Michael Obindu
/cbb/players/ugo-obineke-1.html,Ugo Obineke
/cbb/players/ejike-obinna-1.html,Ejike Obinna
/cbb/players/chinonso-obokoh-1.html,Chinonso Obokoh
/cbb/players/nikola-obradovic-1.html,Nikola Obradovic
/cbb/players/jesse-obrand-1.html,Jesse Obrand
/cbb/players/pete-obremskey-1.html,Pete Obremskey
/cbb/players/jim-obrien-8.html,Jim Obrien
/cbb/players/jim-obrien-9.html,Jim Obrien
/cbb/players/art-obrock-1.html,Art Obrock
/cbb/players/dan-obrovac-1.html,Dan Obrovac
/cbb/players/lukasz-obrzut-1.html,Lukasz Obrzut
/cbb/players/frank-obudo-1.html,Frank Obudo
/cbb/players/emeka-obukwelu-1.html,Emeka Obukwelu
/cbb/players/jerry-ocasio-1.html,Jerry Ocasio
/cbb/players/shawn-occeus-1.html,Shawn Occeus
/cbb/players/anthony-ochefu-1.html,Anthony Ochefu
/cbb/players/daniel-ochefu-1.html,Daniel Ochefu
/cbb/players/manny-ochenje-1.html,Manny Ochenje
/cbb/players/michael-ochereobia-1.html,Michael Ochereobia
/cbb/players/casmir-ochiaka-1.html,Casmir Ochiaka
/cbb/players/onochie-ochie-1.html,Onochie Ochie
/cbb/players/teddy-ochieng-1.html,Teddy Ochieng
/cbb/players/matt-ochs-1.html,Matt Ochs
/cbb/players/stanley-ocitti-1.html,Stanley Ocitti
/cbb/players/jeff-ockel-1.html,Jeff Ockel
/cbb/players/justin-ockerman-1.html,Justin Ockerman
/cbb/players/joel-ockey-1.html,Joel Ockey
/cbb/players/slobodan-ocokoljic-1.html,Slobodan Ocokoljic
/cbb/players/dan-oconnor-1.html,Dan Oconnor
/cbb/players/joseph-octave-1.html,Joseph Octave
/cbb/players/jonathan-octeus-1.html,Jon Octeus
/cbb/players/jack-ocwieja-1.html,Jack Ocwieja
/cbb/players/don-odale-1.html,Don Odale
/cbb/players/alibaba-odd-1.html,Alibaba Odd
/cbb/players/brian-oddo-1.html,Brian Oddo
/cbb/players/keith-oddo-1.html,Keith Oddo
/cbb/players/tony-oddo-1.html,Tony Oddo
/cbb/players/david-ode-1.html,David Ode
/cbb/players/denarius-odell-1.html,Denarius Odell
/cbb/players/jim-odell-1.html,Jim Odell
/cbb/players/jerome-odem-1.html,Jerome Odem
/cbb/players/josh-odem-1.html,Josh Odem
/cbb/players/ray-odem-1.html,Ray Odem
/cbb/players/mike-odemns-1.html,Mike Odemns
/cbb/players/bernard-oden-1.html,Bernard Oden
/cbb/players/greg-oden-1.html,Greg Oden
/cbb/players/jeremiah-oden-1.html,Jeremiah Oden
/cbb/players/jimmy-oden-1.html,Jimmy Oden
/cbb/players/jon-oden-1.html,Jon Oden
/cbb/players/lamar-oden-1.html,Lamar Oden
/cbb/players/lamar-odenjr-1.html,Lamar Oden
/cbb/players/parks-odenweller-1.html,Parks Odenweller
/cbb/players/albert-odero-1.html,Albert Odero
/cbb/players/marv-odesky-1.html,Marv Odesky
/cbb/players/fred-odhiambo-1.html,Fred Odhiambo
/cbb/players/onyekachukwu-odi-1.html,Onyekachukwu Odi
/cbb/players/churchill-odia-1.html,Churchill Odia
/cbb/players/dinma-odiakosa-1.html,Dinma Odiakosa
/cbb/players/micheal-odiana-1.html,Micheal Odiana
/cbb/players/ken-odiase-1.html,Ken Odiase
/cbb/players/norense-odiase-1.html,Norense Odiase
/cbb/players/tai-odiase-1.html,Tai Odiase
/cbb/players/efe-odigie-1.html,Efe Odigie
/cbb/players/eddie-odio-1.html,Eddie Odio
/cbb/players/chris-odionu-1.html,Chris Odionu
/cbb/players/dan-odishoo-1.html,Dan Odishoo
/cbb/players/kyle-odister-1.html,Kyle Odister
/cbb/players/jermaine-odjegba-1.html,Jermaine Odjegba
/cbb/players/dennis-odle-1.html,Dennis Odle
/cbb/players/jarrad-odle-1.html,Jarrad Odle
/cbb/players/pete-odlum-1.html,Pete Odlum
/cbb/players/john-odo-1.html,John Odo
/cbb/players/robinson-odoch-opong-1.html,Robinson Odoch Opong
/cbb/players/brandon-odom-1.html,Brandon Odom
/cbb/players/dickie-odom-1.html,Dickie Odom
/cbb/players/dwon-odom-1.html,Dwon Odom
/cbb/players/ed-odom-1.html,Ed Odom
/cbb/players/eric-odom-1.html,Eric Odom
/cbb/players/ernest-odom-1.html,Ernest Odom
/cbb/players/garry-odom-1.html,Garry Odom
/cbb/players/lamar-odom-1.html,Lamar Odom
/cbb/players/mark-odom-1.html,Mark Odom
/cbb/players/rod-odom-1.html,Rod Odom
/cbb/players/rodney-odom-1.html,Rodney Odom
/cbb/players/terry-odom-1.html,Terry Odom
/cbb/players/thomas-odom-1.html,Thomas Odom
/cbb/players/vernon-odom-1.html,Vernon Odom
/cbb/players/willie-odom-1.html,Willie Odom
/cbb/players/rashard-odomes-1.html,Rashard Odomes
/cbb/players/james-odoms-1.html,James Odoms
/cbb/players/tony-odrick-1.html,Tony Odrick
/cbb/players/tony-odrick-2.html,Tony Odrick
/cbb/players/mark-odsather-1.html,Mark Odsather
/cbb/players/jim-odthern-1.html,Jim Odthern
/cbb/players/george-odufuwa-1.html,George Odufuwa
/cbb/players/josh-odugbela-1.html,Josh Odugbela
/cbb/players/femi-odukale-1.html,Femi Odukale
/cbb/players/olufemi-odukoya-1.html,Olufemi Odukoya
/cbb/players/benton-odum-1.html,Benton Odum
/cbb/players/charles-odum-1.html,Charles Odum
/cbb/players/jake-odum-1.html,Jake Odum
/cbb/players/jim-odum-1.html,Jim Odum
/cbb/players/karlos-odum-1.html,Karlos Odum
/cbb/players/danny-odums-2.html,Danny Odums
/cbb/players/ray-odums-1.html,Ray Odums
/cbb/players/michael-odumuyiwa-1.html,Michael Odumuyiwa
/cbb/players/sheu-oduniyi-1.html,Sheu Oduniyi
/cbb/players/josh-odunowo-1.html,Josh Odunowo
/cbb/players/anthony-odunsi-1.html,Anthony Odunsi
/cbb/players/henry-odunze-1.html,Henry Odunze
/cbb/players/ime-oduok-1.html,Ime Oduok
/cbb/players/segun-oduolowu-1.html,Segun Oduolowu
/cbb/players/josh-oduro-1.html,Josh Oduro
/cbb/players/prince-oduro-1.html,Prince Oduro
/cbb/players/akeem-odusipe-1.html,Akeem Odusipe
/cbb/players/mike-ody-1.html,Mike Ody
/cbb/players/sead-odzic-1.html,Sead Odzic
/cbb/players/larry-oeding-1.html,Larry Oeding
/cbb/players/caleb-oehlberg-1.html,Caleb Oehlberg
/cbb/players/william-oellrich-1.html,William Oellrich
/cbb/players/skeeter-oelschlager-1.html,Skeeter Oelschlager
/cbb/players/henry-oeltjendiers-1.html,Henry Oeltjendiers
/cbb/players/bob-oeschlin-1.html,Bob Oeschlin
/cbb/players/derek-oestreicher-1.html,Derek Oestreicher
/cbb/players/brian-officer-1.html,Brian Officer
/cbb/players/chuck-officer-1.html,Chuck Officer
/cbb/players/thomas-officer-1.html,Thomas Officer
/cbb/players/tom-officer-1.html,Tom Officer
/cbb/players/mezie-offurum-1.html,Mezie Offurum
/cbb/players/don-offutt-1.html,Don Offutt
/cbb/players/kenneth-offutt-1.html,Kenneth Offutt
/cbb/players/walter-offutt-1.html,Walter Offutt
/cbb/players/ike-ofoegbu-1.html,Ike Ofoegbu
/cbb/players/john-ofoegbu-1.html,John Ofoegbu
/cbb/players/michael-ofoegbu-1.html,Michael Ofoegbu
/cbb/players/uche-ofoegbu-1.html,Uche Ofoegbu
/cbb/players/dennis-ofori-1.html,Dennis Ofori
/cbb/players/edwin-ofori-1.html,Edwin Ofori
/cbb/players/kwame-ofori-1.html,Kwame Ofori
/cbb/players/_-ofrting-1.html,_ Ofrting
/cbb/players/frank-oftring-2.html,Frank Oftring
/cbb/players/barry-ogalue-1.html,Barry Ogalue
/cbb/players/kudus-ogbara-1.html,Kudus Ogbara
/cbb/players/dennis-ogbe-1.html,Dennis Ogbe
/cbb/players/kenneth-ogbe-1.html,Kenneth Ogbe
/cbb/players/derek-ogbeide-1.html,Derek Ogbeide
/cbb/players/chuck-ogbodo-1.html,Chuck Ogbodo
/cbb/players/bright-ogbogu-1.html,Bright Ogbogu
/cbb/players/king-ogbogu-1.html,King Ogbogu
/cbb/players/prince-ogbogu-1.html,Prince Ogbogu
/cbb/players/sylvester-ogbonda-1.html,Sylvester Ogbonda
/cbb/players/kinley-ogbonnaya-branch-1.html,Kinley Ogbonnaya-Branch
/cbb/players/jim-ogborn-1.html,Jim Ogborn
/cbb/players/nathaniel-ogbu-1.html,Nathaniel Ogbu
/cbb/players/braxton-ogbueze-1.html,Braxton Ogbueze
/cbb/players/john-ogburn-1.html,John Ogburn
/cbb/players/micah-ogburn-1.html,Micah Ogburn
/cbb/players/alfred-ogden-1.html,Alfred Ogden
/cbb/players/bud-ogden-1.html,Bud Ogden
/cbb/players/chris-ogden-1.html,Chris Ogden
/cbb/players/chris-ogden-2.html,Chris Ogden
/cbb/players/d-ogden-2.html,D. Ogden
/cbb/players/denny-ogden-1.html,Denny Ogden
/cbb/players/keith-ogden-1.html,Keith Ogden
/cbb/players/ralph-ogden-1.html,Ralph Ogden
/cbb/players/rob-ogden-1.html,Rob Ogden
/cbb/players/tanner-ogden-1.html,Tanner Ogden
/cbb/players/_-ogden-3.html,_ Ogden
/cbb/players/danny-ogele-1.html,Danny Ogele
/cbb/players/danny-ogele-2.html,Danny Ogele
/cbb/players/ajiri-johnson-1.html,Ajiri Ogemuno-Johnson
/cbb/players/alan-ogg-1.html,Alan Ogg
/cbb/players/andy-ogide-1.html,Andy Ogide
/cbb/players/kevin-ogilby-1.html,Kevin Ogilby
/cbb/players/aj-ogilvy-1.html,A.J. Ogilvy
/cbb/players/mogboluwaga-oginni-1.html,Mogboluwaga Oginni
/cbb/players/sean-ogirri-1.html,Sean Ogirri
/cbb/players/berry-ogle-1.html,Berry Ogle
/cbb/players/don-ogle-1.html,Don Ogle
/cbb/players/jim-ogle-1.html,Jim Ogle
/cbb/players/john-ogle-1.html,John Ogle
/cbb/players/al-oglesby-1.html,Al Oglesby
/cbb/players/alec-oglesby-1.html,Alec Oglesby
/cbb/players/anthony-oglesby-1.html,Anthony Oglesby
/cbb/players/bruce-oglesby-1.html,Bruce Oglesby
/cbb/players/danny-oglesby-1.html,Danny Oglesby
/cbb/players/don-oglesby-1.html,Don Oglesby
/cbb/players/jesse-oglesby-1.html,Jesse Oglesby
/cbb/players/josh-oglesby-1.html,Josh Oglesby
/cbb/players/keith-oglesby-1.html,Keith Oglesby
/cbb/players/samuel-oglesby-1.html,Samuel Oglesby
/cbb/players/ted-oglesby-1.html,Ted Oglesby
/cbb/players/terrence-oglesby-1.html,Terrence Oglesby
/cbb/players/torian-oglesby-1.html,Torian Oglesby
/cbb/players/don-ogletree-1.html,Don Ogletree
/cbb/players/jarvis-ogletree-1.html,Jarvis Ogletree
/cbb/players/robin-ogletree-1.html,Robin Ogletree
/cbb/players/jacob-ognacevic-1.html,Jacob Ognacevic
/cbb/players/jon-ogolo-1.html,Jon Ogolo
/cbb/players/rj-ogom-1.html,RJ Ogom
/cbb/players/bob-ogorek-1.html,Bob Ogorek
/cbb/players/don-ogorek-1.html,Don Ogorek
/cbb/players/daniel-ogoro-1.html,Daniel Ogoro
/cbb/players/ody-oguama-1.html,Ody Oguama
/cbb/players/chamberlain-oguchi-1.html,Chamberlain Oguchi
/cbb/players/michael-oguine-1.html,Michael Oguine
/cbb/players/sommy-ogukwe-1.html,Sommy Ogukwe
/cbb/players/benson-ogunbadedo-1.html,Benson Ogunbadedo
/cbb/players/od-ogunbo-1.html,O.D. Ogunbo
/cbb/players/alex-ogundadegbe-1.html,Alex Ogundadegbe
/cbb/players/josh-ogundele-1.html,Josh Ogundele
/cbb/players/simon-ogunlesi-1.html,Simon Ogunlesi
/cbb/players/yemi-ogunoye-1.html,Yemi Ogunoye
/cbb/players/karandick-ogunride-1.html,Karandick Ogunride
/cbb/players/fred-oguns-1.html,Fred Oguns
/cbb/players/javion-ogunyemi-1.html,Javion Ogunyemi
/cbb/players/erkan-oguz-1.html,Erkan Oguz
/cbb/players/john-ogwuche-1.html,John Ogwuche
/cbb/players/anthony-oha-1.html,Anthony Oha
/cbb/players/_-ohab-1.html,_ Ohab
/cbb/players/chuba-ohams-1.html,Chuba Ohams
/cbb/players/izik-ohanon-1.html,Izik Ohanon
/cbb/players/victor-ohiaobioha-1.html,Victor Ohia Obioha
/cbb/players/don-ohl-1.html,Don Ohl
/cbb/players/justin-ohl-1.html,Justin Ohl
/cbb/players/n-ohlemacher-1.html,N. Ohlemacher
/cbb/players/henry-ohlen-1.html,Henry Ohlen
/cbb/players/randy-ohlinger-1.html,Randy Ohlinger
/cbb/players/ray-ohlmuller-1.html,Ray Ohlmuller
/cbb/players/jason-ohlsen-1.html,Jason Ohlsen
/cbb/players/doug-ohlstrom-1.html,Doug Ohlstrom
/cbb/players/kyle-ohman-1.html,Kyle Ohman
/cbb/players/jake-ohmer-1.html,Jake Ohmer
/cbb/players/mitch-ohnstad-1.html,Mitch Ohnstad
/cbb/players/arjun-ohri-1.html,Arjun Ohri
/cbb/players/will-ohuaregbe-1.html,Will Ohuaregbe
/cbb/players/robert-ojeah-1.html,Robert Ojeah
/cbb/players/semi-ojeleye-1.html,Semi Ojeleye
/cbb/players/victor-ojeleye-1.html,Victor Ojeleye
/cbb/players/john-ojiako-1.html,John Ojiako
/cbb/players/demonte-ojinnaka-1.html,Demonte Ojinnaka
/cbb/players/ak-ojo-1.html,Ak Ojo
/cbb/players/ayodele-ojo-1.html,Ayodele Ojo
/cbb/players/michael-ojo-1.html,Michael Ojo
/cbb/players/michael-ojo-2.html,Michael Ojo
/cbb/players/nkem-ojougboh-1.html,Nkem Ojougboh
/cbb/players/gregg-okada-1.html,Gregg Okada
/cbb/players/alex-okafor-1.html,Alex Okafor
/cbb/players/collins-okafor-1.html,Collins Okafor
/cbb/players/emeka-okafor-1.html,Emeka Okafor
/cbb/players/emeka-okafor-3.html,Emeka Okafor
/cbb/players/gus-okafor-1.html,Gus Okafor
/cbb/players/iyke-okafor-1.html,Iyke Okafor
/cbb/players/jahlil-okafor-1.html,Jahlil Okafor
/cbb/players/joel-okafor-1.html,Joel Okafor
/cbb/players/kennedy-okafor-1.html,Kennedy Okafor
/cbb/players/mbakwe-okafor-1.html,Mbakwe Okafor
/cbb/players/michael-okafor-1.html,Michael Okafor
/cbb/players/patrick-okafor-1.html,Patrick Okafor
/cbb/players/tobe-oakafor-1.html,Tobe Okafor
/cbb/players/victor-okafor-1.html,Victor Okafor
/cbb/players/mudiaga-okagbare-1.html,Mudiaga Okagbare
/cbb/players/brian-okam-1.html,Brian Okam
/cbb/players/felix-okam-1.html,Felix Okam
/cbb/players/ugo-okam-1.html,Ugo Okam
/cbb/players/toby-okani-1.html,Toby Okani
/cbb/players/chinedukingsley-okanu-1.html,Chinedu Kingsley Okanu
/cbb/players/mike-okauru-1.html,Mike Okauru
/cbb/players/sam-okauru-1.html,Sam Okauru
/cbb/players/chuma-okeke-1.html,Chuma Okeke
/cbb/players/duby-okeke-1.html,Duby Okeke
/cbb/players/frank-okeke-1.html,Frank Okeke
/cbb/players/obim-okeke-1.html,Obim Okeke
/cbb/players/oscar-okeke-1.html,Oscar Okeke
/cbb/players/sunday-okeke-1.html,Sunday Okeke
/cbb/players/roch-okemba-1.html,Roch Okemba
/cbb/players/emeka-okenwa-1.html,Emeka Okenwa
/cbb/players/teddy-okereafor-1.html,Teddy Okereafor
/cbb/players/fidelis-okereke-1.html,Fidelis Okereke
/cbb/players/ndubuisi-okereke-1.html,Ndubuisi Okereke
/cbb/players/todd-okeson-1.html,Todd Okeson
/cbb/players/troy-okeson-1.html,Troy Okeson
/cbb/players/sam-okey-1.html,Sam Okey
/cbb/players/josh-okogie-1.html,Josh Okogie
/cbb/players/precious-okoh-1.html,Precious Okoh
/cbb/players/lungi-okoko-1.html,Lungi Okoko
/cbb/players/alpha-okoli-1.html,Alpha Okoli
/cbb/players/chidi-okoli-1.html,Chidi Okoli
/cbb/players/agunwa-okolie-1.html,Agunwa Okolie
/cbb/players/obi-okolie-1.html,Obi Okolie
/cbb/players/anali-okoloji-1.html,Anali Okoloji
/cbb/players/niki-okolovitch-1.html,Niki Okolovitch
/cbb/players/simon-okolue-1.html,Simon Okolue
/cbb/players/dominic-okon-1.html,Dominic Okon
/cbb/players/axel-okongo-1.html,Axel Okongo
/cbb/players/onyeka-okongwu-1.html,Onyeka Okongwu
/cbb/players/godwin-okonji-1.html,Godwin Okonji
/cbb/players/daniel-okonkwo-1.html,Daniel Okonkwo
/cbb/players/james-okonkwo-1.html,James Okonkwo
/cbb/players/namdi-okonkwo-1.html,Namdi Okonkwo
/cbb/players/phillip-okonma-1.html,Phillip Okonma
/cbb/players/goodluck-okonoboh-1.html,Goodluck Okonoboh
/cbb/players/nick-okorie-1.html,Nick Okorie
/cbb/players/emmanuel-okoro-1.html,Emmanuel Okoro
/cbb/players/francis-okoro-1.html,Francis Okoro
/cbb/players/isaac-okoro-1.html,Isaac Okoro
/cbb/players/kerwin-okoro-1.html,Kerwin Okoro
/cbb/players/matt-okoro-1.html,Matt Okoro
/cbb/players/emmanuel-okoroba-1.html,Emmanuel Okoroba
/cbb/players/abe-okorodudu-1.html,Abe Okorodudu
/cbb/players/andrew-okorodudu-1.html,Andrew Okorodudu
/cbb/players/deb-okorodudu-1.html,Deb Okorodudu
/cbb/players/yon-okorodudu-1.html,Yon Okorodudu
/cbb/players/kingsley-okorah-1.html,Kingsley Okoroh
/cbb/players/prince-okoroh-1.html,Prince Okoroh
/cbb/players/reggie-okosa-1.html,Reggie Okosa
/cbb/players/augustine-okosun-1.html,Augustine Okosun
/cbb/players/vincent-okotie-1.html,Vincent Okotie
/cbb/players/ike-okoye-1.html,Ike Okoye
/cbb/players/stan-okoye-1.html,Stan Okoye
/cbb/players/kezie-okpala-1.html,Kezie Okpala
/cbb/players/brandon-okpalobi-1.html,Brandon Okpalobi
/cbb/players/bryce-okpoh-1.html,Bryce Okpoh
/cbb/players/emmanuel-okpomo-1.html,Emmanuel Okpomo
/cbb/players/patrick-okpwae-1.html,Patrick Okpwae
/cbb/players/mate-okros-1.html,Mate Okros
/cbb/players/joe-okruhlica-1.html,Joe Okruhlica
/cbb/players/bob-okrzesik-1.html,Bob Okrzesik
/cbb/players/jason-okrzesik-1.html,Jason Okrzesik
/cbb/players/randy-okrzesik-1.html,Randy Okrzesik
/cbb/players/akachi-okugo-1.html,Akachi Okugo
/cbb/players/ademola-okulaja-1.html,Ademola Okulaja
/cbb/players/akintoye-okunrinboye-1.html,Akintoye Okunrinboye
/cbb/players/bim-okunrinboye-1.html,Bim Okunrinboye
/cbb/players/charles-okwandu-1.html,Charles Okwandu
/cbb/players/ikenna-okwarabizie-1.html,Ikenna Okwarabizie
/cbb/players/greg-okwudibonye-1.html,Greg Okwudibonye
/cbb/players/ryan-okwudibonye-1.html,Ryan Okwudibonye
/cbb/players/niyi-olabode-1.html,Niyi Olabode
/cbb/players/josh-olabosipo-1.html,Josh Olabosipo
/cbb/players/daniel-oladapo-1.html,Daniel Oladapo
/cbb/players/samson-oladimeji-1.html,Samson Oladimeji
/cbb/players/victor-oladipo-1.html,Victor Oladipo
/cbb/players/ibraheem-oladotun-1.html,Ibraheem Oladotun
/cbb/players/baldur-olafsson-1.html,Baldur Olafsson
/cbb/players/gunnar-olafsson-1.html,Gunnar Olafsson
/cbb/players/simon-olafsson-1.html,Simon Olafsson
/cbb/players/alex-olah-1.html,Alex Olah
/cbb/players/tim-olah-1.html,Tim Olah
/cbb/players/bo-olaiya-1.html,Bo Olaiya
/cbb/players/afis-olajuwon-1.html,Afis Olajuwon
/cbb/players/hakeem-olajuwon-1.html,Hakeem Olajuwon
/cbb/players/taju-olajuwon-1.html,Taju Olajuwon
/cbb/players/augustine-olalere-1.html,Augustine Olalere
/cbb/players/ola-olamuyiwa-1.html,Ola Olamuyiwa
/cbb/players/jim-olander-1.html,Jim Olander
/cbb/players/ryan-olander-1.html,Ryan Olander
/cbb/players/tyler-olander-1.html,Tyler Olander
/cbb/players/bola-olaniyan-1.html,Bola Olaniyan
/cbb/players/elijah-olaniyi-1.html,Elijah Olaniyi
/cbb/players/sheyi-olaoshebikan-1.html,Sheyi Olaoshebikan
/cbb/players/abodunrin-gabriel-olaseni-1.html,Gabriel Olaseni
/cbb/players/jamal-olasewere-1.html,Jamal Olasewere
/cbb/players/amos-olatayo-2.html,Amos Olatayo
/cbb/players/henry-olawoye-1.html,Henry Olawoye
/cbb/players/ben-olayinka-1.html,Ben Olayinka
/cbb/players/charles-olayinka-1.html,Charles Olayinka
/cbb/players/mark-olberding-1.html,Mark Olberding
/cbb/players/tony-olberding-1.html,Tony Olberding
/cbb/players/yalim-olcay-1.html,Yalim Olcay
/cbb/players/m-olcese-1.html,M. Olcese
/cbb/players/glenn-olden-1.html,Glenn Olden
/cbb/players/shawn-olden-1.html,Shawn Olden
/cbb/players/tyler-olden-1.html,Tyler Olden
/cbb/players/jim-oldenburg-1.html,Jim Oldenburg
/cbb/players/steve-oldendorf-1.html,Steve Oldendorf
/cbb/players/dick-oldfield-1.html,Dick Oldfield
/cbb/players/archie-oldham-2.html,Archie Oldham
/cbb/players/cj-oldham-1.html,C.J. Oldham
/cbb/players/calvin-oldham-1.html,Calvin Oldham
/cbb/players/dee-oldham-1.html,Dee Oldham
/cbb/players/jarod-oldham-1.html,Jarod Oldham
/cbb/players/jawann-oldham-1.html,Jawann Oldham
/cbb/players/john-oldham-1.html,John Oldham
/cbb/players/les-oldham-1.html,Les Oldham
/cbb/players/evin-olds-1.html,Evin Olds
/cbb/players/tommy-olds-1.html,Tommy Olds
/cbb/players/chip-oldt-1.html,Chip Oldt
/cbb/players/brian-olejniczak-1.html,Brian Olejniczak
/cbb/players/dominik-olejniczak-1.html,Dominik Olejniczak
/cbb/players/obinna-oleka-1.html,Obinna Oleka
/cbb/players/kevin-olekaibe-1.html,Kevin Olekaibe
/cbb/players/kevin-oleksiak-1.html,Kevin Oleksiak
/cbb/players/gary-olen-1.html,Gary Olen
/cbb/players/ron-olender-1.html,Ron Olender
/cbb/players/ed-oleniczak-1.html,Ed Oleniczak
/cbb/players/matt-olenski-1.html,Matt Olenski
/cbb/players/carmine-oler-1.html,Carmine Oler
/cbb/players/lee-oler-1.html,Lee Oler
/cbb/players/alex-olesinski-1.html,Alex Olesinski
/cbb/players/marek-olesinski-1.html,Marek Olesinski
/cbb/players/jerry-olesko-1.html,Jerry Olesko
/cbb/players/scott-oleson-1.html,Scott Oleson
/cbb/players/frank-oley-2.html,Frank Oley
/cbb/players/frank-oleynick-1.html,Frank Oleynick
/cbb/players/kirk-olich-1.html,Kirk Olich
/cbb/players/rc-oligschlaeger-1.html,R.C. Oligschlaeger
/cbb/players/jerry-olin-1.html,Jerry Olin
/cbb/players/matt-olin-1.html,Matt Olin
/cbb/players/wilbert-olinde-1.html,Wilbert Olinde
/cbb/players/dave-olinger-1.html,Dave Olinger
/cbb/players/john-olinger-1.html,John Olinger
/cbb/players/dean-oliphant-1.html,Dean Oliphant
/cbb/players/jay-oliphant-1.html,Jay Oliphant
/cbb/players/jeff-oliphant-1.html,Jeff Oliphant
/cbb/players/willie-oliphant-1.html,Willie Oliphant
/cbb/players/tevin-olison-1.html,Tevin Olison
/cbb/players/pierfrancesco-oliva-1.html,Pierfrancesco Oliva
/cbb/players/alejandro-olivares-1.html,Alejandro Olivares
/cbb/players/andy-olivarez-1.html,Andy Olivarez
/cbb/players/quincy-olivari-1.html,Quincy Olivari
/cbb/players/ben-olive-1.html,Ben Olive
/cbb/players/john-olive-1.html,John Olive
/cbb/players/john-olive-3.html,John Olive
/cbb/players/andy-oliveira-1.html,Andy Oliveira
/cbb/players/andy-oliveira-2.html,Andy Oliveira
/cbb/players/chris-oliveira-1.html,Chris Oliveira
/cbb/players/gabe-oliveira-1.html,Gabe Oliveira
/cbb/players/nelson-oliveira-1.html,Nelson Oliveira
/cbb/players/greg-oliven-1.html,Greg Oliven
/cbb/players/aj-oliverii-1.html,A.J. Oliver
/cbb/players/adrian-oliver-1.html,Adrian Oliver
/cbb/players/adrian-oliver-2.html,Adrian Oliver
/cbb/players/alexander-oliver-1.html,Alexander Oliver
/cbb/players/anthony-oliver-1.html,Anthony Oliver
/cbb/players/anthony-oliver-2.html,Anthony Oliver
/cbb/players/antwon-oliver-1.html,Antwon Oliver
/cbb/players/badi-oliver-1.html,Badi Oliver
/cbb/players/barry-oliver-1.html,Barry Oliver
/cbb/players/billy-oliver-1.html,Billy Oliver
/cbb/players/bob-oliver-1.html,Bob Oliver
/cbb/players/bob-oliver-2.html,Bob Oliver
/cbb/players/brandon-oliver-1.html,Brandon Oliver
/cbb/players/brian-oliver-1.html,Brian Oliver
/cbb/players/brian-oliver-2.html,Brian Oliver
/cbb/players/calvin-oliver-1.html,Calvin Oliver
/cbb/players/cameron-oliver-1.html,Cameron Oliver
/cbb/players/charles-oliver-1.html,Charles Oliver
/cbb/players/chet-oliver-1.html,Chet Oliver
/cbb/players/chris-oliver-1.html,Chris Oliver
/cbb/players/chrismen-oliver-1.html,Chrismen Oliver
/cbb/players/damontez-oliver-1.html,Damontez Oliver
/cbb/players/dan-oliver-1.html,Dan Oliver
/cbb/players/daniel-oliver-1.html,Daniel Oliver
/cbb/players/darrell-oliver-1.html,Darrell Oliver
/cbb/players/daryl-oliver-1.html,Daryl Oliver
/cbb/players/david-oliver-1.html,David Oliver
/cbb/players/david-oliver-2.html,David Oliver
/cbb/players/dean-oliver-1.html,Dean Oliver
/cbb/players/devin-oliver-1.html,Devin Oliver
/cbb/players/erik-oliver-1.html,Erik Oliver
/cbb/players/eugene-oliver-1.html,Eugene Oliver
/cbb/players/frank-oliver-1.html,Frank Oliver
/cbb/players/jamal-oliver-1.html,Jamal Oliver
/cbb/players/jerrick-oliver-1.html,Jerrick Oliver
/cbb/players/jesse-oliver-1.html,Jesse Oliver
/cbb/players/jim-oliver-1.html,Jim Oliver
/cbb/players/jimmy-oliver-1.html,Jimmy Oliver
/cbb/players/john-oliver-1.html,John Oliver
/cbb/players/john-oliver-2.html,John Oliver
/cbb/players/jon-oliver-1.html,Jon Oliver
/cbb/players/jonathan-oliver-1.html,Jonathan Oliver
/cbb/players/jonathan-oliver-2.html,Jonathan Oliver
/cbb/players/kelvin-oliver-1.html,Kelvin Oliver
/cbb/players/kirby-oliver-1.html,Kirby Oliver
/cbb/players/marcus-oliver-1.html,Marcus Oliver
/cbb/players/mark-oliver-1.html,Mark Oliver
/cbb/players/marques-oliver-1.html,Marques Oliver
/cbb/players/melvyn-oliver-1.html,Melvyn Oliver
/cbb/players/mike-oliver-1.html,Mike Oliver
/cbb/players/miles-oliver-1.html,Miles Oliver
/cbb/players/moby-oliver-1.html,Moby Oliver
/cbb/players/montraz-oliver-1.html,Montraz Oliver
/cbb/players/paul-oliver-1.html,Paul Oliver
/cbb/players/phillip-oliver-1.html,Phillip Oliver
/cbb/players/raheem-oliver-1.html,Raheem Oliver
/cbb/players/rasheed-oliver-1.html,Rasheed Oliver
/cbb/players/reggie-oliver-1.html,Reggie Oliver
/cbb/players/ron-oliver-1.html,Ron Oliver
/cbb/players/ron-oliver-2.html,Ron Oliver
/cbb/players/russell-oliver-1.html,Russell Oliver
/cbb/players/ryan-oliver-1.html,Ryan Oliver
/cbb/players/scott-oliver-1.html,Scott Oliver
/cbb/players/sheldon-oliver-1.html,Sheldon Oliver
/cbb/players/tj-oliver-1.html,T.J. Oliver
/cbb/players/taron-oliverjr-1.html,Taron Oliver
/cbb/players/van-oliver-1.html,Van Oliver
/cbb/players/vince-oliver-1.html,Vince Oliver
/cbb/players/wade-oliver-1.html,Wade Oliver
/cbb/players/xavier-oliver-1.html,Xavier Oliver
/cbb/players/_-oliver-1.html,_ Oliver
/cbb/players/_-oliver-4.html,_ Oliver
/cbb/players/edward-oliver-hampton-1.html,Edward Oliver-Hampton
/cbb/players/alex-oliverio-1.html,Alex Oliverio
/cbb/players/dave-oliverio-1.html,Dave Oliverio
/cbb/players/gabriel-oliverio-1.html,Gabriel Oliverio
/cbb/players/jose-olivero-1.html,Jose Olivero
/cbb/players/casey-oliverson-1.html,Casey Oliverson
/cbb/players/shawn-oliverson-1.html,Shawn Oliverson
/cbb/players/pat-oliveto-1.html,Pat Oliveto
/cbb/players/brett-olivier-1.html,Brett Olivier
/cbb/players/chris-olivier-1.html,Chris Olivier
/cbb/players/clayton-olivier-1.html,Clayton Olivier
/cbb/players/jamal-olivier-1.html,Jamal Olivier
/cbb/players/ken-olivier-1.html,Ken Olivier
/cbb/players/lance-olivier-1.html,Lance Olivier
/cbb/players/paul-olivier-1.html,Paul Olivier
/cbb/players/sean-olivier-1.html,Sean Olivier
/cbb/players/gene-oliynyk-1.html,Gene Oliynyk
/cbb/players/paul-olkowski-1.html,Paul Olkowski
/cbb/players/lew-ollice-1.html,Lew Ollice
/cbb/players/bass-ollie-1.html,Bass Ollie
/cbb/players/damon-ollie-1.html,Damon Ollie
/cbb/players/ken-ollie-1.html,Ken Ollie
/cbb/players/kevin-ollie-1.html,Kevin Ollie
/cbb/players/roderick-ollie-1.html,Roderick Ollie
/cbb/players/will-olliges-1.html,Will Olliges
/cbb/players/mike-olliver-1.html,Mike Olliver
/cbb/players/andre-ollivierra-1.html,Andre Ollivierra
/cbb/players/bob-ollquist-1.html,Bob Ollquist
/cbb/players/art-ollrich-1.html,Art Ollrich
/cbb/players/gene-ollrich-1.html,Gene Ollrich
/cbb/players/gus-ollrich-1.html,Gus Ollrich
/cbb/players/kevin-olm-1.html,Kevin Olm
/cbb/players/sergio-olmos-1.html,Sergio Olmos
/cbb/players/adam-olmstead-1.html,Adam Olmstead
/cbb/players/ellis-olmstead-1.html,Ellis Olmstead
/cbb/players/jay-olmstead-1.html,Jay Olmstead
/cbb/players/terry-olmstead-1.html,Terry Olmstead
/cbb/players/john-olmsted-1.html,John Olmsted
/cbb/players/royce-olney-1.html,Royce Olney
/cbb/players/francois-oloa-1.html,Francois Oloa
/cbb/players/emmanuel-olojakpoke-1.html,Emmanuel Olojakpoke
/cbb/players/akintoye-oloko-1.html,Akintoye Oloko
/cbb/players/osman-olol-1.html,Osman Olol
/cbb/players/giovanni-olomo-1.html,Giovanni Olomo
/cbb/players/opeyemi-olomo-1.html,Opeyemi Olomo
/cbb/players/babatunde-olomuwiya-1.html,Babatunde Olomuwiya
/cbb/players/erie-olonade-1.html,Erie Olonade
/cbb/players/michael-olowokandi-1.html,Michael Olowokandi
/cbb/players/masai-olowokere-1.html,Masai Olowokere
/cbb/players/carmie-olowoyo-1.html,Carmie Olowoyo
/cbb/players/frank-olrich-1.html,Frank Olrich
/cbb/players/alex-olsen-1.html,Alex Olsen
/cbb/players/bud-olsen-1.html,Bud Olsen
/cbb/players/chuck-olsen-1.html,Chuck Olsen
/cbb/players/dave-olsen-1.html,Dave Olsen
/cbb/players/david-olsen-1.html,David Olsen
/cbb/players/gunnar-olsen-1.html,Gunnar Olsen
/cbb/players/jeremy-olsen-1.html,Jeremy Olsen
/cbb/players/jim-olsen-1.html,Jim Olsen
/cbb/players/john-olsen-1.html,John Olsen
/cbb/players/josh-olsen-1.html,Josh Olsen
/cbb/players/matt-olsen-1.html,Matt Olsen
/cbb/players/pete-olsen-1.html,Pete Olsen
/cbb/players/ralph-olsen-1.html,Ralph Olsen
/cbb/players/ron-olsen-1.html,Ron Olsen
/cbb/players/steve-olsen-1.html,Steve Olsen
/cbb/players/tim-olsen-1.html,Tim Olsen
/cbb/players/tom-olsen-1.html,Tom Olsen
/cbb/players/_-olsen-2.html,_ Olsen
/cbb/players/walt-olseon-1.html,Walt Olseon
/cbb/players/gefry-olshefski-1.html,Gefry Olshefski
/cbb/players/jerry-olshekfski-1.html,Jerry Olshekfski
/cbb/players/seymour-olshin-1.html,Seymour Olshin
/cbb/players/aaron-olson-1.html,Aaron Olson
/cbb/players/ben-olson-1.html,Ben Olson
/cbb/players/bob-olson-1.html,Bob Olson
/cbb/players/bob-olson-2.html,Bob Olson
/cbb/players/brad-olson-1.html,Brad Olson
/cbb/players/brett-olson-1.html,Brett Olson
/cbb/players/brett-olson-2.html,Brett Olson
/cbb/players/brett-olson-3.html,Brett Olson
/cbb/players/bruce-olson-1.html,Bruce Olson
/cbb/players/cale-olson-1.html,Cale Olson
/cbb/players/cooper-olson-1.html,Cooper Olson
/cbb/players/craig-olson-1.html,Craig Olson
/cbb/players/dan-olson-1.html,Dan Olson
/cbb/players/daryl-olson-1.html,Daryl Olson
/cbb/players/dave-olson-1.html,Dave Olson
/cbb/players/donald-olson-1.html,Donald Olson
/cbb/players/doug-olson-1.html,Doug Olson
/cbb/players/duane-olson-1.html,Duane Olson
/cbb/players/ed-olson-1.html,Ed Olson
/cbb/players/gary-olson-1.html,Gary Olson
/cbb/players/greg-olson-1.html,Greg Olson
/cbb/players/greg-olson-2.html,Greg Olson
/cbb/players/greg-olson-3.html,Greg Olson
/cbb/players/harold-olson-1.html,Harold Olson
/cbb/players/homer-olson-1.html,Homer Olson
/cbb/players/jake-olson-1.html,Jake Olson
/cbb/players/jerry-olson-1.html,Jerry Olson
/cbb/players/jerry-olson-2.html,Jerry Olson
/cbb/players/jim-olson-1.html,Jim Olson
/cbb/players/john-olson-1.html,John Olson
/cbb/players/john-olson-2.html,John Olson
/cbb/players/keith-olson-1.html,Keith Olson
/cbb/players/keith-olson-2.html,Keith Olson
/cbb/players/l-olson-2.html,L Olson
/cbb/players/lance-olson-1.html,Lance Olson
/cbb/players/layne-olson-1.html,Layne Olson
/cbb/players/mel-olson-1.html,Mel Olson
/cbb/players/moses-olson-1.html,Moses Olson
/cbb/players/rick-olson-1.html,Rick Olson
/cbb/players/rob-olson-1.html,Rob Olson
/cbb/players/robby-olson-1.html,Robby Olson
/cbb/players/robert-olson-1.html,Robert Olson
/cbb/players/robert-olson-2.html,Robert Olson
/cbb/players/taylor-olson-1.html,Taylor Olson
/cbb/players/wally-olson-1.html,Wally Olson
/cbb/players/_-olson-5.html,_ Olson
/cbb/players/_-olson-7.html,_ Olson
/cbb/players/lubor-olsovsky-1.html,Lubor Olsovsky
/cbb/players/adam-olsson-1.html,Adam Olsson
/cbb/players/jim-olsson-1.html,Jim Olsson
/cbb/players/walter-olstad-1.html,Walter Olstad
/cbb/players/larry-olsthoorn-1.html,Larry Olsthoorn
/cbb/players/george-olstrom-1.html,George Olstrom
/cbb/players/julian-olubuyi-1.html,Julian Olubuyi
/cbb/players/nick-oluic-1.html,Nick Oluic
/cbb/players/femi-olujobi-1.html,Femi Olujobi
/cbb/players/jean-paul-olukemi-1.html,Jean-Paul Olukemi
/cbb/players/funsho-olulafe-1.html,Funsho Olulafe
/cbb/players/olujude-oluyeba-1.html,Olujude Oluyeba
/cbb/players/cameron-oluyitan-1.html,Cameron Oluyitan
/cbb/players/stanley-olyewski-1.html,Stanley Olyewski
/cbb/players/edwin-olympio-1.html,Edwin Olympio
/cbb/players/kelly-olynyk-1.html,Kelly Olynyk
/cbb/players/miran-omanovic-1.html,Miran Omanovic
/cbb/players/bankeys-omari-1.html,Bankeys Omari
/cbb/players/jack-omdahl-1.html,Jack Omdahl
/cbb/players/billy-omeltchenko-1.html,Billy Omeltchenko
/cbb/players/jarvis-omersa-1.html,Jarvis Omersa
/cbb/players/norchand-omier-1.html,Norchad Omier
/cbb/players/chidozie-omile-1.html,Chidozie Omile
/cbb/players/maxwell-omili-1.html,Maxwell Omili
/cbb/players/domen-omladic-1.html,Domen Omladic
/cbb/players/doug-omli-1.html,Doug Omli
/cbb/players/tanner-omlid-1.html,Tanner Omlid
/cbb/players/casey-ommen-1.html,Casey Ommen
/cbb/players/doug-ommen-1.html,Doug Ommen
/cbb/players/jordan-omogbehin-1.html,Jordan Omogbehin
/cbb/players/emmanuel-omogbo-1.html,Emmanuel Omogbo
/cbb/players/justin-omogun-1.html,Justin Omogun
/cbb/players/osazee-omokaro-1.html,Osazee Omokaro
/cbb/players/isaiah-omoregie-1.html,Isaiah Omoregie
/cbb/players/clifford-omoruyi-1.html,Clifford Omoruyi
/cbb/players/eugene-omoruyi-1.html,Eugene Omoruyi
/cbb/players/nuni-omot-1.html,Nuni Omot
/cbb/players/osaro-onaiwu-1.html,Osaro Onaiwu
/cbb/players/dick-ondecker-1.html,Dick Ondecker
/cbb/players/larry-ondecker-1.html,Larry Ondecker
/cbb/players/bill-onder-1.html,Bill Onder
/cbb/players/marek-ondera-1.html,Marek Ondera
/cbb/players/malik-ondigo-1.html,Malik Ondigo
/cbb/players/don-oneacre-1.html,Don Oneacre
/cbb/players/chris-oney-1.html,Chris Oney
/cbb/players/larry-oney-1.html,Larry Oney
/cbb/players/kristof-ongenaet-1.html,Kristof Ongenaet
/cbb/players/nick-ongenda-1.html,Nick Ongenda
/cbb/players/radar-onguetou-1.html,Radar Onguetou
/cbb/players/tylor-ongwae-1.html,Tylor Ongwae
/cbb/players/miye-oni-1.html,Miye Oni
/cbb/players/raheem-onibudo-1.html,Raheem Onibudo
/cbb/players/demola-onifade-1.html,Demola Onifade
/cbb/players/fendi-onobun-1.html,Fendi Onobun
/cbb/players/john-ontjes-1.html,John Ontjes
/cbb/players/arinze-onuaku-1.html,Arinze Onuaku
/cbb/players/chinanu-onuaku-1.html,Chinanu Onuaku
/cbb/players/emmanuel-onuama-1.html,Emmanuel Onuama
/cbb/players/nnadozie-onuoha-1.html,Nnadozie Onuoha
/cbb/players/arthur-onuora-1.html,Arthur Onuora
/cbb/players/david-onuorah-1.html,David Onuorah
/cbb/players/michael-onuorah-1.html,Michael Onuorah
/cbb/players/princeton-onwas-1.html,Princeton Onwas
/cbb/players/patrick-onwenu-1.html,Patrick Onwenu
/cbb/players/randy-onwuasor-1.html,Randy Onwuasor
/cbb/players/sam-onwuchekwa-1.html,Sam Onwuchekwa
/cbb/players/malachy-onwudiegwu-1.html,Malachy Onwudiegwu
/cbb/players/reggis-onwukamuche-1.html,Reggis Onwukamuche
/cbb/players/kevin-onyeaka-1.html,Kevin Onyeaka
/cbb/players/michael-onyebalu-1.html,Michael Onyebalu
/cbb/players/drew-onyebuchi-1.html,Drew Onyebuchi
/cbb/players/kenny-onyechi-1.html,Kenny Onyechi
/cbb/players/ifeanyi-onyekaba-1.html,Ifeanyi Onyekaba
/cbb/players/chika-onyekanne-1.html,Chika Onyekanne
/cbb/players/ugonna-onyekwe-1.html,Ugonna Onyekwe
/cbb/players/zerik-onyema-1.html,Ze'Rik Onyema
/cbb/players/etoagwara-onyenegecha-1.html,Etoagwara Onyenegecha
/cbb/players/barnard-onyenucheya-1.html,Barnard Onyenucheya
/cbb/players/nedu-onyeuku-1.html,Nedu Onyeuku
/cbb/players/kamarachi-onyirioha-1.html,Kamarachi Onyirioha
/cbb/players/chido-onyiuke-1.html,Chido Onyiuke
/cbb/players/joost-ooms-1.html,Joost Ooms
/cbb/players/jp-oosterbaan-1.html,J.P. Oosterbaan
/cbb/players/john-oosterbaan-1.html,John Oosterbaan
/cbb/players/thomas-oosterbroek-1.html,Thomas Oosterbroek
/cbb/players/ernie-oosterveen-1.html,Ernie Oosterveen
/cbb/players/antonio-ootesey-1.html,Antonio Ootesey
/cbb/players/alex-opacic-1.html,Alex Opacic
/cbb/players/andy-opacich-1.html,Andy Opacich
/cbb/players/_-operdino-1.html,_ Operdino
/cbb/players/jeff-oplinger-1.html,Jeff Oplinger
/cbb/players/hermann-opoku-1.html,Hermann Opoku
/cbb/players/nana-opoku-1.html,Nana Opoku
/cbb/players/sabastian-opon-1.html,Sabastian Opon
/cbb/players/earv-opong-1.html,Earv Opong
/cbb/players/bill-oppenheimer-1.html,Bill Oppenheimer
/cbb/players/josh-oppenheimer-2.html,Josh Oppenheimer
/cbb/players/dan-oppland-1.html,Dan Oppland
/cbb/players/mike-oppland-1.html,Mike Oppland
/cbb/players/papa-oppong-1.html,Papa Oppong
/cbb/players/shawn-opunui-1.html,Shawn Opunui
/cbb/players/kario-oquendo-1.html,Kario Oquendo
/cbb/players/mike-oquinn-1.html,Mike Oquinn
/cbb/players/omar-oraby-1.html,Omar Oraby
/cbb/players/sorena-orandi-1.html,Sorena Orandi
/cbb/players/marvin-orange-1.html,Marvin Orange
/cbb/players/r-orange-1.html,R Orange
/cbb/players/ron-oranski-1.html,Ron Oranski
/cbb/players/jim-oravec-1.html,Jim Oravec
/cbb/players/hogan-orbaugh-1.html,Hogan Orbaugh
/cbb/players/sam-orchard-1.html,Sam Orchard
/cbb/players/alex-orchowski-1.html,Alex Orchowski
/cbb/players/tony-orciari-1.html,Tony Orciari
/cbb/players/john-orenczak-1.html,John Orenczak
/cbb/players/jacob-orender-1.html,Jacob Orender
/cbb/players/greg-orendorff-1.html,Greg Orendorff
/cbb/players/_-orent-2.html,_ Orent
/cbb/players/sumter-orenthal-1.html,Sumter Orenthal
/cbb/players/adam-oresky-1.html,Adam Oresky
/cbb/players/mike-orfini-1.html,Mike Orfini
/cbb/players/darrell-orgeron-1.html,Darrell Orgeron
/cbb/players/kenny-orgeron-1.html,Kenny Orgeron
/cbb/players/ray-orgill-1.html,Ray Orgill
/cbb/players/erkan-orguz-1.html,Erkan Orguz
/cbb/players/alex-oriakhi-1.html,Alex Oriakhi
/cbb/players/mike-oristaglio-1.html,Mike Oristaglio
/cbb/players/paul-oristaglio-1.html,Paul Oristaglio
/cbb/players/steve-oristaglio-1.html,Steve Oristaglio
/cbb/players/ray-oritz-1.html,Ray Oritz
/cbb/players/ralueke-orizu-1.html,Ralueke Orizu
/cbb/players/dave-orlandini-1.html,Dave Orlandini
/cbb/players/al-orlando-1.html,Al Orlando
/cbb/players/art-orlando-1.html,Art Orlando
/cbb/players/louis-orlando-1.html,Louis Orlando
/cbb/players/michael-orlich-1.html,Michael Orlich
/cbb/players/chris-orlina-1.html,Chris Orlina
/cbb/players/denis-orlov-1.html,Denis Orlov
/cbb/players/daniel-orlovsky-1.html,Daniel Orlovsky
/cbb/players/miles-orman-1.html,Miles Orman
/cbb/players/jamie-orme-1.html,Jamie Orme
/cbb/players/steve-orme-1.html,Steve Orme
/cbb/players/kip-ormerod-1.html,Kip Ormerod
/cbb/players/chad-ormiston-1.html,Chad Ormiston
/cbb/players/arturo-ormond-1.html,Arturo Ormond
/cbb/players/barry-orms-1.html,Barry Orms
/cbb/players/john-ormsby-1.html,John Ormsby
/cbb/players/steve-ornalez-1.html,Steve Ornalez
/cbb/players/don-orndorff-1.html,Don Orndorff
/cbb/players/tom-orner-1.html,Tom Orner
/cbb/players/michael-orock-1.html,Michael Orock
/cbb/players/tomer-oron-1.html,Tomer Oron
/cbb/players/ruben-oronoz-1.html,Ruben Oronoz
/cbb/players/chris-orozco-1.html,Chris Orozco
/cbb/players/antoine-orr-1.html,Antoine Orr
/cbb/players/bill-orr-1.html,Bill Orr
/cbb/players/blair-orr-1.html,Blair Orr
/cbb/players/chauncey-orr-1.html,Chauncey Orr
/cbb/players/dan-orr-1.html,Dan Orr
/cbb/players/david-orr-1.html,David Orr
/cbb/players/derreck-orr-1.html,Derreck Orr
/cbb/players/eric-orr-1.html,Eric Orr
/cbb/players/harry-orr-1.html,Harry Orr
/cbb/players/jack-orr-1.html,Jack Orr
/cbb/players/james-orr-1.html,James Orr
/cbb/players/jim-orr-1.html,Jim Orr
/cbb/players/john-orr-2.html,John Orr
/cbb/players/john-orr-1.html,John Orr
/cbb/players/justin-orr-1.html,Justin Orr
/cbb/players/len-orr-1.html,Len Orr
/cbb/players/lindsay-orr-1.html,Lindsay Orr
/cbb/players/lorenzo-orr-1.html,Lorenzo Orr
/cbb/players/louis-orr-1.html,Louis Orr
/cbb/players/neil-orr-1.html,Neil Orr
/cbb/players/thomas-orr-1.html,Thomas Orr
/cbb/players/townsend-orr-1.html,Townsend Orr
/cbb/players/george-orrell-1.html,George Orrell
/cbb/players/bob-orrill-1.html,Bob Orrill
/cbb/players/michael-orris-1.html,Michael Orris
/cbb/players/dick-orsagh-1.html,Dick Orsagh
/cbb/players/gary-orsak-1.html,Gary Orsak
/cbb/players/tony-orsbon-1.html,Tony Orsbon
/cbb/players/joe-orschanski-1.html,Joe Orschanski
/cbb/players/steve-orser-1.html,Steve Orser
/cbb/players/gary-orsini-1.html,Gary Orsini
/cbb/players/raul-orta-1.html,Raul Orta
/cbb/players/bobby-ortega-1.html,Bobby Ortega
/cbb/players/horatio-ortega-1.html,Horatio Ortega
/cbb/players/bob-ortegel-2.html,Bob Ortegel
/cbb/players/vic-orth-1.html,Vic Orth
/cbb/players/chris-ortiz-1.html,Chris Ortiz
/cbb/players/chris-ortiz-2.html,Chris Ortiz
/cbb/players/cory-ortiz-1.html,Cory Ortiz
/cbb/players/daniel-ortiz-1.html,Daniel Ortiz
/cbb/players/david-ortiz-1.html,David Ortiz
/cbb/players/ernie-ortiz-1.html,Ernie Ortiz
/cbb/players/fernando-ortiz-1.html,Fernando Ortiz
/cbb/players/jimmy-ortiz-1.html,Jimmy Ortiz
/cbb/players/john-ortiz-1.html,John Ortiz
/cbb/players/jose-ortiz-1.html,Jose Ortiz
/cbb/players/ken-ortiz-1.html,Ken Ortiz
/cbb/players/kenneth-ortiz-2.html,Kenneth Ortiz
/cbb/players/ray-ortiz-1.html,Ray Ortiz
/cbb/players/stalin-ortiz-1.html,Stalin Ortiz
/cbb/players/_-ortiz-4.html,_ Ortiz
/cbb/players/hartmut-ortmann-1.html,Hartmut Ortmann
/cbb/players/pete-ortolano-1.html,Pete Ortolano
/cbb/players/daniel-orton-1.html,Daniel Orton
/cbb/players/larry-orton-1.html,Larry Orton
/cbb/players/tim-orton-1.html,Tim Orton
/cbb/players/tom-orton-1.html,Tom Orton
/cbb/players/richard-oruche-1.html,Richard Oruche
/cbb/players/ehimen-orukpe-1.html,Ehimen Orukpe
/cbb/players/dan-orum-1.html,Dan Orum
/cbb/players/tom-orvald-1.html,Tom Orvald
/cbb/players/heath-orvis-1.html,Heath Orvis
/cbb/players/nelson-osa-1.html,Nelson Osa
/cbb/players/gabe-osabuohien-1.html,Gabe Osabuohien
/cbb/players/vince-osadchy-1.html,Vince Osadchy
/cbb/players/osasumwen-osaghae-1.html,Osasumwen Osaghae
/cbb/players/kevin-osawe-1.html,Kevin Osawe
/cbb/players/benson-osayande-1.html,Benson Osayande
/cbb/players/bob-osberry-1.html,Bob Osberry
/cbb/players/dquill-osbey-1.html,D'Quill Osbey
/cbb/players/jim-osbon-1.html,Jim Osbon
/cbb/players/andy-osborn-1.html,Andy Osborn
/cbb/players/bill-osborn-1.html,Bill Osborn
/cbb/players/cade-osborn-1.html,Cade Osborn
/cbb/players/chris-osborn-1.html,Chris Osborn
/cbb/players/clayton-osborn-1.html,Clayton Osborn
/cbb/players/dick-osborn-1.html,Dick Osborn
/cbb/players/greg-osborn-1.html,Greg Osborn
/cbb/players/luke-osborn-1.html,Luke Osborn
/cbb/players/rick-osborn-1.html,Rick Osborn
/cbb/players/ryan-osborn-1.html,Ryan Osborn
/cbb/players/trevor-osborn-1.html,Trevor Osborn
/cbb/players/adam-osborne-1.html,Adam Osborne
/cbb/players/alex-osborne-1.html,Alex Osborne
/cbb/players/bob-osborne-1.html,Bob Osborne
/cbb/players/bob-osborne-2.html,Bob Osborne
/cbb/players/bob-osborne-3.html,Bob Osborne
/cbb/players/charlie-osborne-1.html,Charlie Osborne
/cbb/players/chris-osborne-1.html,Chris Osborne
/cbb/players/connor-osborne-1.html,Connor Osborne
/cbb/players/everett-osborne-1.html,Everett Osborne
/cbb/players/isiah-osborne-1.html,Isiah Osborne
/cbb/players/jack-osborne-1.html,Jack Osborne
/cbb/players/james-osborne-1.html,James Osborne
/cbb/players/jason-osborne-1.html,Jason Osborne
/cbb/players/jason-osborne-3.html,Jason Osborne
/cbb/players/jeff-osborne-1.html,Jeff Osborne
/cbb/players/jon-osborne-1.html,Jon Osborne
/cbb/players/larry-osborne-1.html,Larry Osborne
/cbb/players/larry-osborne-2.html,Larry Osborne
/cbb/players/leland-osborne-1.html,Leland Osborne
/cbb/players/malik-osborne-1.html,Malik Osborne
/cbb/players/mike-osborne-1.html,Mike Osborne
/cbb/players/nick-osborne-1.html,Nick Osborne
/cbb/players/pat-osborne-1.html,Pat Osborne
/cbb/players/_-osborne-1.html,_ Osborne
/cbb/players/jim-osbourn-1.html,Jim Osbourn
/cbb/players/dale-osbourne-1.html,Dale Osbourne
/cbb/players/donald-osbourne-1.html,Donald Osbourne
/cbb/players/john-osbourne-1.html,John Osbourne
/cbb/players/levi-osbourne-1.html,Levi Osbourne
/cbb/players/nicholaus-osbourne-1.html,Nicholaus Osbourne
/cbb/players/bob-osbrink-1.html,Bob Osbrink
/cbb/players/bambale-osby-1.html,Bambale Osby
/cbb/players/danny-osby-1.html,Danny Osby
/cbb/players/levi-osby-1.html,Levi Osby
/cbb/players/romero-osby-1.html,Romero Osby
/cbb/players/dylan-osean-1.html,Dylan Osean
/cbb/players/dominic-osei-1.html,Dominic Osei
/cbb/players/idris-osei-agyeman-1.html,Idris Osei-Agyeman
/cbb/players/andrew-osemhen-1.html,Andrew Osemhen
/cbb/players/oto-osenieks-1.html,Oto Osenieks
/cbb/players/cory-osetkowski-1.html,Cory Osetkowski
/cbb/players/dylan-osetkowski-1.html,Dylan Osetkowski
/cbb/players/aaron-osgood-1.html,Aaron Osgood
/cbb/players/john-osgood-1.html,John Osgood
/cbb/players/_-osgood-1.html,_ Osgood
/cbb/players/bernie-osherow-1.html,Bernie Osherow
/cbb/players/hanks-oshinaike-1.html,Hanks Oshinaike
/cbb/players/christian-oshita-1.html,Christian Oshita
/cbb/players/jason-osier-1.html,Jason Osier
/cbb/players/tide-osifeso-1.html,Tide Osifeso
/cbb/players/osayi-osifo-1.html,Osayi Osifo
/cbb/players/matt-osikowicz-1.html,Matt Osikowicz
/cbb/players/martin-osimani-1.html,Martin Osimani
/cbb/players/al-osina-1.html,Al Osina
/cbb/players/jerry-osina-1.html,Jerry Osina
/cbb/players/mark-osina-1.html,Mark Osina
/cbb/players/corey-osinski-1.html,Corey Osinski
/cbb/players/jerry-osinski-1.html,Jerry Osinski
/cbb/players/alex-osipovitch-1.html,Alex Osipovitch
/cbb/players/stephen-osisek-1.html,Stephen Osisek
/cbb/players/adham-osman-1.html,Adham Osman
/cbb/players/ted-osman-1.html,Ted Osman
/cbb/players/sami-osmani-1.html,Sami Osmani
/cbb/players/vedad-osmanovic-1.html,Vedad Osmanovic
/cbb/players/ted-osmola-1.html,Ted Osmola
/cbb/players/eric-osmundson-1.html,Eric Osmundson
/cbb/players/great-osobor-1.html,Great Osobor
/cbb/players/joel-osofsky-1.html,Joel Osofsky
/cbb/players/frank-osojnicki-1.html,Frank Osojnicki
/cbb/players/roque-osorio-1.html,Roque Osorio
/cbb/players/alex-osowick-1.html,Alex Osowick
/cbb/players/jeff-osowski-1.html,Jeff Osowski
/cbb/players/mike-osowski-1.html,Mike Osowski
/cbb/players/kemy-osse-1.html,Kemy Osse
/cbb/players/dick-ossi-1.html,Dick Ossi
/cbb/players/steve-osso-1.html,Steve Osso
/cbb/players/jim-ossola-1.html,Jim Ossola
/cbb/players/joe-ossola-1.html,Joe Ossola
/cbb/players/joe-ossola-2.html,Joe Ossola
/cbb/players/brett-ost-1.html,Brett Ost
/cbb/players/ivan-ostarcevic-1.html,Ivan Ostarcevic
/cbb/players/misho-ostarcevic-1.html,Misho Ostarcevic
/cbb/players/dennis-ostaszewski-1.html,Dennis Ostaszewski
/cbb/players/mats-ostberg-1.html,Mats Ostberg
/cbb/players/chris-osten-1.html,Chris Osten
/cbb/players/brad-ostendorf-1.html,Brad Ostendorf
/cbb/players/gary-ostenson-1.html,Gary Ostenson
/cbb/players/walt-osterkorn-1.html,Walt Osterkorn
/cbb/players/ryan-osterloh-1.html,Ryan Osterloh
/cbb/players/aaron-osterman-1.html,Aaron Osterman
/cbb/players/pat-osterman-1.html,Pat Osterman
/cbb/players/tom-osterman-1.html,Tom Osterman
/cbb/players/greg-ostertag-1.html,Greg Ostertag
/cbb/players/don-ostler-1.html,Don Ostler
/cbb/players/troy-ostler-1.html,Troy Ostler
/cbb/players/michael-ostlund-1.html,Michael Ostlund
/cbb/players/harold-ostman-1.html,Harold Ostman
/cbb/players/mark-ostrand-1.html,Mark Ostrand
/cbb/players/lon-ostrom-1.html,Lon Ostrom
/cbb/players/dave-ostrosky-1.html,Dave Ostrosky
/cbb/players/jeremiah-ostrowski-1.html,Jeremiah Ostrowski
/cbb/players/joe-ostrowsky-1.html,Joe Ostrowsky
/cbb/players/stephen-osu-1.html,Stephen Osu
/cbb/players/osun-osunniyi-1.html,Osun Osunniyi
/cbb/players/tony-osunsanmi-1.html,Tony Osunsanmi
/cbb/players/chuck-oswald-1.html,Chuck Oswald
/cbb/players/gerry-oswald-1.html,Gerry Oswald
/cbb/players/jim-oswald-1.html,Jim Oswald
/cbb/players/joshua-oswald-1.html,Joshua Oswald
/cbb/players/tom-oswald-1.html,Tom Oswald
/cbb/players/tim-otah-1.html,Tim Otah
/cbb/players/jeff-otchere-1.html,Jeff Otchere
/cbb/players/dave-otero-1.html,Dave Otero
/cbb/players/jc-otero-1.html,J.C. Otero
/cbb/players/manny-otero-1.html,Manny Otero
/cbb/players/adrian-otey-1.html,Adrian Otey
/cbb/players/brady-otey-1.html,Brady Otey
/cbb/players/matt-othick-1.html,Matt Othick
/cbb/players/steve-othoro-1.html,Steve Othoro
/cbb/players/dezon-otis-1.html,Dezon Otis
/cbb/players/frank-otis-1.html,Frank Otis
/cbb/players/joe-otis-1.html,Joe Otis
/cbb/players/nick-otis-1.html,Nick Otis
/cbb/players/rob-otis-1.html,Rob Otis
/cbb/players/west-otis-1.html,West Otis
/cbb/players/bob-otrupchak-1.html,Bob Otrupchak
/cbb/players/andrew-ott-1.html,Andrew Ott
/cbb/players/andy-ott-1.html,Andy Ott
/cbb/players/charles-ott-1.html,Charles Ott
/cbb/players/chris-ott-1.html,Chris Ott
/cbb/players/leroy-ott-1.html,LeRoy Ott
/cbb/players/lyman-ott-1.html,Lyman Ott
/cbb/players/michael-ott-1.html,Michael Ott
/cbb/players/tyler-ott-1.html,Tyler Ott
/cbb/players/vontay-ott-1.html,Vontay Ott
/cbb/players/_-ott-2.html,_ Ott
/cbb/players/jim-otte-1.html,Jim Otte
/cbb/players/bob-otten-1.html,Bob Otten
/cbb/players/mac-otten-1.html,Mac Otten
/cbb/players/mac-otten-2.html,Mac Otten
/cbb/players/kenn-otteni-1.html,Kenn Otteni
/cbb/players/eric-ottens-1.html,Eric Ottens
/cbb/players/jason-otter-1.html,Jason Otter
/cbb/players/marcus-ottey-1.html,Marcus Ottey
/cbb/players/trevor-ottley-1.html,Trevor Ottley
/cbb/players/damion-ottman-1.html,Damion Ottman
/cbb/players/dave-otto-1.html,Dave Otto
/cbb/players/dave-otto-2.html,Dave Otto
/cbb/players/don-otto-1.html,Don Otto
/cbb/players/gary-otto-1.html,Gary Otto
/cbb/players/gregg-otto-1.html,Gregg Otto
/cbb/players/kenny-otto-1.html,Kenny Otto
/cbb/players/matt-otto-1.html,Matt Otto
/cbb/players/tom-otto-1.html,Tom Otto
/cbb/players/ken-ottrix-1.html,Ken Ottrix
/cbb/players/chris-otule-1.html,Chris Otule
/cbb/players/daniel-oturu-1.html,Daniel Oturu
/cbb/players/michael-ou-1.html,Michael Ou
/cbb/players/dallas-ouano-1.html,Dallas Ouano
/cbb/players/karim-ouattara-1.html,Karim Ouattara
/cbb/players/kelly-oubre-1.html,Kelly Oubre
/cbb/players/jim-ouderkirk-1.html,Jim Ouderkirk
/cbb/players/yvan-ouedraogo-1.html,Yvan Ouedraogo
/cbb/players/gene-oulman-1.html,Gene Oulman
/cbb/players/andre-oupoh-1.html,Andre Oupoh
/cbb/players/jason-ourada-1.html,Jason Ourada
/cbb/players/khalil-ourguis-1.html,Khalil Ourguis
/cbb/players/joe-ourro-1.html,Joe Ourro
/cbb/players/billfumbo-ouseley-1.html,"Bill ""Fumbo"" Ouseley"
/cbb/players/jermaine-ousley-1.html,Jermaine Ousley
/cbb/players/abou-ousmane-1.html,Abou Ousmane
/cbb/players/zack-out-1.html,Zack Out
/cbb/players/shawn-outen-1.html,Shawn Outen
/cbb/players/orion-outerbridge-1.html,Orion Outerbridge
/cbb/players/jared-outing-1.html,Jared Outing
/cbb/players/bo-outlaw-1.html,Bo Outlaw
/cbb/players/gary-outlaw-1.html,Gary Outlaw
/cbb/players/greg-outlaw-1.html,Greg Outlaw
/cbb/players/james-outlaw-1.html,James Outlaw
/cbb/players/jojo-outlaw-1.html,JoJo Outlaw
/cbb/players/roosevelt-outlaw-1.html,Roosevelt Outlaw
/cbb/players/ty-outlaw-1.html,Ty Outlaw
/cbb/players/vernon-outlaw-1.html,Vernon Outlaw
/cbb/players/walter-outlaw-1.html,Walter Outlaw
/cbb/players/jamel-outler-1.html,Jamel Outler
/cbb/players/gibbiarra-outten-1.html,Gibbiarra Outten
/cbb/players/jabari-outtz-1.html,Jabari Outtz
/cbb/players/elvir-ovcina-1.html,Elvir Ovcina
/cbb/players/jim-ove-2.html,Jim Ove
/cbb/players/randy-oveneke-1.html,Randy Oveneke
/cbb/players/gary-overbeck-1.html,Gary Overbeck
/cbb/players/cornelius-overby-1.html,Cornelius Overby
/cbb/players/jay-overcash-1.html,Jay Overcash
/cbb/players/lawrence-overcast-1.html,Lawrence Overcast
/cbb/players/duan-overgaard-1.html,Duan Overgaard
/cbb/players/roger-overholt-1.html,Roger Overholt
/cbb/players/jeff-overhouse-1.html,Jeff Overhouse
/cbb/players/clarke-overlander-1.html,Clarke Overlander
/cbb/players/larry-overskei-1.html,Larry Overskei
/cbb/players/david-overstreet-1.html,David Overstreet
/cbb/players/dion-overstreet-1.html,Dion Overstreet
/cbb/players/donald-overstreet-1.html,Donald Overstreet
/cbb/players/jerry-overstreet-1.html,Jerry Overstreet
/cbb/players/karl-overstreet-1.html,Karl Overstreet
/cbb/players/roosevelt-overstreet-1.html,Roosevelt Overstreet
/cbb/players/alvin-overton-1.html,Alvin Overton
/cbb/players/bo-overton-1.html,Bo Overton
/cbb/players/bruce-overton-1.html,Bruce Overton
/cbb/players/chuck-overton-1.html,Chuck Overton
/cbb/players/darrell-overton-1.html,Darrell Overton
/cbb/players/doug-overton-1.html,Doug Overton
/cbb/players/jamison-overton-1.html,Jamison Overton
/cbb/players/kevin-overton-1.html,Kevin Overton
/cbb/players/miles-overton-1.html,Miles Overton
/cbb/players/tony-overton-1.html,Tony Overton
/cbb/players/venoy-overton-1.html,Venoy Overton
/cbb/players/jim-overtoom-1.html,Jim Overtoom
/cbb/players/magd-owayed-1.html,Magd Owayed
/cbb/players/addison-owen-1.html,Addison Owen
/cbb/players/bob-owen-1.html,Bob Owen
/cbb/players/bob-owen-2.html,Bob Owen
/cbb/players/chris-owen-3.html,Chris Owen
/cbb/players/frank-owen-1.html,Frank Owen
/cbb/players/glen-owen-1.html,Glen Owen
/cbb/players/kim-owen-1.html,Kim Owen
/cbb/players/lamar-owen-1.html,LaMar Owen
/cbb/players/nathan-owen-1.html,Nathan Owen
/cbb/players/raven-owen-1.html,Raven Owen
/cbb/players/thomas-owen-1.html,Thomas Owen
/cbb/players/tim-owen-3.html,Tim Owen
/cbb/players/_-owen-1.html,_ Owen
/cbb/players/nate-owendoff-1.html,Nate Owendoff
/cbb/players/albert-owens-1.html,Albert Owens
/cbb/players/andre-owens-1.html,Andre Owens
/cbb/players/andre-owens-2.html,Andre Owens
/cbb/players/andre-owens-3.html,Andre Owens
/cbb/players/andre-owens-4.html,Andre Owens
/cbb/players/andy-owens-1.html,Andy Owens
/cbb/players/antoine-owens-1.html,Antoine Owens
/cbb/players/billy-owens-1.html,Billy Owens
/cbb/players/billy-owens-2.html,Billy Owens
/cbb/players/bobby-owens-1.html,Bobby Owens
/cbb/players/brandon-owens-1.html,Brandon Owens
/cbb/players/broderic-owens-1.html,Broderic Owens
/cbb/players/carlton-owens-1.html,Carlton Owens
/cbb/players/charles-owens-1.html,Charles Owens
/cbb/players/charles-owens-2.html,Charles Owens
/cbb/players/chaz-owens-1.html,Chaz Owens
/cbb/players/chris-owens-1.html,Chris Owens
/cbb/players/chris-owens-2.html,Chris Owens
/cbb/players/claxton-owens-1.html,Claxton Owens
/cbb/players/clemmye-owens-1.html,Clemmye Owens
/cbb/players/cliff-owens-1.html,Cliff Owens
/cbb/players/craig-owensjr-1.html,Craig Owens
/cbb/players/damian-owens-1.html,Damian Owens
/cbb/players/danny-owens-1.html,Danny Owens
/cbb/players/dapreis-owens-1.html,Dapreis Owens
/cbb/players/darrel-owens-1.html,Darrel Owens
/cbb/players/darryl-owens-1.html,Darryl Owens
/cbb/players/darryl-owens-2.html,Darryl Owens
/cbb/players/demarco-owens-1.html,Demarco Owens
/cbb/players/derrick-owens-1.html,Derrick Owens
/cbb/players/destah-owens-2.html,Destah Owens
/cbb/players/destah-owens-1.html,Destah Owens
/cbb/players/donnie-owens-1.html,Donnie Owens
/cbb/players/duane-owens-1.html,Duane Owens
/cbb/players/eddie-owens-2.html,Eddie Owens
/cbb/players/elijah-owens-1.html,Elijah Owens
/cbb/players/freddie-owens-1.html,Freddie Owens
/cbb/players/garland-owens-1.html,Garland Owens
/cbb/players/geoff-owens-1.html,Geoff Owens
/cbb/players/guy-owens-1.html,Guy Owens
/cbb/players/hollis-owens-1.html,Hollis Owens
/cbb/players/horace-owens-1.html,Horace Owens
/cbb/players/jack-owens-1.html,Jack Owens
/cbb/players/jack-owens-2.html,Jack Owens
/cbb/players/jack-owens-3.html,Jack Owens
/cbb/players/jacori-owens-1.html,Jacori Owens
/cbb/players/jamal-owens-1.html,Jamal Owens
/cbb/players/james-owens-1.html,James Owens
/cbb/players/jamesred-owens-1.html,James (Red) Owens
/cbb/players/jason-owens-1.html,Jason Owens
/cbb/players/jerome-owens-1.html,Jerome Owens
/cbb/players/jesse-owens-1.html,Jesse Owens
/cbb/players/jethro-owens-1.html,Jethro Owens
/cbb/players/jim-owens-1.html,Jim Owens
/cbb/players/jim-owens-2.html,Jim Owens
/cbb/players/joe-owens-1.html,Joe Owens
/cbb/players/joe-owens-2.html,Joe Owens
/cbb/players/jordyn-owens-1.html,Jordyn Owens
/cbb/players/josh-owens-1.html,Josh Owens
/cbb/players/kahlil-owens-1.html,Kahlil Owens
/cbb/players/keith-owens-1.html,Keith Owens
/cbb/players/kenny-owens-1.html,Kenny Owens
/cbb/players/kevin-owens-1.html,Kevin Owens
/cbb/players/kyle-owens-1.html,Kyle Owens
/cbb/players/kylon-owens-1.html,Kylon Owens
/cbb/players/lj-owens-1.html,L.J. Owens
/cbb/players/larry-owens-1.html,Larry Owens
/cbb/players/larry-owens-2.html,Larry Owens
/cbb/players/leonard-owens-1.html,Leonard Owens
/cbb/players/londell-owens-1.html,Londell Owens
/cbb/players/marcus-owens-1.html,Marcus Owens
/cbb/players/mark-owens-1.html,Mark Owens
/cbb/players/mark-owens-2.html,Mark Owens
/cbb/players/marvin-owens-1.html,Marvin Owens
/cbb/players/maurice-owens-1.html,Maurice Owens
/cbb/players/max-owens-1.html,Max Owens
/cbb/players/micah-owens-1.html,Micah Owens
/cbb/players/micah-owens-2.html,Micah Owens
/cbb/players/michael-owens-1.html,Michael Owens
/cbb/players/mike-owens-1.html,Mike Owens
/cbb/players/mike-owens-2.html,Mike Owens
/cbb/players/mike-owens-3.html,Mike Owens
/cbb/players/monty-owens-1.html,Monty Owens
/cbb/players/moses-owens-1.html,Moses Owens
/cbb/players/neiman-owens-1.html,Neiman Owens
/cbb/players/p-owens-1.html,P Owens
/cbb/players/phillip-owens-1.html,Phillip Owens
/cbb/players/reggie-owens-1.html,Reggie Owens
/cbb/players/robert-owens-1.html,Robert Owens
/cbb/players/robert-owens-2.html,Robert Owens
/cbb/players/rod-owens-2.html,Rod Owens
/cbb/players/rod-owens-1.html,Rod Owens
/cbb/players/ross-owens-1.html,Ross Owens
/cbb/players/ryan-owens-1.html,Ryan Owens
/cbb/players/scooter-owens-1.html,Scooter Owens
/cbb/players/skylard-owens-1.html,Skylard Owens
/cbb/players/taj-owens-1.html,Taj Owens
/cbb/players/tariq-owens-1.html,Tariq Owens
/cbb/players/ted-owens-1.html,Ted Owens
/cbb/players/tennessee-owens-1.html,Tennessee Owens
/cbb/players/teron-owens-1.html,Teron Owens
/cbb/players/terrell-owens-1.html,Terrell Owens
/cbb/players/theodis-owens-1.html,Theodis Owens
/cbb/players/tim-owens-1.html,Tim Owens
/cbb/players/tim-owens-2.html,Tim Owens
/cbb/players/tim-owens-3.html,Tim Owens
/cbb/players/tom-owens-1.html,Tom Owens
/cbb/players/tom-owens-2.html,Tom Owens
/cbb/players/tre-owens-1.html,Tre Owens
/cbb/players/trelonnie-owens-1.html,Trelonnie Owens
/cbb/players/tristan-owens-1.html,Tristan Owens
/cbb/players/wendell-owens-1.html,Wendell Owens
/cbb/players/wendell-owens-2.html,Wendell Owens
/cbb/players/william-owens-1.html,William Owens
/cbb/players/xavier-owens-1.html,Xavier Owens
/cbb/players/jerryck-owens-murrey-1.html,Jerryck Owens-Murrey
/cbb/players/kaimondre-owes-1.html,Kaimondre Owes
/cbb/players/ray-owes-1.html,Ray Owes
/cbb/players/matthew-owies-1.html,Matthew Owies
/cbb/players/luke-owings-1.html,Luke Owings
/cbb/players/godwin-owinje-1.html,Godwin Owinje
/cbb/players/tunde-owoiya-1.html,Tunde Owoiya
/cbb/players/mike-owona-1.html,Mike Owona
/cbb/players/emmanuel-owootoah-1.html,Emmanuel Owootoah
/cbb/players/jim-owsley-1.html,Jim Owsley
/cbb/players/pj-owsley-1.html,P.J. Owsley
/cbb/players/travis-owsley-1.html,Travis Owsley
/cbb/players/alex-owumi-1.html,Alex Owumi
/cbb/players/nana-owusu-anane-1.html,Nana Owusu-Anane
/cbb/players/lynn-oxenreider-1.html,Lynn Oxenreider
/cbb/players/barry-oxford-1.html,Barry Oxford
/cbb/players/kindel-oxilus-1.html,Kindel Oxilus
/cbb/players/jim-oxley-1.html,Jim Oxley
/cbb/players/doug-oxsen-1.html,Doug Oxsen
/cbb/players/samson-oyediran-1.html,Samson Oyediran
/cbb/players/michael-oyefusi-1.html,Michael Oyefusi
/cbb/players/ayotunde-oyeniyi-1.html,Ayotunde Oyeniyi
/cbb/players/mike-oyer-1.html,Mike Oyer
/cbb/players/julio-oyervides-1.html,Julio Oyervides
/cbb/players/dan-oyharcabal-1.html,Dan Oyharcabal
/cbb/players/ilya-oyzerskiy-1.html,Ilya Oyzerskiy
/cbb/players/josh-ozabor-1.html,Josh Ozabor
/cbb/players/joe-ozburn-1.html,Joe Ozburn
/cbb/players/gaber-ozegovic-1.html,Gaber Ozegovic
/cbb/players/naji-ozeir-1.html,Naji Ozeir
/cbb/players/samer-ozeir-1.html,Samer Ozeir
/cbb/players/bill-ozenberger-1.html,Bill Ozenberger
/cbb/players/koreem-ozier-1.html,Koreem Ozier
/cbb/players/stevin-ozier-1.html,Stevin Ozier
/cbb/players/okeme-oziwo-1.html,Okeme Oziwo
/cbb/players/chris-ozment-1.html,Chris Ozment
/cbb/players/paul-ozug-1.html,Paul Ozug
/cbb/players/rico-ozuna-harrison-1.html,Rico Ozuna-Harrison
