url,name
/cbb/players/marvin-zaandam-1.html,Marvin Zaandam
/cbb/players/henry-zabierik-1.html,Henry Zabierik
/cbb/players/kevin-zabo-1.html,Kevin Zabo
/cbb/players/alec-zaccardo-1.html,Alec Zaccardo
/cbb/players/dan-zachary-1.html,Dan Zachary
/cbb/players/danny-zachary-1.html,Danny Zachary
/cbb/players/michael-zachary-1.html,Michael Zachary
/cbb/players/randy-zachary-1.html,Randy Zachary
/cbb/players/richard-zacher-1.html,Richard Zacher
/cbb/players/nick-zachery-1.html,Nick Zachery
/cbb/players/john-zachritz-1.html,John Zachritz
/cbb/players/scott-zack-1.html,Scott Zack
/cbb/players/steve-zack-1.html,Steve Zack
/cbb/players/jaeden-zackery-1.html,Jaeden Zackery
/cbb/players/bill-zadel-1.html,Bill Zadel
/cbb/players/gene-zadzilka-1.html,Gene Zadzilka
/cbb/players/manny-zafires-1.html,Manny Zafires
/cbb/players/petrolsav-zafirov-1.html,Petrolsav Zafirov
/cbb/players/todd-zafirovski-1.html,Todd Zafirovski
/cbb/players/bill-zagar-1.html,Bill Zagar
/cbb/players/mike-zagardo-1.html,Mike Zagardo
/cbb/players/ron-zager-1.html,Ron Zager
/cbb/players/chuck-zagozdon-1.html,Chuck Zagozdon
/cbb/players/kyle-zaharias-1.html,Kyle Zaharias
/cbb/players/nick-zaharias-1.html,Nick Zaharias
/cbb/players/adam-zahn-1.html,Adam Zahn
/cbb/players/alan-zahn-1.html,Alan Zahn
/cbb/players/andrew-zahn-1.html,Andrew Zahn
/cbb/players/_-zahn-1.html,_ Zahn
/cbb/players/andrew-zahora-1.html,Andrew Zahora
/cbb/players/bob-zajac-1.html,Bob Zajac
/cbb/players/craig-zajac-1.html,Craig Zajac
/cbb/players/ed-zajac-1.html,Ed Zajac
/cbb/players/jon-zajac-1.html,Jon Zajac
/cbb/players/richie-zajac-1.html,Richie Zajac
/cbb/players/bob-zak-1.html,Bob Zak
/cbb/players/dave-zak-1.html,Dave Zak
/cbb/players/jim-zak-1.html,Jim Zak
/cbb/players/mike-zak-1.html,Mike Zak
/cbb/players/ted-zak-1.html,Ted Zak
/cbb/players/john-zakariassen-1.html,John Zakariassen
/cbb/players/pavel-zakharov-1.html,Pavel Zakharov
/cbb/players/max-zakheim-1.html,Max Zakheim
/cbb/players/mike-zaklan-1.html,Mike Zaklan
/cbb/players/casey-zakowski-1.html,Casey Zakowski
/cbb/players/steve-zakula-1.html,Steve Zakula
/cbb/players/matt-zalauskas-1.html,Matt Zalauskas
/cbb/players/jim-zalenka-1.html,Jim Zalenka
/cbb/players/matt-zaleski-1.html,Matt Zaleski
/cbb/players/bob-zaletal-1.html,Bob Zaletal
/cbb/players/joe-zaletel-1.html,Joe Zaletel
/cbb/players/eric-zalewski-1.html,Eric Zalewski
/cbb/players/tom-zaliagiris-1.html,Tom Zaliagiris
/cbb/players/george-zalucki-1.html,George Zalucki
/cbb/players/paulius-zalys-1.html,Paulius Zalys
/cbb/players/mark-zamat-1.html,Mark Zamat
/cbb/players/george-zambetti-1.html,George Zambetti
/cbb/players/ryan-zambie-1.html,Ryan Zambie
/cbb/players/steve-zambo-1.html,Steve Zambo
/cbb/players/joe-zamborsky-1.html,Joe Zamborsky
/cbb/players/rod-zamor-1.html,Rod Zamor
/cbb/players/adrian-zamora-1.html,Adrian Zamora
/cbb/players/jojo-zamora-1.html,JoJo Zamora
/cbb/players/robert-zamora-1.html,Robert Zamora
/cbb/players/paolo-zamorano-1.html,Paolo Zamorano
/cbb/players/brian-zamore-1.html,Brian Zamore
/cbb/players/alex-zampier-1.html,Alex Zampier
/cbb/players/john-zampier-1.html,John Zampier
/cbb/players/davide-zanbon-1.html,Davide Zanbon
/cbb/players/allyn-zanchi-1.html,Allyn Zanchi
/cbb/players/dan-zanderson-1.html,Dan Zanderson
/cbb/players/len-zandy-1.html,Len Zandy
/cbb/players/gene-zane-1.html,Gene Zane
/cbb/players/stewart-zane-1.html,Stewart Zane
/cbb/players/stewart-zane-2.html,Stewart Zane
/cbb/players/matt-zaney-1.html,Matt Zaney
/cbb/players/eugene-zang-1.html,Eugene Zang
/cbb/players/michael-zangari-1.html,Michael Zangari
/cbb/players/george-zaninovich-1.html,George Zaninovich
/cbb/players/george-zaninovich-2.html,George Zaninovich
/cbb/players/nura-zanna-1.html,Nura Zanna
/cbb/players/talib-zanna-1.html,Talib Zanna
/cbb/players/rudy-zannini-1.html,Rudy Zannini
/cbb/players/craig-zanon-1.html,Craig Zanon
/cbb/players/rick-zanon-1.html,Rick Zanon
/cbb/players/scott-zanon-1.html,Scott Zanon
/cbb/players/pete-van-zant-1.html,Pete van Zant
/cbb/players/john-zanzalari-1.html,John Zanzalari
/cbb/players/tony-zanze-1.html,Tony Zanze
/cbb/players/szymon-zapala-1.html,Szymon Zapala
/cbb/players/tommy-zapata-1.html,Tommy Zapata
/cbb/players/bill-zapp-1.html,Bill Zapp
/cbb/players/ermine-zappa-1.html,Ermine Zappa
/cbb/players/ron-zappia-1.html,Ron Zappia
/cbb/players/_-zaptor-1.html,_ Zaptor
/cbb/players/gil-zaragoza-1.html,Gil Zaragoza
/cbb/players/zack-zaragoza-1.html,Zack Zaragoza
/cbb/players/joe-zaranka-1.html,Joe Zaranka
/cbb/players/john-zaraoza-1.html,John Zaraoza
/cbb/players/morris-zarchen-1.html,Morris Zarchen
/cbb/players/stan-zardozny-1.html,Stan Zardozny
/cbb/players/andrew-zarechnak-1.html,Andrew Zarechnak
/cbb/players/nemanja-zarkovic-1.html,Nemanja Zarkovic
/cbb/players/bob-zarr-1.html,Bob Zarr
/cbb/players/jesse-zarzuela-1.html,Jesse Zarzuela
/cbb/players/max-zaslofsky-1.html,Max Zaslofsky
/cbb/players/eric-zastoupil-1.html,Eric Zastoupil
/cbb/players/ed-zastrow-1.html,Ed Zastrow
/cbb/players/nate-zastrow-1.html,Nate Zastrow
/cbb/players/butch-zatezalo-1.html,Butch Zatezalo
/cbb/players/rudy-zatezalo-1.html,Rudy Zatezalo
/cbb/players/jeff-zatkoff-1.html,Jeff Zatkoff
/cbb/players/johnny-zatopek-1.html,Johnny Zatopek
/cbb/players/john-zatorski-1.html,John Zatorski
/cbb/players/ed-zausch-1.html,Ed Zausch
/cbb/players/ed-zausch-2.html,Ed Zausch
/cbb/players/donatas-zavackas-1.html,Donatas Zavackas
/cbb/players/jeff-zavada-1.html,Jeff Zavada
/cbb/players/jeff-zavada-2.html,Jeff Zavada
/cbb/players/javier-zavala-1.html,Javier Zavala
/cbb/players/bob-zavorskas-1.html,Bob Zavorskas
/cbb/players/tom-zavorskas-1.html,Tom Zavorskas
/cbb/players/ron-zawacki-1.html,Ron Zawacki
/cbb/players/ted-zawacki-1.html,Ted Zawacki
/cbb/players/ray-zawadzki-1.html,Ray Zawadzki
/cbb/players/joe-zawawacki-1.html,Joe Zawawacki
/cbb/players/bob-zawoluk-1.html,Bob Zawoluk
/cbb/players/steve-zazuri-1.html,Steve Zazuri
/cbb/players/frank-zazzaro-1.html,Frank Zazzaro
/cbb/players/john-zazzaro-1.html,John Zazzaro
/cbb/players/bill-zban-1.html,Bill Zban
/cbb/players/dima-zdor-1.html,Dima Zdor
/cbb/players/larry-zebrack-1.html,Larry Zebrack
/cbb/players/aleksandar-zecevic-1.html,Aleksandar Zecevic
/cbb/players/stefan-zecevic-1.html,Stefan Zecevic
/cbb/players/gene-zech-1.html,Gene Zech
/cbb/players/patrick-zeck-1.html,Patrick Zeck
/cbb/players/mike-zedalis-1.html,Mike Zedalis
/cbb/players/marcus-zegarowski-1.html,Marcus Zegarowski
/cbb/players/tyler-zegarzewski-1.html,Tyler Zegarzewski
/cbb/players/joe-zeglinski-1.html,Joe Zeglinski
/cbb/players/sammy-zeglinski-1.html,Sammy Zeglinski
/cbb/players/zack-zeglinski-1.html,Zack Zeglinski
/cbb/players/andrew-zehnder-1.html,Andrew Zehnder
/cbb/players/todd-zehner-1.html,Todd Zehner
/cbb/players/john-zeides-1.html,John Zeides
/cbb/players/_-zeiff-1.html,_ Zeiff
/cbb/players/dick-zeiger-1.html,Dick Zeiger
/cbb/players/bo-zeigler-1.html,Bo Zeigler
/cbb/players/dave-zeigler-1.html,Dave Zeigler
/cbb/players/davin-zeigler-1.html,Davin Zeigler
/cbb/players/demitrius-zeigler-1.html,Demitrius Zeigler
/cbb/players/derrick-zeigler-1.html,Derrick Zeigler
/cbb/players/ernie-zeigler-2.html,Ernie Zeigler
/cbb/players/gordon-zeigler-1.html,Gordon Zeigler
/cbb/players/kenny-zeigler-1.html,Kenny Zeigler
/cbb/players/levelle-zeigler-1.html,Levelle Zeigler
/cbb/players/marcus-zeigler-1.html,Marcus Zeigler
/cbb/players/mitchell-zeigler-1.html,Mitchell Zeigler
/cbb/players/omar-zeigler-1.html,Omar Zeigler
/cbb/players/trey-zeigler-1.html,Trey Zeigler
/cbb/players/zakai-zeigler-1.html,Zakai Zeigler
/cbb/players/nic-zeil-1.html,Nic Zeil
/cbb/players/don-zeiler-1.html,Don Zeiler
/cbb/players/nick-zeisloft-1.html,Nick Zeisloft
/cbb/players/dick-zeitler-1.html,Dick Zeitler
/cbb/players/bill-zeits-1.html,Bill Zeits
/cbb/players/branimir-zeko-1.html,Branimir Zeko
/cbb/players/ray-zelek-1.html,Ray Zelek
/cbb/players/ted-zelek-1.html,Ted Zelek
/cbb/players/andrej-zelenbaba-1.html,Andrej Zelenbaba
/cbb/players/jovan-zelenbaba-1.html,Jovan Zelenbaba
/cbb/players/norm-zelenko-1.html,Norm Zelenko
/cbb/players/frank-zelesnik-1.html,Frank Zelesnik
/cbb/players/dick-zelickson-1.html,Dick Zelickson
/cbb/players/jack-zelinger-1.html,Jack Zelinger
/cbb/players/_-zelinski-1.html,_ Zelinski
/cbb/players/andrew-zelis-1.html,Andrew Zelis
/cbb/players/maros-zeliznak-1.html,Maros Zeliznak
/cbb/players/cody-zeller-1.html,Cody Zeller
/cbb/players/dave-zeller-1.html,Dave Zeller
/cbb/players/gary-zeller-1.html,Gary Zeller
/cbb/players/luke-zeller-1.html,Luke Zeller
/cbb/players/marty-zeller-1.html,Marty Zeller
/cbb/players/tyler-zeller-1.html,Tyler Zeller
/cbb/players/ed-zello-1.html,Ed Zello
/cbb/players/damian-zellous-1.html,Damian Zellous
/cbb/players/joseph-zemba-1.html,Joseph Zemba
/cbb/players/steve-zemba-1.html,Steve Zemba
/cbb/players/dick-zembal-1.html,Dick Zembal
/cbb/players/john-zembron-1.html,John Zembron
/cbb/players/deividas-zemgulis-1.html,Deividas Zemgulis
/cbb/players/deivis-zemgulis-1.html,Deivis Zemgulis
/cbb/players/bob-zender-1.html,Bob Zender
/cbb/players/ben-zenevich-1.html,Ben Zenevich
/cbb/players/martin-zeno-1.html,Martin Zeno
/cbb/players/michael-zeno-1.html,Michael Zeno
/cbb/players/michael-zeno-2.html,Michael Zeno
/cbb/players/tony-zeno-1.html,Tony Zeno
/cbb/players/guy-zenou-1.html,Guy Zenou
/cbb/players/mike-zepeda-1.html,Mike Zepeda
/cbb/players/keil-zepernick-1.html,Keil Zepernick
/cbb/players/bryce-zephir-1.html,Bryce Zephir
/cbb/players/buf-zephir-1.html,Buf Zephir
/cbb/players/timothy-zephyr-1.html,Timothy Zephyr
/cbb/players/bill-zepplin-1.html,Bill Zepplin
/cbb/players/neven-zeravica-1.html,Neven Zeravica
/cbb/players/chris-zerbe-1.html,Chris Zerbe
/cbb/players/paul-zeringue-1.html,Paul Zeringue
/cbb/players/jeff-zern-1.html,Jeff Zern
/cbb/players/michael-zernich-1.html,Michael Zernich
/cbb/players/bill-zersen-1.html,Bill Zersen
/cbb/players/_-zerwas-1.html,_ Zerwas
/cbb/players/peter-zestermann-1.html,Peter Zestermann
/cbb/players/_-zetz-2.html,_ Zetz
/cbb/players/al-zetzsche-1.html,Al Zetzsche
/cbb/players/phil-zevenbergen-1.html,Phil Zevenbergen
/cbb/players/thomas-zevgaras-1.html,Thomas Zevgaras
/cbb/players/kevin-zhang-1.html,Kevin Zhang
/cbb/players/max-zhang-1.html,Max Zhang
/cbb/players/alex-zhao-1.html,Alex Zhao
/cbb/players/zurabi-zhgenti-1.html,Zurabi Zhgenti
/cbb/players/andrew-zidar-1.html,Andrew Zidar
/cbb/players/george-zidek-1.html,George Zidek
/cbb/players/jan-zidek-1.html,Jan Zidek
/cbb/players/malte-ziegenhagen-1.html,Malte Ziegenhagen
/cbb/players/jerry-ziegenhorn-1.html,Jerry Ziegenhorn
/cbb/players/bob-ziegler-1.html,Bob Ziegler
/cbb/players/don-ziegler-1.html,Don Ziegler
/cbb/players/don-ziegler-2.html,Don Ziegler
/cbb/players/fritz-ziegler-1.html,Fritz Ziegler
/cbb/players/karl-ziegler-1.html,Karl Ziegler
/cbb/players/lonnie-ziegler-1.html,Lonnie Ziegler
/cbb/players/m-ziegler-1.html,M Ziegler
/cbb/players/rick-ziegler-1.html,Rick Ziegler
/cbb/players/ron-ziegler-1.html,Ron Ziegler
/cbb/players/todd-ziegler-1.html,Todd Ziegler
/cbb/players/travis-ziegler-1.html,Travis Ziegler
/cbb/players/matt-zielenbach-1.html,Matt Zielenbach
/cbb/players/frank-zielinski-1.html,Frank Zielinski
/cbb/players/jerry-zielinski-1.html,Jerry Zielinski
/cbb/players/maciej-zielinski-1.html,Maciej Zielinski
/cbb/players/russ-ziemba-1.html,Russ Ziemba
/cbb/players/steve-ziemian-1.html,Steve Ziemian
/cbb/players/chris-zier-1.html,Chris Zier
/cbb/players/isaiah-zierden-1.html,Isaiah Zierden
/cbb/players/larry-zigerelli-1.html,Larry Zigerelli
/cbb/players/matt-zignorski-1.html,Matt Zignorski
/cbb/players/tim-ziko-1.html,Tim Ziko
/cbb/players/chris-zikos-1.html,Chris Zikos
/cbb/players/giacomo-zilli-1.html,Giacomo Zilli
/cbb/players/jim-zilli-1.html,Jim Zilli
/cbb/players/greg-zilverberg-1.html,Greg Zilverberg
/cbb/players/stanley-zima-1.html,Stanley Zima
/cbb/players/andrew-zimbro-1.html,Andrew Zimbro
/cbb/players/ken-zimko-1.html,Ken Zimko
/cbb/players/bill-zimmer-1.html,Bill Zimmer
/cbb/players/jason-zimmer-1.html,Jason Zimmer
/cbb/players/adam-zimmerman-1.html,Adam Zimmerman
/cbb/players/arnie-zimmerman-1.html,Arnie Zimmerman
/cbb/players/ben-zimmerman-1.html,Ben Zimmerman
/cbb/players/chris-zimmerman-1.html,Chris Zimmerman
/cbb/players/dave-zimmerman-1.html,Dave Zimmerman
/cbb/players/derrick-zimmerman-1.html,Derrick Zimmerman
/cbb/players/dick-zimmerman-3.html,Dick Zimmerman
/cbb/players/don-zimmerman-1.html,Don Zimmerman
/cbb/players/fred-zimmerman-1.html,Fred Zimmerman
/cbb/players/gerald-zimmerman-1.html,Gerald Zimmerman
/cbb/players/jack-zimmerman-1.html,Jack Zimmerman
/cbb/players/jack-zimmerman-2.html,Jack Zimmerman
/cbb/players/james-zimmerman-1.html,James Zimmerman
/cbb/players/jason-zimmerman-1.html,Jason Zimmerman
/cbb/players/jim-zimmerman-1.html,Jim Zimmerman
/cbb/players/joe-zimmerman-1.html,Joe Zimmerman
/cbb/players/pete-zimmerman-1.html,Pete Zimmerman
/cbb/players/rodney-zimmerman-1.html,Rodney Zimmerman
/cbb/players/scott-zimmerman-1.html,Scott Zimmerman
/cbb/players/stephen-zimmermanjr-1.html,Stephen Zimmerman
/cbb/players/thurman-zimmerman-1.html,Thurman Zimmerman
/cbb/players/todd-zimmerman-1.html,Todd Zimmerman
/cbb/players/todd-zimmerman-2.html,Todd Zimmerman
/cbb/players/andrew-zimmermann-1.html,Andrew Zimmermann
/cbb/players/frank-zimmovan-1.html,Frank Zimmovan
/cbb/players/alex-zimnickas-1.html,Alex Zimnickas
/cbb/players/greg-zimny-1.html,Greg Zimny
/cbb/players/bogdan-zimonjic-1.html,Bogdan Zimonjic
/cbb/players/scott-zimos-1.html,Scott Zimos
/cbb/players/ted-zimowicz-1.html,Ted Zimowicz
/cbb/players/david-zingg-1.html,David Zingg
/cbb/players/john-zinirich-1.html,John Zinirich
/cbb/players/dave-zink-1.html,Dave Zink
/cbb/players/nevin-zink-1.html,Nevin Zink
/cbb/players/gary-zinkgraf-1.html,Gary Zinkgraf
/cbb/players/chuck-zinky-1.html,Chuck Zinky
/cbb/players/jim-zinn-1.html,Jim Zinn
/cbb/players/rob-zinn-1.html,Rob Zinn
/cbb/players/terry-zinn-1.html,Terry Zinn
/cbb/players/walt-zinn-1.html,Walt Zinn
/cbb/players/paul-zinser-1.html,Paul Zinser
/cbb/players/bill-zinsky-1.html,Bill Zinsky
/cbb/players/jim-zinsky-1.html,Jim Zinsky
/cbb/players/mark-ziolko-1.html,Mark Ziolko
/cbb/players/john-zipp-1.html,John Zipp
/cbb/players/marty-zippel-1.html,Marty Zippel
/cbb/players/_-zippel-1.html,_ Zippel
/cbb/players/jon-ziri-1.html,Jon Ziri
/cbb/players/morton-zisk-1.html,Morton Zisk
/cbb/players/alexander-ziskunov-1.html,Alexander Ziskunov
/cbb/players/matt-zitani-1.html,Matt Zitani
/cbb/players/fred-zitar-1.html,Fred Zitar
/cbb/players/lou-ziter-1.html,Lou Ziter
/cbb/players/bill-zito-1.html,Bill Zito
/cbb/players/john-zito-1.html,John Zito
/cbb/players/ales-zivanovic-1.html,Ales Zivanovic
/cbb/players/lazar-zivanovic-1.html,Lazar Zivanovic
/cbb/players/milos-zivanovic-1.html,Milos Zivanovic
/cbb/players/mitar-zivanovic-1.html,Mitar Zivanovic
/cbb/players/luka-zivkovic-1.html,Luka Zivkovic
/cbb/players/chris-zivney-1.html,Chris Zivney
/cbb/players/tyler-zivney-1.html,Tyler Zivney
/cbb/players/lubo-zizakovic-1.html,Lubo Zizakovic
/cbb/players/nikola-zizic-1.html,Nikola Zizic
/cbb/players/jay-ziznewski-1.html,Jay Ziznewski
/cbb/players/steve-zlko-1.html,Steve Zlko
/cbb/players/drazen-zlovaric-1.html,Drazen Zlovaric
/cbb/players/aaron-zobrist-1.html,Aaron Zobrist
/cbb/players/john-zoccali-1.html,John Zoccali
/cbb/players/alex-zock-1.html,Alex Zock
/cbb/players/roger-zoeller-1.html,Roger Zoeller
/cbb/players/kirsten-zoellner-1.html,Kirsten Zoellner
/cbb/players/jim-zoet-1.html,Jim Zoet
/cbb/players/mark-zoller-1.html,Mark Zoller
/cbb/players/klaas-zollner-1.html,Klaas Zollner
/cbb/players/vinny-zollo-1.html,Vinny Zollo
/cbb/players/charles-zolot-1.html,Charles Zolot
/cbb/players/chick-zomlefer-1.html,Chick Zomlefer
/cbb/players/matt-zona-1.html,Matt Zona
/cbb/players/mike-zona-1.html,Mike Zona
/cbb/players/kenrick-zondervan-1.html,Kenrick Zondervan
/cbb/players/sean-zone-1.html,Sean Zone
/cbb/players/bill-zopf-1.html,Bill Zopf
/cbb/players/noah-zoppi-1.html,Noah Zoppi
/cbb/players/paul-zorad-1.html,Paul Zorad
/cbb/players/bob-zoretich-1.html,Bob Zoretich
/cbb/players/danijel-zoric-1.html,Danijel Zoric
/cbb/players/kristers-zoriks-1.html,Kristers Zoriks
/cbb/players/bill-zorn-1.html,Bill Zorn
/cbb/players/tyler-zornes-1.html,Tyler Zornes
/cbb/players/dave-zornow-1.html,Dave Zornow
/cbb/players/paul-zorsky-1.html,Paul Zorsky
/cbb/players/ezra-zoschke-1.html,Ezra Zoschke
/cbb/players/brian-zoubek-1.html,Brian Zoubek
/cbb/players/nisre-zouzoua-1.html,Nisre Zouzoua
/cbb/players/adrian-zuber-1.html,Adrian Zuber
/cbb/players/dallas-zuber-1.html,Dallas Zuber
/cbb/players/_-zuber-2.html,_ Zuber
/cbb/players/aitor-zubizarreta-1.html,Aitor Zubizarreta
/cbb/players/mark-zubor-1.html,Mark Zubor
/cbb/players/_-zucco-1.html,_ Zucco
/cbb/players/henry-zuchowski-1.html,Henry Zuchowski
/cbb/players/ed-zucker-1.html,Ed Zucker
/cbb/players/herbert-zuckerman-1.html,Herbert Zuckerman
/cbb/players/maros-zuffa-1.html,Maros Zuffa
/cbb/players/cale-zuiker-1.html,Cale Zuiker
/cbb/players/jake-zuilhof-1.html,Jake Zuilhof
/cbb/players/vladimir-zujovic-1.html,Vladimir Zujovic
/cbb/players/jay-zulauf-1.html,Jay Zulauf
/cbb/players/jon-zulauf-1.html,Jon Zulauf
/cbb/players/dick-zulch-1.html,Dick Zulch
/cbb/players/gordie-zullges-1.html,Gordie Zullges
/cbb/players/jimmy-zullo-1.html,Jimmy Zullo
/cbb/players/arthur-zulu-1.html,Arthur Zulu
/cbb/players/don-zumbro-1.html,Don Zumbro
/cbb/players/george-zumbro-1.html,George Zumbro
/cbb/players/chip-zumer-1.html,Chip Zumer
/cbb/players/neal-zumwalt-1.html,Neal Zumwalt
/cbb/players/kyle-zunic-1.html,Kyle Zunic
/cbb/players/carlos-zuniga-1.html,Carlos Zuniga
/cbb/players/dave-zupan-1.html,Dave Zupan
/cbb/players/zeljko-zupic-1.html,Zeljko Zupic
/cbb/players/johnny-zuppardo-1.html,Johnny Zuppardo
/cbb/players/joe-zuravleff-1.html,Joe Zuravleff
/cbb/players/phil-zuravleff-1.html,Phil Zuravleff
/cbb/players/philip-zuravleff-1.html,Philip Zuravleff
/cbb/players/chris-zurcher-1.html,Chris Zurcher
/cbb/players/kim-zurcher-1.html,Kim Zurcher
/cbb/players/drew-zurek-1.html,Drew Zurek
/cbb/players/george-zurenda-1.html,George Zurenda
/cbb/players/stephen-zurich-1.html,Stephen Zurich
/cbb/players/darren-zusack-1.html,Darren Zusack
/cbb/players/xabi-zusperreguy-1.html,Xabi Zusperreguy
/cbb/players/stanislav-zuzak-1.html,Stanislav Zuzak
/cbb/players/al-zvinakis-1.html,Al Zvinakis
/cbb/players/al-zvoda-1.html,Al Zvoda
/cbb/players/brian-zvonecek-1.html,Brian Zvonecek
/cbb/players/john-zwakman-1.html,John Zwakman
/cbb/players/mark-zwart-1.html,Mark Zwart
/cbb/players/clint-zwayer-1.html,Clint Zwayer
/cbb/players/eric-zwayer-1.html,Eric Zwayer
/cbb/players/walter-zwick-1.html,Walter Zwick
/cbb/players/serge-zwikker-1.html,Serge Zwikker
/cbb/players/joe-zych-1.html,Joe Zych
/cbb/players/lou-zykiewicz-1.html,Lou Zykiewicz
/cbb/players/jack-zyla-1.html,Jack Zyla
/cbb/players/michal-zylinski-1.html,Michal Zylinski
/cbb/players/brock-zylstra-1.html,Brock Zylstra
/cbb/players/gene-zyzda-1.html,Gene Zyzda
