url,name
/cbb/players/abdoulaye-ndiaye-1.html,Abdoulaye N'Diaye
/cbb/players/adama-ndiaye-1.html,Adama N'Diaye
/cbb/players/alpha-ndiaye-1.html,Alpha N'Diaye
/cbb/players/aziz-ndiaye-1.html,Aziz N'Diaye
/cbb/players/badara-ndiaye-1.html,Badara N'Diaye
/cbb/players/calix-ndiaye-1.html,Calix N'Diaye
/cbb/players/cheikh-ndiaye-1.html,Cheikh N'diaye
/cbb/players/daouda-ndiaye-2.html,Daouda N'Diaye
/cbb/players/hamady-ndiaye-1.html,Hamady N'Diaye
/cbb/players/ishmael-ndiaye-1.html,Ishmael N'Diaye
/cbb/players/makhtar-ndiaye-1.html,Makhtar N'Diaye
/cbb/players/mamadou-ndiaye-1.html,Mamadou N'Diaye
/cbb/players/mohammad-ndiaye-1.html,Mohammad N'Diaye
/cbb/players/ndongo-ndiaye-1.html,Ndongo N'Diaye
/cbb/players/suleiman-ndiaye-1.html,Suleiman N'Diaye
/cbb/players/abdoulaye-ndoye-1.html,Abdoulaye N'doye
/cbb/players/jj-nganga-1.html,J.J. N'Ganga
/cbb/players/david-nguessan-1.html,David N'Guessan
/cbb/players/lucas-nguessan-1.html,Lucas N'Guessan
/cbb/players/joseph-nsima-1.html,Joseph N'Sima
/cbb/players/mor-naaman-1.html,Mor Naaman
/cbb/players/emmett-naar-1.html,Emmett Naar
/cbb/players/mike-nabena-1.html,Mike Nabena
/cbb/players/bob-naber-1.html,Bob Naber
/cbb/players/tom-nabity-1.html,Tom Nabity
/cbb/players/booker-nabors-1.html,Booker Nabors
/cbb/players/gene-nabors-1.html,Gene Nabors
/cbb/players/justin-nabors-1.html,Justin Nabors
/cbb/players/montreal-nabors-1.html,Montreal Nabors
/cbb/players/joel-naburgs-1.html,Joel Naburgs
/cbb/players/joey-naccarato-1.html,Joey Naccarato
/cbb/players/hank-nacey-1.html,Hank Nacey
/cbb/players/boris-nachamkin-1.html,Boris Nachamkin
/cbb/players/del-nachazel-1.html,Del Nachazel
/cbb/players/grega-nachbar-1.html,Grega Nachbar
/cbb/players/michael-nachreiner-1.html,Michael Nachreiner
/cbb/players/john-nacincik-1.html,John Nacincik
/cbb/players/bob-nack-1.html,Bob Nack
/cbb/players/leo-nadal-1.html,Leo Nadal
/cbb/players/manuel-nadal-1.html,Manuel Nadal
/cbb/players/ken-nadaskay-1.html,Ken Nadaskay
/cbb/players/charlie-naddaff-1.html,Charlie Naddaff
/cbb/players/ronnie-nadell-1.html,Ronnie Nadell
/cbb/players/abdel-nader-1.html,Abdel Nader
/cbb/players/mike-naderer-1.html,Mike Naderer
/cbb/players/ferd-nadherny-1.html,Ferd Nadherny
/cbb/players/clarence-nadolny-1.html,Clarence Nadolny
/cbb/players/tyriq-nady-1.html,Tyriq Nady
/cbb/players/fred-naedele-1.html,Fred Naedele
/cbb/players/rich-naes-1.html,Rich Naes
/cbb/players/nolan-naess-1.html,Nolan Naess
/cbb/players/andrew-naeve-1.html,Andrew Naeve
/cbb/players/jaren-nafarrete-1.html,Jaren Nafarrete
/cbb/players/jw-naftel-1.html,J.W. Naftel
/cbb/players/jim-naftel-1.html,Jim Naftel
/cbb/players/mike-nafziger-1.html,Mike Nafziger
/cbb/players/dick-nagai-1.html,Dick Nagai
/cbb/players/andy-nagel-1.html,Andy Nagel
/cbb/players/clint-nagel-1.html,Clint Nagel
/cbb/players/gerry-nagel-1.html,Gerry Nagel
/cbb/players/malik-nagel-1.html,Malik Nagel
/cbb/players/jim-nageleisen-1.html,Jim Nageleisen
/cbb/players/barry-nagle-1.html,Barry Nagle
/cbb/players/brian-nagle-1.html,Brian Nagle
/cbb/players/chuck-nagle-1.html,Chuck Nagle
/cbb/players/cort-nagle-1.html,Cort Nagle
/cbb/players/darin-nagle-1.html,Darin Nagle
/cbb/players/fred-nagle-1.html,Fred Nagle
/cbb/players/jay-nagle-1.html,Jay Nagle
/cbb/players/jay-nagle-2.html,Jay Nagle
/cbb/players/ken-nagle-1.html,Ken Nagle
/cbb/players/zach-nagtzaam-1.html,Zach Nagtzaam
/cbb/players/dick-nagy-1.html,Dick Nagy
/cbb/players/tj-nagy-1.html,TJ Nagy
/cbb/players/tomas-nagys-1.html,Tomas Nagys
/cbb/players/mike-nahar-1.html,Mike Nahar
/cbb/players/nate-nahimy-1.html,Nate Nahimy
/cbb/players/brad-nahra-1.html,Brad Nahra
/cbb/players/charles-naihe-1.html,Charles Naihe
/cbb/players/charlie-naihe-1.html,Charlie Naihe
/cbb/players/jordan-naihe-1.html,Jordan Naihe
/cbb/players/lee-nailon-1.html,Lee Nailon
/cbb/players/jahlil-nails-1.html,Jahlil Nails
/cbb/players/ralph-naimoli-1.html,Ralph Naimoli
/cbb/players/chandler-nairn-1.html,Chandler Nairn
/cbb/players/lourawls-tum-tum-nairn-1.html,Lourawls Nairn
/cbb/players/jim-nairus-1.html,Jim Nairus
/cbb/players/zane-najdawi-1.html,Zane Najdawi
/cbb/players/khufu-najee-1.html,Khufu Najee
/cbb/players/eduardo-najera-1.html,Eduardo Najera
/cbb/players/stan-najeway-1.html,Stan Najeway
/cbb/players/nick-nakic-1.html,Nick Nakic
/cbb/players/erik-nakken-1.html,Erik Nakken
/cbb/players/robert-nakken-1.html,Robert Nakken
/cbb/players/ben-nakwaasah-1.html,Ben Nakwaasah
/cbb/players/maxx-nakwaasah-1.html,Maxx Nakwaasah
/cbb/players/charles-nalavanko-1.html,Charles Nalavanko
/cbb/players/george-naldjieff-1.html,George Naldjieff
/cbb/players/kirk-naler-1.html,Kirk Naler
/cbb/players/john-naley-1.html,John Naley
/cbb/players/rod-nall-1.html,Rod Nall
/cbb/players/doug-nalley-1.html,Doug Nalley
/cbb/players/mike-nalls-1.html,Mike Nalls
/cbb/players/sentwali-nalls-1.html,Sentwali Nalls
/cbb/players/kevin-nally-1.html,Kevin Nally
/cbb/players/jack-nalty-1.html,Jack Nalty
/cbb/players/len-nalty-1.html,Len Nalty
/cbb/players/john-namciu-1.html,John Namciu
/cbb/players/neema-namdar-1.html,Neema Namdar
/cbb/players/clint-names-1.html,Clint Names
/cbb/players/joe-nameth-1.html,Joe Nameth
/cbb/players/mike-namian-1.html,Mike Namian
/cbb/players/steve-namiotka-1.html,Steve Namiotka
/cbb/players/justin-namolik-1.html,Justin Namolik
/cbb/players/jack-namvou-1.html,Jack Namvou
/cbb/players/harding-nana-1.html,Harding Nana
/cbb/players/alain-nana-sinkam-1.html,Alain Nana-Sinkam
/cbb/players/charles-nance-1.html,Charles Nance
/cbb/players/chris-nance-1.html,Chris Nance
/cbb/players/greg-nance-1.html,Greg Nance
/cbb/players/jamaine-nance-1.html,Jamaine Nance
/cbb/players/james-nance-1.html,James Nance
/cbb/players/larry-nance-1.html,Larry Nance
/cbb/players/larry-nance-2.html,Larry Nance
/cbb/players/lynn-nance-2.html,Lynn Nance
/cbb/players/mike-nance-1.html,Mike Nance
/cbb/players/pete-nance-1.html,Pete Nance
/cbb/players/stan-nance-1.html,Stan Nance
/cbb/players/tavaris-nance-1.html,Tavaris Nance
/cbb/players/troy-nance-1.html,Troy Nance
/cbb/players/willis-nance-1.html,Willis Nance
/cbb/players/willis-nance-2.html,Willis Nance
/cbb/players/_-nance-3.html,_ Nance
/cbb/players/michael-nanez-1.html,Michael Nanez
/cbb/players/dave-nangle-1.html,Dave Nangle
/cbb/players/david-nangle-1.html,David Nangle
/cbb/players/ken-nanigbbian-1.html,Ken Nanigbbian
/cbb/players/eyal-nankin-1.html,Eyal Nankin
/cbb/players/keaton-nankivil-1.html,Keaton Nankivil
/cbb/players/lyle-nannen-1.html,Lyle Nannen
/cbb/players/neil-nannen-1.html,Neil Nannen
/cbb/players/bradley-nanney-1.html,Bradley Nanney
/cbb/players/kevin-nanney-1.html,Kevin Nanney
/cbb/players/chris-nanni-1.html,Chris Nanni
/cbb/players/dave-nanni-1.html,Dave Nanni
/cbb/players/ken-nanson-1.html,Ken Nanson
/cbb/players/john-naparlo-1.html,John Naparlo
/cbb/players/glenn-napier-1.html,Glenn Napier
/cbb/players/jason-napier-1.html,Jason Napier
/cbb/players/shabazz-napier-1.html,Shabazz Napier
/cbb/players/al-naples-1.html,Al Naples
/cbb/players/jim-naples-1.html,Jim Naples
/cbb/players/mike-naples-1.html,Mike Naples
/cbb/players/hilton-napoleon-1.html,Hilton Napoleon
/cbb/players/vic-napolitano-1.html,Vic Napolitano
/cbb/players/john-naponick-1.html,John Naponick
/cbb/players/paul-naponik-1.html,Paul Naponik
/cbb/players/steve-napper-1.html,Steve Napper
/cbb/players/walyn-napper-1.html,Walyn Napper
/cbb/players/william-napper-1.html,William Napper
/cbb/players/connie-nappier-1.html,Connie Nappier
/cbb/players/gerry-nappy-1.html,Gerry Nappy
/cbb/players/nolan-narain-1.html,Nolan Narain
/cbb/players/viahnue-naraine-1.html,Viahnue Naraine
/cbb/players/janko-narat-1.html,Janko Narat
/cbb/players/jabari-narcis-1.html,Jabari Narcis
/cbb/players/bryan-narcisse-1.html,Bryan Narcisse
/cbb/players/walt-narcum-1.html,Walt Narcum
/cbb/players/frank-nardi-1.html,Frank Nardi
/cbb/players/joe-nardi-1.html,Joe Nardi
/cbb/players/kevin-nardi-1.html,Kevin Nardi
/cbb/players/mike-nardi-1.html,Mike Nardi
/cbb/players/bob-nardone-1.html,Bob Nardone
/cbb/players/greg-nared-1.html,Greg Nared
/cbb/players/tyrone-nared-1.html,Tyrone Nared
/cbb/players/walter-narkevic-1.html,Walter Narkevic
/cbb/players/mbainai-narmbaye-1.html,Mbainai Narmbaye
/cbb/players/stephen-narracci-1.html,Stephen Narracci
/cbb/players/tom-nartker-1.html,Tom Nartker
/cbb/players/chuck-narvin-1.html,Chuck Narvin
/cbb/players/javier-nasarre-1.html,Javier Nasarre
/cbb/players/larry-naschmitter-1.html,Larry Naschmitter
/cbb/players/aubrey-nash-1.html,Aubrey Nash
/cbb/players/bill-nash-1.html,Bill Nash
/cbb/players/blake-nash-1.html,Blake Nash
/cbb/players/bob-nash-1.html,Bob Nash
/cbb/players/bobby-nash-2.html,Bobby Nash
/cbb/players/bryant-nash-1.html,Bryant Nash
/cbb/players/charles-nash-1.html,Charles Nash
/cbb/players/cotton-nash-1.html,Cotton Nash
/cbb/players/curtis-nash-1.html,Curtis Nash
/cbb/players/darrell-nash-1.html,Darrell Nash
/cbb/players/dave-nash-1.html,Dave Nash
/cbb/players/demarko-nash-1.html,DeMarko Nash
/cbb/players/dudley-nash-1.html,Dudley Nash
/cbb/players/eugene-nash-1.html,Eugene Nash
/cbb/players/gary-nash-1.html,Gary Nash
/cbb/players/hamilton-nash-1.html,Hamilton Nash
/cbb/players/js-nash-1.html,J.S. Nash
/cbb/players/jaron-nash-1.html,Jaron Nash
/cbb/players/jeremy-nash-1.html,Jeremy Nash
/cbb/players/jesse-nash-1.html,Jesse Nash
/cbb/players/jesse-nash-2.html,Jesse Nash
/cbb/players/john-nash-1.html,John Nash
/cbb/players/johnny-nash-1.html,Johnny Nash
/cbb/players/josh-nash-2.html,Josh Nash
/cbb/players/kelvin-nash-1.html,Kelvin Nash
/cbb/players/kerry-nash-1.html,Kerry Nash
/cbb/players/kevin-nash-1.html,Kevin Nash
/cbb/players/kim-nash-1.html,Kim Nash
/cbb/players/larenzo-nash-1.html,Larenzo Nash
/cbb/players/lebryan-nash-1.html,Le'Bryan Nash
/cbb/players/macolm-nash-1.html,Macolm Nash
/cbb/players/michael-nash-1.html,Michael Nash
/cbb/players/mike-nash-1.html,Mike Nash
/cbb/players/mike-nash-2.html,Mike Nash
/cbb/players/monroe-nash-1.html,Monroe Nash
/cbb/players/montrell-nash-1.html,Montrell Nash
/cbb/players/pat-nash-1.html,Pat Nash
/cbb/players/peter-nash-1.html,Peter Nash
/cbb/players/ray-nash-1.html,Ray Nash
/cbb/players/rich-nash-1.html,Rich Nash
/cbb/players/ricky-nash-1.html,Ricky Nash
/cbb/players/shaun-nash-1.html,Shaun Nash
/cbb/players/skyler-nash-1.html,Skyler Nash
/cbb/players/steve-nash-1.html,Steve Nash
/cbb/players/tim-nash-1.html,Tim Nash
/cbb/players/tyrone-nash-1.html,Tyrone Nash
/cbb/players/verl-nash-1.html,Verl Nash
/cbb/players/william-nash-1.html,William Nash
/cbb/players/terry-nashif-1.html,Terry Nashif
/cbb/players/apostolis-nasiou-1.html,Apostolis Nasiou
/cbb/players/gordon-naslund-1.html,Gordon Naslund
/cbb/players/billy-naso-1.html,Billy Naso
/cbb/players/fred-nason-1.html,Fred Nason
/cbb/players/lonnie-nason-1.html,Lonnie Nason
/cbb/players/alan-nass-1.html,Alan Nass
/cbb/players/andy-nass-1.html,Andy Nass
/cbb/players/bob-nass-1.html,Bob Nass
/cbb/players/fabio-nass-1.html,Fabio Nass
/cbb/players/albert-nassar-1.html,Albert Nassar
/cbb/players/jose-nassar-1.html,Jose Nassar
/cbb/players/bill-nast-1.html,Bill Nast
/cbb/players/stefan-nastic-1.html,Stefan Nastic
/cbb/players/chris-nastopoulos-1.html,Chris Nastopoulos
/cbb/players/jay-nasworthy-1.html,Jay Nasworthy
/cbb/players/dennis-nate-1.html,Dennis Nate
/cbb/players/swen-nater-1.html,Swen Nater
/cbb/players/andy-nath-1.html,Andy Nath
/cbb/players/bill-nath-1.html,Bill Nath
/cbb/players/clyde-nath-1.html,Clyde Nath
/cbb/players/dennis-nathan-1.html,Dennis Nathan
/cbb/players/george-nathan-1.html,George Nathan
/cbb/players/howard-nathan-1.html,Howard Nathan
/cbb/players/luke-nathan-1.html,Luke Nathan
/cbb/players/mark-nathan-1.html,Mark Nathan
/cbb/players/ron-nathanic-1.html,Ron Nathanic
/cbb/players/isaiah-nathaniel-1.html,Isaiah Nathaniel
/cbb/players/kevin-nathaniel-1.html,Kevin Nathaniel
/cbb/players/andre-nation-1.html,Andre Nation
/cbb/players/curt-nations-1.html,Curt Nations
/cbb/players/tim-natsus-1.html,Tim Natsus
/cbb/players/calvin-natt-1.html,Calvin Natt
/cbb/players/karl-natt-1.html,Karl Natt
/cbb/players/kenny-natt-1.html,Kenny Natt
/cbb/players/jeff-nattans-1.html,Jeff Nattans
/cbb/players/bill-natthews-1.html,Bill Natthews
/cbb/players/george-nattin-1.html,George Nattin
/cbb/players/kyryl-natyazhko-1.html,Kyryl Natyazhko
/cbb/players/ben-nau-1.html,Ben Nau
/cbb/players/earl-nau-1.html,Earl Nau
/cbb/players/earl-nau-2.html,Earl Nau
/cbb/players/jim-nau-1.html,Jim Nau
/cbb/players/mike-naudin-1.html,Mike Naudin
/cbb/players/hugh-naughton-1.html,Hugh Naughton
/cbb/players/john-naughton-1.html,John Naughton
/cbb/players/jordan-naughton-1.html,Jordan Naughton
/cbb/players/chris-naulls-1.html,Chris Naulls
/cbb/players/jerry-naulls-1.html,Jerry Naulls
/cbb/players/tyren-naulls-1.html,Tyren Naulls
/cbb/players/willie-naulls-1.html,Willie Naulls
/cbb/players/doug-nauman-1.html,Doug Nauman
/cbb/players/george-nauman-1.html,George Nauman
/cbb/players/hugo-naurais-1.html,Hugo Naurais
/cbb/players/jack-nauseef-1.html,Jack Nauseef
/cbb/players/gabe-nava-1.html,Gabe Nava
/cbb/players/alex-navakovich-1.html,Alex Navakovich
/cbb/players/wendell-navalta-1.html,Wendell Navalta
/cbb/players/marquis-navarre-1.html,Marquis Navarre
/cbb/players/diamond-navarro-1.html,Diamond Navarro
/cbb/players/dave-naves-1.html,Dave Naves
/cbb/players/david-naves-1.html,David Naves
/cbb/players/jim-navetta-1.html,Jim Navetta
/cbb/players/gus-navickas-1.html,Gus Navickas
/cbb/players/nate-navigato-1.html,Nate Navigato
/cbb/players/howardskip-nay-1.html,"Howard ""Skip"" Nay"
/cbb/players/ali-nayab-1.html,Ali Nayab
/cbb/players/jesse-nayadley-1.html,Jesse Nayadley
/cbb/players/simeon-naydenov-1.html,Simeon Naydenov
/cbb/players/anthony-naylor-1.html,Anthony Naylor
/cbb/players/cameron-naylor-2.html,Cameron Naylor
/cbb/players/josh-naylor-1.html,Josh Naylor
/cbb/players/lyle-naylor-1.html,Lyle Naylor
/cbb/players/william-naylor-1.html,William Naylor
/cbb/players/zach-naylor-1.html,Zach Naylor
/cbb/players/drew-naymick-1.html,Drew Naymick
/cbb/players/mehran-nazarian-1.html,Mehran Nazarian
/cbb/players/jonathan-nazarko-1.html,Jonathan Nazarko
/cbb/players/paul-nazigan-1.html,Paul Nazigan
/cbb/players/brandon-nazione-1.html,Brandon Nazione
/cbb/players/mathias-nchekwube-1.html,Mathias Nchekwube
/cbb/players/dera-nd-ezuma-1.html,Dera Nd-Ezuma
/cbb/players/kevin-ndahiro-1.html,Kevin Ndahiro
/cbb/players/papa-ndao-1.html,Papa Ndao
/cbb/players/ndongo-ndaw-1.html,Ndongo Ndaw
/cbb/players/ludovic-ndaye-1.html,Ludovic Ndaye
/cbb/players/kenechukwu-ndefo-1.html,KC Ndefo
/cbb/players/abdou-ndiaye-1.html,Abdou Ndiaye
/cbb/players/khadim-ndiaye-1.html,Khadim Ndiaye
/cbb/players/mamadou-ndiaye-2.html,Mamadou Ndiaye
/cbb/players/mamadou-ndiaye-3.html,Mamadou Ndiaye
/cbb/players/omar-ndiaye-1.html,Omar Ndiaye
/cbb/players/rawane-ndiaye-1.html,Rawane Ndiaye
/cbb/players/samba-ndiaye-1.html,Samba Ndiaye
/cbb/players/seny-ndiaye-1.html,Seny Ndiaye
/cbb/players/el-hadji-ndieguene-1.html,El Hadji Ndieguene
/cbb/players/ousmane-ndim-1.html,Ousmane Ndim
/cbb/players/sidy-ndir-1.html,Sidy Ndir
/cbb/players/justin-ndjock-tadjore-1.html,Justin Ndjock-Tadjore
/cbb/players/christian-bibi-ndongo-1.html,Christian Bibi Ndongo
/cbb/players/franck-ndongo-1.html,Franck Ndongo
/cbb/players/david-ndoumba-1.html,David Ndoumba
/cbb/players/cheikh-ndour-1.html,Cheikh Ndour
/cbb/players/maurice-ndour-1.html,Maurice Ndour
/cbb/players/fallou-ndoye-1.html,Fallou Ndoye
/cbb/players/maleye-ndoye-1.html,Maleye Ndoye
/cbb/players/youssou-ndoye-1.html,Youssou Ndoye
/cbb/players/chidozie-ndu-1.html,Chidozie Ndu
/cbb/players/ikenna-ndugba-1.html,Ikenna Ndugba
/cbb/players/chika-nduka-1.html,Chika Nduka
/cbb/players/john-ndukwu-1.html,John Ndukwu
/cbb/players/emmanuel-ndumanya-1.html,Emmanuel Ndumanya
/cbb/players/festus-ndumanya-1.html,Festus Ndumanya
/cbb/players/malachi-ndur-1.html,Malachi Ndur
/cbb/players/aj-neal-1.html,AJ Neal
/cbb/players/arnold-neal-1.html,Arnold Neal
/cbb/players/aroid-neal-1.html,Aroid Neal
/cbb/players/bilaal-neal-1.html,Bilaal Neal
/cbb/players/charles-neal-1.html,Charles Neal
/cbb/players/charlie-neal-1.html,Charlie Neal
/cbb/players/chris-neal-1.html,Chris Neal
/cbb/players/chuck-neal-1.html,Chuck Neal
/cbb/players/clint-neal-1.html,Clint Neal
/cbb/players/corey-neal-1.html,Corey Neal
/cbb/players/craig-neal-1.html,Craig Neal
/cbb/players/cullen-neal-1.html,Cullen Neal
/cbb/players/djuan-neal-1.html,D'Juan Neal
/cbb/players/darrell-neal-1.html,Darrell Neal
/cbb/players/darrell-neal-2.html,Darrell Neal
/cbb/players/dave-neal-1.html,Dave Neal
/cbb/players/david-neal-1.html,David Neal
/cbb/players/devonte-neal-1.html,Devonte' Neal
/cbb/players/dick-neal-1.html,Dick Neal
/cbb/players/dick-neal-2.html,Dick Neal
/cbb/players/dickie-neal-1.html,Dickie Neal
/cbb/players/douglasbooty-neal-1.html,Douglas Booty Neal
/cbb/players/elbryan-neal-1.html,Elbryan Neal
/cbb/players/eric-neal-1.html,Eric Neal
/cbb/players/erick-neal-1.html,Erick Neal
/cbb/players/ernie-neal-1.html,Ernie Neal
/cbb/players/ernie-neal-2.html,Ernie Neal
/cbb/players/gary-neal-1.html,Gary Neal
/cbb/players/guy-neal-1.html,Guy Neal
/cbb/players/j-neal-1.html,J. Neal
/cbb/players/jack-neal-1.html,Jack Neal
/cbb/players/james-neal-1.html,James Neal
/cbb/players/jamiya-neal-1.html,Jamiya Neal
/cbb/players/jason-neal-1.html,Jason Neal
/cbb/players/jeffrey-neal-1.html,Jeffrey Neal
/cbb/players/jerry-neal-1.html,Jerry Neal
/cbb/players/jim-neal-1.html,Jim Neal
/cbb/players/jim-neal-2.html,Jim Neal
/cbb/players/joe-neal-1.html,Joe Neal
/cbb/players/john-neal-1.html,John Neal
/cbb/players/juan-neal-2.html,Juan Neal
/cbb/players/keith-neal-1.html,Keith Neal
/cbb/players/langdon-neal-1.html,Langdon Neal
/cbb/players/lawrence-neal-1.html,Lawrence Neal
/cbb/players/lester-neal-1.html,Lester Neal
/cbb/players/marcus-neal-1.html,Marcus Neal
/cbb/players/marcus-neal-2.html,Marcus Neal
/cbb/players/marcus-neal-3.html,Marcus Neal
/cbb/players/mark-neal-1.html,Mark Neal
/cbb/players/michael-neal-1.html,Michael Neal
/cbb/players/michael-neal-2.html,Michael Neal
/cbb/players/michael-neal-3.html,Michael Neal
/cbb/players/mike-neal-1.html,Mike Neal
/cbb/players/nathan-neal-1.html,Nathan Neal
/cbb/players/rayshawn-neal-1.html,Rayshawn Neal
/cbb/players/roy-neal-1.html,Roy Neal
/cbb/players/sean-neal-1.html,Sean Neal
/cbb/players/sebastian-neal-1.html,Sebastian Neal
/cbb/players/shane-neal-1.html,Shane Neal
/cbb/players/steve-neal-1.html,Steve Neal
/cbb/players/sylvester-neal-1.html,Sylvester Neal
/cbb/players/tony-neal-1.html,Tony Neal
/cbb/players/tony-neal-2.html,Tony Neal
/cbb/players/troy-neal-1.html,Troy Neal
/cbb/players/tyler-neal-1.html,Tyler Neal
/cbb/players/tyrone-neal-1.html,Tyrone Neal
/cbb/players/wade-neal-1.html,Wade Neal
/cbb/players/willie-neal-1.html,Willie Neal
/cbb/players/winston-neal-1.html,Winston Neal
/cbb/players/shaun-neal-williams-1.html,Shaun Neal-Williams
/cbb/players/alfred-neale-1.html,Alfred Neale
/cbb/players/tucker-neals-1.html,Tucker Neale
/cbb/players/al-nealey-1.html,Al Nealey
/cbb/players/chris-nealey-1.html,Chris Nealey
/cbb/players/bill-nealy-1.html,Bill Nealy
/cbb/players/deandre-nealy-1.html,DeAndre Nealy
/cbb/players/ed-nealy-1.html,Ed Nealy
/cbb/players/furmia-nealy-1.html,Furmia Nealy
/cbb/players/herb-nealy-1.html,Herb Nealy
/cbb/players/rodrick-nealy-1.html,Rodrick Nealy
/cbb/players/nick-neari-1.html,Nick Neari
/cbb/players/sherman-nearman-1.html,Sherman Nearman
/cbb/players/kevans-nears-1.html,Kevans Nears
/cbb/players/bill-neary-1.html,Bill Neary
/cbb/players/tom-neary-1.html,Tom Neary
/cbb/players/scott-neat-1.html,Scott Neat
/cbb/players/jahcobi-neath-1.html,Jahcobi Neath
/cbb/players/joey-nebeker-1.html,Joey Nebeker
/cbb/players/ryan-nebeker-1.html,Ryan Nebeker
/cbb/players/john-nebel-1.html,John Nebel
/cbb/players/norm-nebel-1.html,Norm Nebel
/cbb/players/jim-nebergall-1.html,Jim Nebergall
/cbb/players/josh-nebo-1.html,Josh Nebo
/cbb/players/chuks-neboh-1.html,Chuks Neboh
/cbb/players/todd-nechtem-1.html,Todd Nechtem
/cbb/players/sedat-necipoglu-1.html,Sedat Necipoglu
/cbb/players/devon-neckles-1.html,Devon Neckles
/cbb/players/jonathan-ned-1.html,Jonathan Ned
/cbb/players/valder-ned-1.html,Valder Ned
/cbb/players/andre-nedd-1.html,Andre Nedd
/cbb/players/darrell-nedd-1.html,Darrell Nedd
/cbb/players/dave-nedd-1.html,Dave Nedd
/cbb/players/ricky-nedd-1.html,Ricky Nedd
/cbb/players/tyus-nedd-1.html,Tyus Nedd
/cbb/players/zoar-nedd-1.html,Zoar Nedd
/cbb/players/don-neddenriep-1.html,Don Neddenriep
/cbb/players/don-neddenriep-2.html,Don Neddenriep
/cbb/players/luke-nedrow-1.html,Luke Nedrow
/cbb/players/scott-nedrow-1.html,Scott Nedrow
/cbb/players/kevin-nee-1.html,Kevin Nee
/cbb/players/patrick-nee-1.html,Patrick Nee
/cbb/players/patrick-nee-2.html,Patrick Nee
/cbb/players/bart-needham-1.html,Bart Needham
/cbb/players/derek-needham-1.html,Derek Needham
/cbb/players/michael-needham-1.html,Michael Needham
/cbb/players/_-needham-2.html,_ Needham
/cbb/players/arnie-needleman-1.html,Arnie Needleman
/cbb/players/stan-needleman-1.html,Stan Needleman
/cbb/players/brandon-neel-1.html,Brandon Neel
/cbb/players/jack-neel-2.html,Jack Neel
/cbb/players/richard-neel-1.html,Richard Neel
/cbb/players/jack-neeley-1.html,Jack Neeley
/cbb/players/joe-neeley-1.html,Joe Neeley
/cbb/players/john-neeley-1.html,John Neeley
/cbb/players/josh-neeley-1.html,Josh Neeley
/cbb/players/larry-neeley-1.html,Larry Neeley
/cbb/players/barrick-neely-1.html,Barrick Neely
/cbb/players/bob-neely-1.html,Bob Neely
/cbb/players/brailen-neely-1.html,Brailen Neely
/cbb/players/greg-neely-1.html,Greg Neely
/cbb/players/jaleni-neely-1.html,Jaleni Neely
/cbb/players/jonathan-neely-1.html,Jonathan Neely
/cbb/players/justin-neely-1.html,Justin Neely
/cbb/players/larry-neely-1.html,Larry Neely
/cbb/players/lloyd-neely-1.html,Lloyd Neely
/cbb/players/lorenzo-neely-1.html,Lorenzo Neely
/cbb/players/marcus-neely-1.html,Marcus Neely
/cbb/players/marsharee-neely-1.html,Marsharee Neely
/cbb/players/michael-neely-1.html,Michael Neely
/cbb/players/robert-neely-1.html,Robert Neely
/cbb/players/scott-neely-1.html,Scott Neely
/cbb/players/zavion-neely-1.html,Zavion Neely
/cbb/players/_-neely-1.html,_ Neely
/cbb/players/mark-nees-1.html,Mark Nees
/cbb/players/robert-nees-1.html,Robert Nees
/cbb/players/cooper-neese-1.html,Cooper Neese
/cbb/players/gary-neese-1.html,Gary Neese
/cbb/players/larry-neese-1.html,Larry Neese
/cbb/players/bruno-neeser-1.html,Bruno Neeser
/cbb/players/jason-neeser-1.html,Jason Neeser
/cbb/players/andy-neff-2.html,Andy Neff
/cbb/players/gene-neff-1.html,Gene Neff
/cbb/players/herb-neff-1.html,Herb Neff
/cbb/players/luke-neff-1.html,Luke Neff
/cbb/players/mike-neff-1.html,Mike Neff
/cbb/players/randy-neff-1.html,Randy Neff
/cbb/players/thomas-neff-1.html,Thomas Neff
/cbb/players/tim-neff-1.html,Tim Neff
/cbb/players/emmanuel-negedu-1.html,Emmanuel Negedu
/cbb/players/phil-negrete-1.html,Phil Negrete
/cbb/players/jordan-negrin-1.html,Jordan Negrin
/cbb/players/christian-negron-1.html,Christian Negron
/cbb/players/george-negron-1.html,George Negron
/cbb/players/jorge-negron-1.html,Jorge Negron
/cbb/players/austin-nehls-1.html,Austin Nehls
/cbb/players/joe-nehls-1.html,Joe Nehls
/cbb/players/ghasson-nehme-1.html,Ghassan Nehme
/cbb/players/gary-neibauer-1.html,Gary Neibauer
/cbb/players/paul-neidig-1.html,Paul Neidig
/cbb/players/paul-neiding-1.html,Paul Neiding
/cbb/players/jack-neifert-1.html,Jack Neifert
/cbb/players/jerry-neighbors-1.html,Jerry Neighbors
/cbb/players/will-neighbour-1.html,Will Neighbour
/cbb/players/durann-neil-1.html,Durann Neil
/cbb/players/john-neil-1.html,John Neil
/cbb/players/mike-neill-1.html,Mike Neill
/cbb/players/dave-neilson-1.html,Dave Neilson
/cbb/players/doug-neilson-1.html,Doug Neilson
/cbb/players/e-neilson-2.html,E Neilson
/cbb/players/isaac-neilson-1.html,Isaac Neilson
/cbb/players/kyler-neilson-1.html,Kyler Neilson
/cbb/players/matt-neimeier-1.html,Matt Neimeier
/cbb/players/casey-neimeyer-1.html,Casey Neimeyer
/cbb/players/_-nein-1.html,_ Nein
/cbb/players/bryan-neis-1.html,Bryan Neis
/cbb/players/evan-neisler-1.html,Evan Neisler
/cbb/players/ross-neisler-1.html,Ross Neisler
/cbb/players/_-neisler-1.html,_ Neisler
/cbb/players/drew-neitzel-1.html,Drew Neitzel
/cbb/players/leo-nejaim-1.html,Leo Nejaim
/cbb/players/lazar-nekic-1.html,Lazar Nekic
/cbb/players/cameron-nekkers-1.html,Cameron Nekkers
/cbb/players/sean-nelen-1.html,Sean Nelen
/cbb/players/mike-nelke-1.html,Mike Nelke
/cbb/players/gary-nell-1.html,Gary Nell
/cbb/players/john-nell-1.html,John Nell
/cbb/players/marcus-nellems-1.html,Marcus Nellems
/cbb/players/brian-neller-1.html,Brian Neller
/cbb/players/liam-nelligan-1.html,Liam Nelligan
/cbb/players/wistar-nelligan-1.html,Wistar Nelligan
/cbb/players/dan-nelms-1.html,Dan Nelms
/cbb/players/tommy-nelms-1.html,Tommy Nelms
/cbb/players/brandon-neloms-1.html,Brandon Neloms
/cbb/players/cedric-neloms-1.html,Cedric Neloms
/cbb/players/aaron-nelson-1.html,Aaron Nelson
/cbb/players/adrian-nelson-1.html,Adrian Nelson
/cbb/players/anders-nelson-1.html,Anders Nelson
/cbb/players/andy-nelson-2.html,Andy Nelson
/cbb/players/anthony-nelson-1.html,Anthony Nelson
/cbb/players/anthony-nelson-2.html,Anthony Nelson
/cbb/players/austin-nelson-1.html,Austin Nelson
/cbb/players/bj-nelson-1.html,B.J. Nelson
/cbb/players/barry-nelson-1.html,Barry Nelson
/cbb/players/ben-nelson-1.html,Ben Nelson
/cbb/players/bernard-nelson-1.html,Bernard Nelson
/cbb/players/bill-nelson-5.html,Bill Nelson
/cbb/players/bill-nelson-2.html,Bill Nelson
/cbb/players/bill-nelson-3.html,Bill Nelson
/cbb/players/bill-nelson-4.html,Bill Nelson
/cbb/players/brad-nelson-1.html,Brad Nelson
/cbb/players/brett-nelson-1.html,Brett Nelson
/cbb/players/brian-nelson-1.html,Brian Nelson
/cbb/players/cale-nelson-1.html,Cale Nelson
/cbb/players/carl-nelson-1.html,Carl Nelson
/cbb/players/chad-nelson-1.html,Chad Nelson
/cbb/players/chad-nelson-2.html,Chad Nelson
/cbb/players/chad-nelson-3.html,Chad Nelson
/cbb/players/charles-nelson-1.html,Charles Nelson
/cbb/players/charles-nelson-2.html,Charles Nelson
/cbb/players/charlie-nelson-1.html,Charlie Nelson
/cbb/players/chuck-nelson-1.html,Chuck Nelson
/cbb/players/cliff-nelson-1.html,Cliff Nelson
/cbb/players/connor-nelson-1.html,Connor Nelson
/cbb/players/courtney-nelson-1.html,Courtney Nelson
/cbb/players/djari-nelson-1.html,D'Jari Nelson
/cbb/players/dan-nelson-2.html,Dan Nelson
/cbb/players/darrell-nelson-1.html,Darrell Nelson
/cbb/players/dave-nelson-1.html,Dave Nelson
/cbb/players/david-nelson-2.html,David Nelson
/cbb/players/david-nelson-3.html,David Nelson
/cbb/players/david-nelson-4.html,David Nelson
/cbb/players/david-nelson-5.html,David Nelson
/cbb/players/david-nelson-6.html,David Nelson
/cbb/players/david-nelson-7.html,David Nelson
/cbb/players/david-nelson-1.html,David Nelson
/cbb/players/demarcus-nelson-1.html,DeMarcus Nelson
/cbb/players/demetrius-nelson-1.html,Demetrius Nelson
/cbb/players/derick-nelson-1.html,Derick Nelson
/cbb/players/derrius-nelson-1.html,Derrius Nelson
/cbb/players/dewayne-nelson-1.html,Dewayne Nelson
/cbb/players/diallo-nelson-1.html,Diallo Nelson
/cbb/players/dick-nelson-1.html,Dick Nelson
/cbb/players/dominic-nelson-1.html,Dominic Nelson
/cbb/players/don-nelson-1.html,Don Nelson
/cbb/players/don-nelson-2.html,Don Nelson
/cbb/players/don-nelson-3.html,Don Nelson
/cbb/players/don-nelson-4.html,Don Nelson
/cbb/players/donald-nelson-1.html,Donald Nelson
/cbb/players/duane-nelson-1.html,Duane Nelson
/cbb/players/ed-nelson-1.html,Ed Nelson
/cbb/players/ed-nelson-2.html,Ed Nelson
/cbb/players/elimu-nelson-1.html,Elimu Nelson
/cbb/players/eoin-nelson-1.html,Eoin Nelson
/cbb/players/eric-nelson-1.html,Eric Nelson
/cbb/players/erik-nelson-1.html,Erik Nelson
/cbb/players/etienne-nelson-1.html,Etienne Nelson
/cbb/players/frank-nelson-1.html,Frank Nelson
/cbb/players/frank-nelson-2.html,Frank Nelson
/cbb/players/garry-nelson-1.html,Garry Nelson
/cbb/players/gary-nelson-1.html,Gary Nelson
/cbb/players/gary-nelson-3.html,Gary Nelson
/cbb/players/gene-nelson-1.html,Gene Nelson
/cbb/players/geoff-nelson-1.html,Geoff Nelson
/cbb/players/gerard-nelson-1.html,Gerard Nelson
/cbb/players/gio-nelson-1.html,Gio Nelson
/cbb/players/glenn-nelson-1.html,Glenn Nelson
/cbb/players/gordon-nelson-1.html,Gordon Nelson
/cbb/players/grant-nelson-1.html,Grant Nelson
/cbb/players/greg-nelson-1.html,Greg Nelson
/cbb/players/greg-nelson-2.html,Greg Nelson
/cbb/players/greg-nelson-3.html,Greg Nelson
/cbb/players/jt-nelson-1.html,J.T. Nelson
/cbb/players/jacor-nelson-1.html,Ja'cor Nelson
/cbb/players/jameer-nelson-1.html,Jameer Nelson
/cbb/players/jameer-nelsonjr-1.html,Jameer Nelson
/cbb/players/james-nelson-1.html,James Nelson
/cbb/players/jawan-nelson-1.html,Jawan Nelson
/cbb/players/jeff-nelson-1.html,Jeff Nelson
/cbb/players/jeff-nelson-2.html,Jeff Nelson
/cbb/players/jerry-nelson-1.html,Jerry Nelson
/cbb/players/jerry-nelson-2.html,Jerry Nelson
/cbb/players/jim-nelson-1.html,Jim Nelson
/cbb/players/jim-nelson-2.html,Jim Nelson
/cbb/players/jim-nelson-3.html,Jim Nelson
/cbb/players/jim-nelson-4.html,Jim Nelson
/cbb/players/joe-nelson-1.html,Joe Nelson
/cbb/players/joe-nelson-2.html,Joe Nelson
/cbb/players/john-nelson-2.html,John Nelson
/cbb/players/john-nelson-3.html,John Nelson
/cbb/players/john-nelson-4.html,John Nelson
/cbb/players/john-nelson-5.html,John Nelson
/cbb/players/john-nelson-6.html,John Nelson
/cbb/players/john-nelson-7.html,John Nelson
/cbb/players/john-paul-nelson-1.html,John Paul Nelson
/cbb/players/jon-paul-nelson-1.html,Jon Paul Nelson
/cbb/players/jonathan-nelson-1.html,Jonathan Nelson
/cbb/players/jordan-nelson-1.html,Jordan Nelson
/cbb/players/keith-nelson-1.html,Keith Nelson
/cbb/players/ken-nelson-1.html,Ken Nelson
/cbb/players/kevin-nelson-1.html,Kevin Nelson
/cbb/players/kevin-nelson-2.html,Kevin Nelson
/cbb/players/kevin-nelson-3.html,Kevin Nelson
/cbb/players/kim-nelson-1.html,Kim Nelson
/cbb/players/korky-nelson-1.html,Korky Nelson
/cbb/players/larry-nelson-1.html,Larry Nelson
/cbb/players/lawrence-nelson-1.html,Lawrence Nelson
/cbb/players/leif-nelson-1.html,Leif Nelson
/cbb/players/lindsey-nelson-1.html,Lindsey Nelson
/cbb/players/louie-nelson-1.html,Louie Nelson
/cbb/players/luke-nelson-1.html,Luke Nelson
/cbb/players/marcus-nelson-1.html,Marcus Nelson
/cbb/players/marek-nelson-1.html,Marek Nelson
/cbb/players/mark-nelson-1.html,Mark Nelson
/cbb/players/mark-nelson-2.html,Mark Nelson
/cbb/players/marquis-nelson-1.html,Marquis Nelson
/cbb/players/matt-nelson-1.html,Matt Nelson
/cbb/players/matt-nelson-2.html,Matt Nelson
/cbb/players/matt-nelson-4.html,Matt Nelson
/cbb/players/maurice-nelson-1.html,Maurice Nelson
/cbb/players/merle-nelson-1.html,Merle Nelson
/cbb/players/mike-nelson-1.html,Mike Nelson
/cbb/players/mike-nelson-2.html,Mike Nelson
/cbb/players/mike-nelson-3.html,Mike Nelson
/cbb/players/mike-nelson-4.html,Mike Nelson
/cbb/players/monee-nelson-1.html,Monee Nelson
/cbb/players/montenia-nelson-1.html,Montenia Nelson
/cbb/players/nathan-nelson-2.html,Nathan Nelson
/cbb/players/nels-nelson-1.html,Nels Nelson
/cbb/players/pat-nelson-2.html,Pat Nelson
/cbb/players/paul-nelson-1.html,Paul Nelson
/cbb/players/phil-nelson-1.html,Phil Nelson
/cbb/players/phil-nelson-2.html,Phil Nelson
/cbb/players/quamain-nelson-1.html,Quamain Nelson
/cbb/players/randy-nelson-1.html,Randy Nelson
/cbb/players/randy-nelson-2.html,Randy Nelson
/cbb/players/rarlensee-nelson-1.html,Rarlensee Nelson
/cbb/players/reeves-nelson-1.html,Reeves Nelson
/cbb/players/reggie-nelson-1.html,Reggie Nelson
/cbb/players/richard-nelson-1.html,Richard Nelson
/cbb/players/richard-nelson-3.html,Richard Nelson
/cbb/players/richard-nelson-4.html,Richard Nelson
/cbb/players/rick-nelson-2.html,Rick Nelson
/cbb/players/rick-nelson-3.html,Rick Nelson
/cbb/players/ricky-nelson-1.html,Ricky Nelson
/cbb/players/rico-nelson-1.html,Rico Nelson
/cbb/players/robert-nelson-1.html,Robert Nelson
/cbb/players/robert-nelson-2.html,Robert Nelson
/cbb/players/roberto-nelson-1.html,Roberto Nelson
/cbb/players/rod-nelson-1.html,Rod Nelson
/cbb/players/rolland-nelson-1.html,Rolland Nelson
/cbb/players/ron-nelson-2.html,Ron Nelson
/cbb/players/ron-nelson-3.html,Ron Nelson
/cbb/players/roy-nelson-1.html,Roy Nelson
/cbb/players/ryan-nelson-3.html,Ryan Nelson
/cbb/players/ryan-nelson-1.html,Ryan Nelson
/cbb/players/ryan-nelson-2.html,Ryan Nelson
/cbb/players/saeed-nelson-1.html,Sa'eed Nelson
/cbb/players/sam-nelson-1.html,Sam Nelson
/cbb/players/samone-nelsonjr-1.html,Samone Nelson
/cbb/players/shawn-nelson-1.html,Shawn Nelson
/cbb/players/spencer-nelson-1.html,Spencer Nelson
/cbb/players/steve-nelson-1.html,Steve Nelson
/cbb/players/stevie-nelson-1.html,Stevie Nelson
/cbb/players/tavon-nelson-1.html,Tavon Nelson
/cbb/players/terry-nelson-1.html,Terry Nelson
/cbb/players/thomas-nelson-1.html,Thomas Nelson
/cbb/players/todd-nelson-1.html,Todd Nelson
/cbb/players/tom-nelson-1.html,Tom Nelson
/cbb/players/tom-nelson-2.html,Tom Nelson
/cbb/players/tommy-nelson-1.html,Tommy Nelson
/cbb/players/travis-nelson-1.html,Travis Nelson
/cbb/players/tyler-nelson-1.html,Tyler Nelson
/cbb/players/tyler-nelson-2.html,Tyler Nelson
/cbb/players/tyrell-nelson-1.html,Tyrell Nelson
/cbb/players/tyrone-nelson-1.html,Tyrone Nelson
/cbb/players/tyrone-nelson-2.html,Tyrone Nelson
/cbb/players/vincenzo-nelson-1.html,Vincenzo Nelson
/cbb/players/wayne-nelson-1.html,Wayne Nelson
/cbb/players/william-nelson-1.html,William Nelson
/cbb/players/william-nelson-2.html,William Nelson
/cbb/players/zach-nelson-1.html,Zach Nelson
/cbb/players/zach-nelson-2.html,Zach Nelson
/cbb/players/_-nelson-3.html,_ Nelson
/cbb/players/_-nelson-4.html,_ Nelson
/cbb/players/_-nelson-1.html,_ Nelson
/cbb/players/_-nelson-10.html,_ Nelson
/cbb/players/_-nelson-2.html,_ Nelson
/cbb/players/darien-nelson-henry-1.html,Darien Nelson-Henry
/cbb/players/alonzo-nelson-ododa-1.html,Alonzo Nelson-Ododa
/cbb/players/nii-nelson-richards-1.html,Nii Nelson-Richards
/cbb/players/ross-neltner-1.html,Ross Neltner
/cbb/players/andrew-nembhard-1.html,Andrew Nembhard
/cbb/players/rj-nembhard-1.html,RJ Nembhard
/cbb/players/ruben-nembhard-1.html,Ruben Nembhard
/cbb/players/ryan-nembhard-1.html,Ryan Nembhard
/cbb/players/rich-nemcek-1.html,Rich Nemcek
/cbb/players/bob-nemechek-1.html,Bob Nemechek
/cbb/players/dick-nemelka-1.html,Dick Nemelka
/cbb/players/john-nemeth-1.html,John Nemeth
/cbb/players/brian-nemitz-1.html,Brian Nemitz
/cbb/players/milos-nenadic-1.html,Milos Nenadic
/cbb/players/steve-nenadovich-1.html,Steve Nenadovich
/cbb/players/andrew-nene-1.html,Andrew Nene
/cbb/players/carl-nenendez-1.html,Carl Nenendez
/cbb/players/brice-nengsu-1.html,Brice Nengsu
/cbb/players/bill-nennstiel-1.html,Bill Nennstiel
/cbb/players/garry-nensel-1.html,Garry Nensel
/cbb/players/gerry-nensel-1.html,Gerry Nensel
/cbb/players/_-nensel-1.html,_ Nensel
/cbb/players/tshilidzi-nephawe-1.html,Tshilidzi Nephawe
/cbb/players/kyle-neptune-1.html,Kyle Neptune
/cbb/players/yavney-neptune-1.html,Yavney Neptune
/cbb/players/jp-nerbun-1.html,JP Nerbun
/cbb/players/caleb-nero-1.html,Caleb Nero
/cbb/players/greg-nero-1.html,Greg Nero
/cbb/players/jamie-nero-1.html,Jamie Nero
/cbb/players/shannon-nero-1.html,Shannon Nero
/cbb/players/bill-nesbit-1.html,Bill Nesbit
/cbb/players/randy-nesbit-2.html,Randy Nesbit
/cbb/players/ryan-nesbit-1.html,Ryan Nesbit
/cbb/players/alex-nesbitt-1.html,Alex Nesbitt
/cbb/players/amir-nesbitt-1.html,Amir Nesbitt
/cbb/players/brad-nesbitt-1.html,Brad Nesbitt
/cbb/players/burl-nesbitt-1.html,Burl Nesbitt
/cbb/players/elton-nesbitt-1.html,Elton Nesbitt
/cbb/players/graham-nesbitt-1.html,Graham Nesbitt
/cbb/players/jalen-nesbitt-1.html,Jalen Nesbitt
/cbb/players/jordan-nesbitt-1.html,Jordan Nesbitt
/cbb/players/marvin-nesbittjr-1.html,Marvin Nesbitt
/cbb/players/michael-nesbitt-1.html,Michael Nesbitt
/cbb/players/scott-nesbitt-1.html,Scott Nesbitt
/cbb/players/tyrone-nesby-1.html,Tyrone Nesby
/cbb/players/tyrone-nesbyiv-1.html,Tyrone Nesby IV
/cbb/players/dusan-neskovic-1.html,Dusan Neskovic
/cbb/players/miroslav-neskovic-1.html,Miroslav Neskovic
/cbb/players/derek-nesland-1.html,Derek Nesland
/cbb/players/aaron-nesmith-1.html,Aaron Nesmith
/cbb/players/dion-nesmith-1.html,Dion Nesmith
/cbb/players/larry-nesmith-1.html,Larry Nesmith
/cbb/players/lee-nesmith-1.html,Lee Nesmith
/cbb/players/malloy-nesmith-1.html,Malloy Nesmith
/cbb/players/steve-nesmith-1.html,Steve Nesmith
/cbb/players/brad-ness-1.html,Brad Ness
/cbb/players/jake-ness-1.html,Jake Ness
/cbb/players/james-van-ness-1.html,James van Ness
/cbb/players/john-van-ness-1.html,John van Ness
/cbb/players/jon-ness-1.html,Jon Ness
/cbb/players/phil-ness-1.html,Phil Ness
/cbb/players/martin-nessley-1.html,Martin Nessley
/cbb/players/eugene-nestak-1.html,Eugene Nestak
/cbb/players/konstantin-nesterov-1.html,Konstantin Nesterov
/cbb/players/joe-nethen-1.html,Joe Nethen
/cbb/players/dave-netherton-1.html,Dave Netherton
/cbb/players/emanuel-neto-1.html,Emanuel Neto
/cbb/players/bob-netolicky-1.html,Bob Netolicky
/cbb/players/kevin-netter-1.html,Kevin Netter
/cbb/players/bj-netterville-1.html,B.J. Netterville
/cbb/players/aaron-nettles-1.html,Aaron Nettles
/cbb/players/cameron-nettles-1.html,Cameron Nettles
/cbb/players/michael-nettles-1.html,Michael Nettles
/cbb/players/duan-nettleton-1.html,Duan Nettleton
/cbb/players/mack-nettleton-1.html,Mack Nettleton
/cbb/players/bill-neu-1.html,Bill Neu
/cbb/players/conor-neu-1.html,Conor Neu
/cbb/players/cameron-neubauer-1.html,Cameron Neubauer
/cbb/players/jeff-neubauer-1.html,Jeff Neubauer
/cbb/players/noah-neubauer-1.html,Noah Neubauer
/cbb/players/jacob-neubert-1.html,Jacob Neubert
/cbb/players/keith-neubert-1.html,Keith Neubert
/cbb/players/graham-neuburger-1.html,Graham Neuburger
/cbb/players/matt-neufeld-1.html,Matt Neufeld
/cbb/players/eisten-neufer-1.html,Eisten Neufer
/cbb/players/lavar-neufville-1.html,Lavar Neufville
/cbb/players/arnd-neuhaus-1.html,Arnd Neuhaus
/cbb/players/jon-neuhouser-1.html,Jon Neuhouser
/cbb/players/jay-neukomm-1.html,Jay Neukomm
/cbb/players/eric-neuman-1.html,Eric Neuman
/cbb/players/jeff-neuman-1.html,Jeff Neuman
/cbb/players/bob-neumann-1.html,Bob Neumann
/cbb/players/cj-neumann-1.html,C.J. Neumann
/cbb/players/denny-neumann-1.html,Denny Neumann
/cbb/players/john-neumann-1.html,John Neumann
/cbb/players/johnny-neumann-1.html,Johnny Neumann
/cbb/players/nick-neumann-1.html,Nick Neumann
/cbb/players/paul-neumann-1.html,Paul Neumann
/cbb/players/sam-neumann-1.html,Sam Neumann
/cbb/players/paul-neumayer-1.html,Paul Neumayer
/cbb/players/jack-neumayr-1.html,Jack Neumayr
/cbb/players/ken-neun-1.html,Ken Neun
/cbb/players/jim-neurohr-1.html,Jim Neurohr
/cbb/players/carl-neuss-1.html,Carl Neuss
/cbb/players/durrell-nevels-1.html,Durrell Nevels
/cbb/players/garrett-nevels-1.html,Garrett Nevels
/cbb/players/brandon-nevens-1.html,Brandon Nevens
/cbb/players/ernie-nevers-1.html,Ernie Nevers
/cbb/players/carlton-neverson-1.html,Carlton Neverson
/cbb/players/canonchet-neves-1.html,Canonchet Neves
/cbb/players/luke-nevill-1.html,Luke Nevill
/cbb/players/scott-nevill-1.html,Scott Nevill
/cbb/players/ben-neville-1.html,Ben Neville
/cbb/players/george-neville-1.html,George Neville
/cbb/players/jerry-neville-1.html,Jerry Neville
/cbb/players/mike-neville-1.html,Mike Neville
/cbb/players/tyler-neville-1.html,Tyler Neville
/cbb/players/larry-nevils-1.html,Larry Nevils
/cbb/players/joey-nevin-1.html,Joey Nevin
/cbb/players/phil-nevin-1.html,Phil Nevin
/cbb/players/gary-nevinger-1.html,Gary Nevinger
/cbb/players/jan-nevinger-1.html,Jan Nevinger
/cbb/players/blake-nevins-1.html,Blake Nevins
/cbb/players/chuck-nevitt-1.html,Chuck Nevitt
/cbb/players/_-nevolo-1.html,_ Nevolo
/cbb/players/dave-new-1.html,Dave New
/cbb/players/michael-new-1.html,Michael New
/cbb/players/michael-new-2.html,Michael New
/cbb/players/marcus-newbern-1.html,Marcus Newbern
/cbb/players/melvin-newbern-1.html,Melvin Newbern
/cbb/players/booker-newberry-1.html,Booker Newberry
/cbb/players/charles-newberry-1.html,Charles Newberry
/cbb/players/jeff-newberry-1.html,Jeff Newberry
/cbb/players/jimmy-newberry-1.html,Jimmy Newberry
/cbb/players/broderick-newbill-1.html,Broderick Newbill
/cbb/players/dj-newbill-1.html,D.J. Newbill
/cbb/players/ivano-newbill-1.html,Ivano Newbill
/cbb/players/ira-newble-1.html,Ira Newble
/cbb/players/bill-newbold-1.html,Bill Newbold
/cbb/players/larry-newbold-1.html,Larry Newbold
/cbb/players/mike-newbold-1.html,Mike Newbold
/cbb/players/tyler-newbold-1.html,Tyler Newbold
/cbb/players/vasshun-newborne-1.html,Vas'Shun Newborne
/cbb/players/doug-newburg-1.html,Doug Newburg
/cbb/players/mark-newburg-1.html,Mark Newburg
/cbb/players/jade-newburn-1.html,Jade Newburn
/cbb/players/ndewedo-newbury-1.html,Ndewedo Newbury
/cbb/players/brandon-newby-1.html,Brandon Newby
/cbb/players/donovan-newby-1.html,Donovan Newby
/cbb/players/gerry-newby-1.html,Gerry Newby
/cbb/players/jabs-newby-1.html,Jabs Newby
/cbb/players/martavious-newby-1.html,Martavious Newby
/cbb/players/maurice-newby-1.html,Maurice Newby
/cbb/players/terrence-newby-1.html,Terrence Newby
/cbb/players/chuck-newcomb-1.html,Chuck Newcomb
/cbb/players/jim-newcome-2.html,Jim Newcome
/cbb/players/steve-newcome-1.html,Steve Newcome
/cbb/players/jim-newcomer-1.html,Jim Newcomer
/cbb/players/_-newdome-1.html,_ Newdome
/cbb/players/alexander-newell-1.html,Alexander Newell
/cbb/players/anthony-newell-1.html,Anthony Newell
/cbb/players/bill-newell-1.html,Bill Newell
/cbb/players/bobby-newell-1.html,Bobby Newell
/cbb/players/calvin-newell--1.html,Calvin Newell 
/cbb/players/casey-newell-1.html,Casey Newell
/cbb/players/chris-newell-1.html,Chris Newell
/cbb/players/claude-newell-1.html,Claude Newell
/cbb/players/dernard-newell-1.html,Dernard Newell
/cbb/players/fred-newell-1.html,Fred Newell
/cbb/players/greg-newell-1.html,Greg Newell
/cbb/players/jerry-newell-1.html,Jerry Newell
/cbb/players/jerry-newell-2.html,Jerry Newell
/cbb/players/kip-newell-1.html,Kip Newell
/cbb/players/marshun-newell-1.html,Marshun Newell
/cbb/players/pete-newell-2.html,Pete Newell
/cbb/players/royce-newell-1.html,Royce Newell
/cbb/players/steve-newell-1.html,Steve Newell
/cbb/players/tom-newell-1.html,Tom Newell
/cbb/players/reid-newey-1.html,Reid Newey
/cbb/players/don-newhook-1.html,Don Newhook
/cbb/players/bill-newkirk-1.html,Bill Newkirk
/cbb/players/bill-newkirk-2.html,Bill Newkirk
/cbb/players/howard-newkirk-1.html,Howard Newkirk
/cbb/players/josh-newkirk-1.html,Josh Newkirk
/cbb/players/richard-newkirk-1.html,Richard Newkirk
/cbb/players/shavar-newkirk-1.html,Shavar Newkirk
/cbb/players/zach-newkirk-1.html,Zach Newkirk
/cbb/players/mark-newlen-1.html,Mark Newlen
/cbb/players/alex-newlin-1.html,Alex Newlin
/cbb/players/charles-newlin-1.html,Charles Newlin
/cbb/players/mike-newlin-1.html,Mike Newlin
/cbb/players/ed-newlon-1.html,Ed Newlon
/cbb/players/andy-newman-1.html,Andy Newman
/cbb/players/bernard-newman-1.html,Bernard Newman
/cbb/players/bill-newman-1.html,Bill Newman
/cbb/players/bob-newman-1.html,Bob Newman
/cbb/players/brandon-newman-1.html,Brandon Newman
/cbb/players/brandon-newman-2.html,Brandon Newman
/cbb/players/clint-newman-1.html,Clint Newman
/cbb/players/dan-newman-1.html,Dan Newman
/cbb/players/david-newman-1.html,David Newman
/cbb/players/don-newman-2.html,Don Newman
/cbb/players/donald-newman-1.html,Donald Newman
/cbb/players/earl-newman-1.html,Earl Newman
/cbb/players/ed-newman-1.html,Ed Newman
/cbb/players/erick-newman-1.html,Erick Newman
/cbb/players/everette-newman-1.html,Everette Newman
/cbb/players/gary-newman-1.html,Gary Newman
/cbb/players/greg-newman-1.html,Greg Newman
/cbb/players/howard-newman-1.html,Howard Newman
/cbb/players/jake-newman-1.html,Jake Newman
/cbb/players/james-newman-1.html,James Newman
/cbb/players/james-newman-2.html,James Newman
/cbb/players/jeremiah-newman-1.html,Jeremiah Newman
/cbb/players/jerry-newman-1.html,Jerry Newman
/cbb/players/jim-newman-1.html,Jim Newman
/cbb/players/joe-newman-1.html,Joe Newman
/cbb/players/john-newman-1.html,John Newman
/cbb/players/john-newmaniii-1.html,John Newman
/cbb/players/johnny-newman-1.html,Johnny Newman
/cbb/players/joseph-newman-1.html,Joseph Newman
/cbb/players/karmari-newman-1.html,Karmari Newman
/cbb/players/kevin-newman-1.html,Kevin Newman
/cbb/players/malik-newman-1.html,Malik Newman
/cbb/players/mark-newman-1.html,Mark Newman
/cbb/players/matt-newman-1.html,Matt Newman
/cbb/players/paul-newman-1.html,Paul Newman
/cbb/players/paul-newman-2.html,Paul Newman
/cbb/players/paul-newman-4.html,Paul Newman
/cbb/players/roger-newman-1.html,Roger Newman
/cbb/players/roger-newman-2.html,Roger Newman
/cbb/players/ronnie-newman-1.html,Ronnie Newman
/cbb/players/scott-newman-1.html,Scott Newman
/cbb/players/scott-newman-2.html,Scott Newman
/cbb/players/sean-newman-1.html,Sean Newman
/cbb/players/sean-newman-2.html,Sean Newman
/cbb/players/spencer-newman-1.html,Spencer Newman
/cbb/players/steve-newman-1.html,Steve Newman
/cbb/players/tommy-newman-2.html,Tommy Newman
/cbb/players/victor-newman-1.html,Victor Newman
/cbb/players/_-newman-1.html,_ Newman
/cbb/players/_-newman-2.html,_ Newman
/cbb/players/reece-newmann-1.html,Reece Newmann
/cbb/players/brian-newmark-1.html,Brian Newmark
/cbb/players/dave-newmark-1.html,Dave Newmark
/cbb/players/juwan-newmen-1.html,Juwan Newmen
/cbb/players/paul-newmon-1.html,Paul Newmon
/cbb/players/deangelo-newsom-1.html,DeAngelo Newsom
/cbb/players/gw-newsom-1.html,G.W. Newsom
/cbb/players/john-newsom-1.html,John Newsom
/cbb/players/rodney-newson-1.html,Rodney Newsom
/cbb/players/tony-newsom-1.html,Tony Newsom
/cbb/players/alex-newsome-1.html,Alex Newsome
/cbb/players/danny-newsome-1.html,Danny Newsome
/cbb/players/devin-newsome-1.html,Devin Newsome
/cbb/players/emmanuel-newsome-1.html,Emmanuel Newsome
/cbb/players/eric-newsome-1.html,Eric Newsome
/cbb/players/forrest-newsome-1.html,Forrest Newsome
/cbb/players/gary-newsome-1.html,Gary Newsome
/cbb/players/jamil-newsome-1.html,Jamil Newsome
/cbb/players/john-newsome-1.html,John Newsome
/cbb/players/john-newsome-2.html,John Newsome
/cbb/players/ken-newsome-1.html,Ken Newsome
/cbb/players/manny-newsome-1.html,Manny Newsome
/cbb/players/rick-newsome-1.html,Rick Newsome
/cbb/players/seth-newsome-1.html,Seth Newsome
/cbb/players/steve-newsome-1.html,Steve Newsome
/cbb/players/tashan-newsome-1.html,Tashan Newsome
/cbb/players/vurdell-newsome-1.html,Vurdell Newsome
/cbb/players/andre-newson-1.html,Andre Newson
/cbb/players/jared-newson-1.html,Jared Newson
/cbb/players/keon-newson-1.html,Keon Newson
/cbb/players/willie-newson-1.html,Willie Newson
/cbb/players/willie-newson-2.html,Willie Newson
/cbb/players/austin-newton-1.html,Austin Newton
/cbb/players/bill-newton-1.html,Bill Newton
/cbb/players/bill-newton-2.html,Bill Newton
/cbb/players/billy-newton-1.html,Billy Newton
/cbb/players/brendan-newton-1.html,Brendan Newton
/cbb/players/brian-newton-1.html,Brian Newton
/cbb/players/brock-newton-1.html,Brock Newton
/cbb/players/byron-newton-1.html,Byron Newton
/cbb/players/cm-newton-1.html,C.M. Newton
/cbb/players/carl-newton-1.html,Carl Newton
/cbb/players/charles-newton-1.html,Charles Newton
/cbb/players/chris-newton-1.html,Chris Newton
/cbb/players/dennis-newton-1.html,Dennis Newton
/cbb/players/derick-newton-1.html,Derick Newton
/cbb/players/derick-newton-2.html,Derick Newton
/cbb/players/desjuan-newton-1.html,Desjuan Newton
/cbb/players/don-newton-1.html,Don Newton
/cbb/players/ed-newton-1.html,Ed Newton
/cbb/players/grady-newton-1.html,Grady Newton
/cbb/players/greg-newton-1.html,Greg Newton
/cbb/players/jaquan-newton-1.html,Ja'Quan Newton
/cbb/players/jake-newton-1.html,Jake Newton
/cbb/players/jawaun-newton-1.html,Jawaun Newton
/cbb/players/jeff-newton-1.html,Jeff Newton
/cbb/players/jeff-newton-2.html,Jeff Newton
/cbb/players/jimmy-newton-1.html,Jimmy Newton
/cbb/players/joe-newton-1.html,Joe Newton
/cbb/players/justin-newton-1.html,Justin Newton
/cbb/players/kelley-newton-1.html,Kelley Newton
/cbb/players/lucas-newton-1.html,Lucas Newton
/cbb/players/martin-newton-1.html,Martin Newton
/cbb/players/mike-newton-1.html,Mike Newton
/cbb/players/milt-newton-1.html,Milt Newton
/cbb/players/paul-newton-1.html,Paul Newton
/cbb/players/pierre-newton-1.html,Pierre Newton
/cbb/players/qwandell-newton-1.html,Qwandell Newton
/cbb/players/rett-newton-1.html,Rett Newton
/cbb/players/rob-newton-1.html,Rob Newton
/cbb/players/robert-newton-1.html,Robert Newton
/cbb/players/ronny-newton-1.html,Ronny Newton
/cbb/players/sean-newton-1.html,Sean Newton
/cbb/players/tristen-newton-1.html,Tristen Newton
/cbb/players/tyler-newton-1.html,Tyler Newton
/cbb/players/walter-newton-1.html,Walter Newton
/cbb/players/woody-newton-1.html,Woody Newton
/cbb/players/scott-next-1.html,Scott Next
/cbb/players/john-ney-1.html,John Ney
/cbb/players/niklas-ney-1.html,Niklas Ney
/cbb/players/bill-neyden-1.html,Bill Neyden
/cbb/players/lewis-neyland-1.html,Lewis Neyland
/cbb/players/reese-neyland-1.html,Reese Neyland
/cbb/players/cameron-neysmith-1.html,Cameron Neysmith
/cbb/players/horace-neysmith-1.html,Horace Neysmith
/cbb/players/tony-neysmith-1.html,Tony Neysmith
/cbb/players/stuart-nezlek-1.html,Stuart Nezlek
/cbb/players/david-ng-1.html,David Ng
/cbb/players/kameron-ng-1.html,Kameron Ng
/cbb/players/tshiefu-ngalakulondi-1.html,Tshiefu Ngalakulondi
/cbb/players/heri-ngalamulume-1.html,Heri Ngalamulume
/cbb/players/guy-ngarndi-1.html,Guy Ngarndi
/cbb/players/tanor-ngom-1.html,Tanor Ngom
/cbb/players/olisa-ngonadi-1.html,Olisa Ngonadi
/cbb/players/patrick-ngongba-1.html,Patrick Ngongba
/cbb/players/gaby-ngoundjo-1.html,Gaby Ngoundjo
/cbb/players/achille-ngounou-1.html,Achille Ngounou
/cbb/players/lionel-ngounou-1.html,Lionel Ngounou
/cbb/players/boe-nguidjol-1.html,Boe Nguidjol
/cbb/players/amanze-ngumezi-1.html,Amanze Ngumezi
/cbb/players/ikemefuna-ngwudo-1.html,Ike Ngwudo
/cbb/players/modibo-niakate-1.html,Modibo Niakate
/cbb/players/abdou-niang-1.html,Abdou Niang
/cbb/players/georges-niang-1.html,Georges Niang
/cbb/players/madiaw-niang-1.html,Madiaw Niang
/cbb/players/modou-niang-1.html,Modou Niang
/cbb/players/mohamed-niang-1.html,Mohamed Niang
/cbb/players/moulaye-niang-1.html,Moulaye Niang
/cbb/players/thierno-niang-1.html,Thierno Niang
/cbb/players/lhassane-niangane-1.html,L'Hassane Niangane
/cbb/players/trent-nibholas-1.html,Trent Nibholas
/cbb/players/marcus-niblack-1.html,Marcus Niblack
/cbb/players/jason-niblett-1.html,Jason Niblett
/cbb/players/tom-niccum-1.html,Tom Niccum
/cbb/players/johnathan-nicely-1.html,Johnathan Nicely
/cbb/players/steve-nicgorski-1.html,Steve Nicgorski
/cbb/players/harry-nichelsen-1.html,Harry Nichelsen
/cbb/players/eric-nichelson-1.html,Eric Nichelson
/cbb/players/matt-nichenko-1.html,Matt Nichenko
/cbb/players/phil-nichol-1.html,Phil Nichol
/cbb/players/ab-nicholas-1.html,Ab Nicholas
/cbb/players/andrew-nicholas-1.html,Andrew Nicholas
/cbb/players/chris-nicholas-1.html,Chris Nicholas
/cbb/players/damon-nicholas-1.html,Damon Nicholas
/cbb/players/dave-nicholas-1.html,Dave Nicholas
/cbb/players/dq-nicholas-1.html,DQ Nicholas
/cbb/players/drew-nicholas-1.html,Drew Nicholas
/cbb/players/jr-nicholas-1.html,J.R. Nicholas
/cbb/players/karl-nicholas-1.html,Joirdon Karl Nicholas
/cbb/players/jonathan-nicholas-1.html,Jonathan Nicholas
/cbb/players/josh-nicholas-1.html,Josh Nicholas
/cbb/players/josh-nicholas-2.html,Josh Nicholas
/cbb/players/josh-nicholas-3.html,Josh Nicholas
/cbb/players/khary-nicholas-1.html,Khary Nicholas
/cbb/players/malcolm-nicholas-1.html,Malcolm Nicholas
/cbb/players/malcolm-nicholas-2.html,Malcolm Nicholas
/cbb/players/nathaniel-nicholas-1.html,Nathaniel Nicholas
/cbb/players/nick-nicholas-1.html,Nick Nicholas
/cbb/players/ronnie-nicholas-1.html,Ronnie Nicholas
/cbb/players/ryan-nicholas-1.html,Ryan Nicholas
/cbb/players/tony-nicholas-1.html,Tony Nicholas
/cbb/players/w-nicholas-2.html,W. Nicholas
/cbb/players/winston-nicholas-1.html,Winston Nicholas
/cbb/players/damon-nicholasjr-1.html,Damon Nicholas Jr.
/cbb/players/jim-nicholl-1.html,Jim Nicholl
/cbb/players/john-nicholls-1.html,John Nicholls
/cbb/players/russ-nicholls-1.html,Russ Nicholls
/cbb/players/aaron-nichols-1.html,Aaron Nichols
/cbb/players/aubrey-nichols-1.html,Aubrey Nichols
/cbb/players/austin-nichols-2.html,Austin Nichols
/cbb/players/austin-nichols-1.html,Austin Nichols
/cbb/players/bicky-nichols-1.html,Bicky Nichols
/cbb/players/bob-nichols-2.html,Bob Nichols
/cbb/players/bob-nichols-3.html,Bob Nichols
/cbb/players/bob-nichols-4.html,Bob Nichols
/cbb/players/bob-nichols-1.html,Bob Nichols
/cbb/players/brandon-nichols-1.html,Brandon Nichols
/cbb/players/brian-nichols-1.html,Brian Nichols
/cbb/players/bronson-nichols-1.html,Bronson Nichols
/cbb/players/carl-nichols-1.html,Carl Nichols
/cbb/players/carter-nichols-1.html,Carter Nichols
/cbb/players/chancellor-nichols-2.html,Chancellor Nichols
/cbb/players/charlie-nichols-1.html,Charlie Nichols
/cbb/players/chris-nichols-1.html,Chris Nichols
/cbb/players/cleve-nichols-1.html,Cleve Nichols
/cbb/players/darris-nichols-1.html,Darris Nichols
/cbb/players/dave-nichols-1.html,Dave Nichols
/cbb/players/dave-nichols-2.html,Dave Nichols
/cbb/players/david-nichols-1.html,David Nichols
/cbb/players/demetris-nichols-1.html,Demetris Nichols
/cbb/players/ed-nichols-1.html,Ed Nichols
/cbb/players/george-nichols-1.html,George Nichols
/cbb/players/isaiah-nichols-1.html,Isaiah Nichols
/cbb/players/jack-nichols-2.html,Jack Nichols
/cbb/players/jake-nichols-1.html,Jake Nichols
/cbb/players/jamal-nichols-1.html,Jamal Nichols
/cbb/players/jarvis-nichols-1.html,Jarvis Nichols
/cbb/players/jerry-nichols-1.html,Jerry Nichols
/cbb/players/jerry-nichols-2.html,Jerry Nichols
/cbb/players/jerry-nichols-3.html,Jerry Nichols
/cbb/players/jim-nichols-2.html,Jim Nichols
/cbb/players/jimmy-nichols-1.html,Jimmy Nichols
/cbb/players/joe-nichols-1.html,Joe Nichols
/cbb/players/john-nichols-1.html,John Nichols
/cbb/players/jon-nichols-1.html,Jon Nichols
/cbb/players/jordan-nichols-1.html,Jordan Nichols
/cbb/players/josh-nichols-1.html,Josh Nichols
/cbb/players/kipper-nichols-1.html,Kipper Nichols
/cbb/players/leslie-nichols-1.html,Leslie Nichols
/cbb/players/malik-nichols-1.html,Malik Nichols
/cbb/players/matt-nichols-1.html,Matt Nichols
/cbb/players/noah-nichols-1.html,Noah Nichols
/cbb/players/pj-nichols-1.html,P.J. Nichols
/cbb/players/paul-nichols-1.html,Paul Nichols
/cbb/players/ramsey-nichols-1.html,Ramsey Nichols
/cbb/players/roger-nichols-1.html,Roger Nichols
/cbb/players/scott-nichols-1.html,Scott Nichols
/cbb/players/shane-nichols-1.html,Shane Nichols
/cbb/players/steven-nichols-1.html,Steven Nichols
/cbb/players/tom-nichols-1.html,Tom Nichols
/cbb/players/tom-nichols-2.html,Tom Nichols
/cbb/players/tom-nichols-3.html,Tom Nichols
/cbb/players/travis-nichols-1.html,Travis Nichols
/cbb/players/tre-nichols-1.html,Tre Nichols
/cbb/players/andrew-nicholson-1.html,Andrew Nicholson
/cbb/players/arndray-nicholson-1.html,Arndray Nicholson
/cbb/players/bob-nicholson-1.html,Bob Nicholson
/cbb/players/byron-nicholson-1.html,Byron Nicholson
/cbb/players/desma-nicholson-1.html,Desma Nicholson
/cbb/players/devin-nicholson-1.html,Devin Nicholson
/cbb/players/dick-nicholson-1.html,Dick Nicholson
/cbb/players/eldon-nicholson-1.html,Eldon Nicholson
/cbb/players/garik-nicholson-1.html,Garik Nicholson
/cbb/players/greg-nicholson-1.html,Greg Nicholson
/cbb/players/h-nicholson-1.html,H. Nicholson
/cbb/players/harry-nicholson-1.html,Harry Nicholson
/cbb/players/jack-nicholson-1.html,Jack Nicholson
/cbb/players/jeremy-nicholson-1.html,Jeremy Nicholson
/cbb/players/jerome-nicholson-1.html,Jerome Nicholson
/cbb/players/jerome-nicholson-2.html,Jerome Nicholson
/cbb/players/jim-nicholson-1.html,Jim Nicholson
/cbb/players/jim-nicholson-2.html,Jim Nicholson
/cbb/players/kassim-nicholson-1.html,Kassim Nicholson
/cbb/players/matthew-nicholson-1.html,Matthew Nicholson
/cbb/players/max-nicholson-1.html,Max Nicholson
/cbb/players/peyton-nicholson-1.html,Peyton Nicholson
/cbb/players/ron-nicholson-2.html,Ron Nicholson
/cbb/players/rufus-nicholson-1.html,Rufus Nicholson
/cbb/players/steve-nicholson-1.html,Steve Nicholson
/cbb/players/yemi-nicholson-1.html,Yemi Nicholson
/cbb/players/frank-nickel-1.html,Frank Nickel
/cbb/players/cedrick-nickelberry-1.html,Cedrick Nickelberry
/cbb/players/david-nickelberry-1.html,David Nickelberry
/cbb/players/josh-nickelberry-1.html,Josh Nickelberry
/cbb/players/bill-nickell-1.html,Bill Nickell
/cbb/players/pat-nickell-1.html,Pat Nickell
/cbb/players/roger-nickell-1.html,Roger Nickell
/cbb/players/bryce-nickels-1.html,Bryce Nickels
/cbb/players/lawrence-nickelson-1.html,Lawrence Nickelson
/cbb/players/leon-nickelson-1.html,Leon Nickelson
/cbb/players/rich-nickelson-1.html,Rich Nickelson
/cbb/players/tyrese-nickelson-1.html,Tyrese Nickelson
/cbb/players/harry-nickens-1.html,Harry Nickens
/cbb/players/jared-nickens-1.html,Jared Nickens
/cbb/players/mark-nickens-1.html,Mark Nickens
/cbb/players/_-nickens-1.html,_ Nickens
/cbb/players/colin-nickerson-1.html,Colin Nickerson
/cbb/players/corey-nickerson-1.html,Corey Nickerson
/cbb/players/e-victor-nickerson-1.html,E. Victor Nickerson
/cbb/players/gaylon-nickerson-1.html,Gaylon Nickerson
/cbb/players/jason-nickerson-1.html,Jason Nickerson
/cbb/players/jon-michael-nickerson-1.html,Jon-Michael Nickerson
/cbb/players/karl-nickerson-1.html,Karl Nickerson
/cbb/players/lester-nickerson-1.html,Lester Nickerson
/cbb/players/rick-nickerson-1.html,Rick Nickerson
/cbb/players/willard-nickerson-1.html,Willard Nickerson
/cbb/players/billy-nickleberry-1.html,Billy Nickleberry
/cbb/players/ray-nickleberry-1.html,Ray Nickleberry
/cbb/players/von-nickleberry-1.html,Von Nickleberry
/cbb/players/sidney-nickleson-1.html,Sidney Nickleson
/cbb/players/ben-nickol-1.html,Ben Nickol
/cbb/players/chris-nickola-1.html,Chris Nickola
/cbb/players/carl-nicks-1.html,Carl Nicks
/cbb/players/dekyron-nicks-1.html,Dekyron Nicks
/cbb/players/mike-nicksic-1.html,Mike Nicksic
/cbb/players/tim-nicksic-1.html,Tim Nicksic
/cbb/players/_-nicksnick-1.html,_ Nicksnick
/cbb/players/alfred-nickson-1.html,Alfred Nickson
/cbb/players/steve-nicodemus-1.html,Steve Nicodemus
/cbb/players/brandon-nicol-1.html,Brandon Nicol
/cbb/players/julius-nicolai-1.html,Julius Nicolai
/cbb/players/ron-nicolai-1.html,Ron Nicolai
/cbb/players/jacob-nicolds-1.html,Jacob Nicolds
/cbb/players/spencer-nicolds-1.html,Spencer Nicolds
/cbb/players/frank-nicoletti-1.html,Frank Nicoletti
/cbb/players/john-nicoli-1.html,John Nicoli
/cbb/players/_-nicoli-1.html,_ Nicoli
/cbb/players/zhivago-nicolls-1.html,Zhivago Nicolls
/cbb/players/clevo-nicols-1.html,Clevo Nicols
/cbb/players/bill-nicynski-1.html,Bill Nicynski
/cbb/players/jim-nidds-1.html,Jim Nidds
/cbb/players/toby-nidiffer-1.html,Toby Nidiffer
/cbb/players/_-nidiffer-2.html,_ Nidiffer
/cbb/players/chris-nieberlein-1.html,Chris Nieberlein
/cbb/players/gene-nieberlein-1.html,Gene Nieberlein
/cbb/players/rob-nieberlein-1.html,Rob Nieberlein
/cbb/players/bob-niebruegge-1.html,Bob Niebruegge
/cbb/players/ken-niebuhr-1.html,Ken Niebuhr
/cbb/players/martin-niederer-1.html,Martin Niederer
/cbb/players/ethan-niedermeyer-1.html,Ethan Niedermeyer
/cbb/players/karl-niederwerfer-1.html,Karl Niederwerfer
/cbb/players/doug-niedrich-1.html,Doug Niedrich
/cbb/players/connor-niego-1.html,Connor Niego
/cbb/players/harrison-niego-1.html,Harrison Niego
/cbb/players/harland-niehaus-1.html,Harland Niehaus
/cbb/players/jim-niehaus-1.html,Jim Niehaus
/cbb/players/marty-niehaus-1.html,Marty Niehaus
/cbb/players/bob-niehl-1.html,Bob Niehl
/cbb/players/dave-niehl-1.html,Dave Niehl
/cbb/players/john-niehoff-1.html,John Niehoff
/cbb/players/joe-niekamp-1.html,Joe Niekamp
/cbb/players/ron-niekamp-1.html,Ron Niekamp
/cbb/players/blaze-nield-1.html,Blaze Nield
/cbb/players/allan-nielsen-1.html,Allan Nielsen
/cbb/players/christian-nielsen-1.html,Christian Nielsen
/cbb/players/craig-nielsen-1.html,Craig Nielsen
/cbb/players/david-nielsen-1.html,David Nielsen
/cbb/players/eric-nielsen-1.html,Eric Nielsen
/cbb/players/gerald-nielsen-1.html,Gerald Nielsen
/cbb/players/gifford-nielsen-1.html,Gifford Nielsen
/cbb/players/jim-nielsen-1.html,Jim Nielsen
/cbb/players/jim-nielsen-2.html,Jim Nielsen
/cbb/players/jim-nielsen-3.html,Jim Nielsen
/cbb/players/johannes-nielsen-1.html,Johannes Nielsen
/cbb/players/john-nielsen-1.html,John Nielsen
/cbb/players/justin-nielson-1.html,Justin Nielsen
/cbb/players/kenneth-nielsen-1.html,Kenneth Nielsen
/cbb/players/kevin-nielsen-1.html,Kevin Nielsen
/cbb/players/peter-nielsen-1.html,Peter Nielsen
/cbb/players/rich-nielsen-1.html,Rich Nielsen
/cbb/players/steve-nielsen-1.html,Steve Nielsen
/cbb/players/_-nielsen-1.html,_ Nielsen
/cbb/players/jaden-nielsen-skinner-1.html,Jaden Nielsen-Skinner
/cbb/players/jake-nielson-1.html,Jake Nielson
/cbb/players/john-nielson-1.html,John Nielson
/cbb/players/tracy-nielson-1.html,Tracy Nielson
/cbb/players/_-nielson-1.html,_ Nielson
/cbb/players/brian-nieman-1.html,Brian Nieman
/cbb/players/dale-nieman-1.html,Dale Nieman
/cbb/players/danny-nieman-1.html,Danny Nieman
/cbb/players/dave-nieman-2.html,Dave Nieman
/cbb/players/fred-nieman-1.html,Fred Nieman
/cbb/players/brad-niemann-1.html,Brad Niemann
/cbb/players/christopher-niemann-1.html,Christopher Niemann
/cbb/players/dave-niemann-1.html,Dave Niemann
/cbb/players/donald-niemann-1.html,Donald Niemann
/cbb/players/joe-niemann-1.html,Joe Niemann
/cbb/players/rich-niemann-1.html,Rich Niemann
/cbb/players/_-niemann-1.html,_ Niemann
/cbb/players/tom-niemeier-1.html,Tom Niemeier
/cbb/players/mike-niemi-1.html,Mike Niemi
/cbb/players/mikko-niemi-1.html,Mikko Niemi
/cbb/players/samuli-nieminen-1.html,Samuli Nieminen
/cbb/players/wallace-niemuth-1.html,Wallace Niemuth
/cbb/players/nick-niernczyk-1.html,Nick Niernczyk
/cbb/players/mike-nierva-1.html,Mike Nierva
/cbb/players/jack-nies-1.html,Jack Nies
/cbb/players/travis-niesen-1.html,Travis Niesen
/cbb/players/chris-niesz-1.html,Chris Niesz
/cbb/players/alex-nieto-1.html,Alex Nieto
/cbb/players/anthony-nieves-1.html,Anthony Nieves
/cbb/players/enrique-nieves-1.html,Enrique Nieves
/cbb/players/henry-nieves-1.html,Henry Nieves
/cbb/players/omel-nieves-1.html,Omel Nieves
/cbb/players/roberto-nieves-1.html,Roberto Nieves
/cbb/players/stan-niewierowski-1.html,Stan Niewierowski
/cbb/players/bill-nigg-1.html,Bill Nigg
/cbb/players/mark-niggli-1.html,Mark Niggli
/cbb/players/frank-nightingale-1.html,Frank Nightingale
/cbb/players/fred-nightingale-1.html,Fred Nightingale
/cbb/players/jim-nightingale-1.html,Jim Nightingale
/cbb/players/_-nigolais-1.html,_ Nigolais
/cbb/players/adam-nigon-1.html,Adam Nigon
/cbb/players/todd-nigro-1.html,Todd Nigro
/cbb/players/george-nigton-1.html,George Nigton
/cbb/players/irakli-nijaradze-1.html,Irakli Nijaradze
/cbb/players/chris-nikchevich-1.html,Chris Nikchevich
/cbb/players/chris-nikitas-1.html,Chris Nikitas
/cbb/players/david-nikitin-1.html,David Nikitin
/cbb/players/lassi-nikkarinen-1.html,Lassi Nikkarinen
/cbb/players/antti-nikkila-1.html,Antti Nikkila
/cbb/players/reed-nikko-1.html,Reed Nikko
/cbb/players/john-nikolai-1.html,John Nikolai
/cbb/players/jim-nikolakakis-1.html,Jim Nikolakakis
/cbb/players/aleksa-nikolic-1.html,Aleksa Nikolic
/cbb/players/igor-nikolic-1.html,Igor Nikolic
/cbb/players/lazar-nikolic-1.html,Lazar Nikolic
/cbb/players/milos-nikolic-1.html,Milos Nikolic
/cbb/players/milos-nikolic-2.html,Milos Nikolic
/cbb/players/niksa-nikolic-1.html,Niksa Nikolic
/cbb/players/mike-niksch-1.html,Mike Niksch
/cbb/players/zack-niland-1.html,Zack Niland
/cbb/players/ben-niles-1.html,Ben Niles
/cbb/players/bob-niles-1.html,Bob Niles
/cbb/players/dave-niles-1.html,Dave Niles
/cbb/players/jeff-niles-1.html,Jeff Niles
/cbb/players/mike-niles-1.html,Mike Niles
/cbb/players/mike-niles-2.html,Mike Niles
/cbb/players/pierre-niles-1.html,Pierre Niles
/cbb/players/steve-niles-1.html,Steve Niles
/cbb/players/tom-niles-1.html,Tom Niles
/cbb/players/warren-niles-1.html,Warren Niles
/cbb/players/lars-nilsen-1.html,Lars Nilsen
/cbb/players/mike-nilson-1.html,Mike Nilson
/cbb/players/dan-nilsson-1.html,Dan Nilsson
/cbb/players/ty-nilsson-1.html,Ty Nilsson
/cbb/players/saah-nimley-1.html,Saah Nimley
/cbb/players/frank-nimmo-1.html,Frank Nimmo
/cbb/players/greg-nimmo-1.html,Greg Nimmo
/cbb/players/stuart-nimmo-1.html,Stuart Nimmo
/cbb/players/_-nimocka-1.html,_ Nimocka
/cbb/players/bj-nimocks-1.html,Bj Nimocks
/cbb/players/kurt-nimphius-1.html,Kurt Nimphius
/cbb/players/bob-nims-1.html,Bob Nims
/cbb/players/dean-nims-1.html,Dean Nims
/cbb/players/_-nims-1.html,_ Nims
/cbb/players/troy-nini-1.html,Troy Nini
/cbb/players/doug-nininger-1.html,Doug Nininger
/cbb/players/damion-ninkovic-1.html,Damion Ninkovic
/cbb/players/dayon-ninkovic-1.html,Dayon Ninkovic
/cbb/players/bob-ninn-1.html,Bob Ninn
/cbb/players/matas-niparavicius-1.html,Matas Niparavicius
/cbb/players/bob-nipp-1.html,Bob Nipp
/cbb/players/derrill-nippert-1.html,Derrill Nippert
/cbb/players/josh-nirenberg-1.html,Josh Nirenberg
/cbb/players/sal-nirroessed-1.html,Sal Nirroessed
/cbb/players/steve-nisbet-1.html,Steve Nisbet
/cbb/players/thomas-nisbet-1.html,Thomas Nisbet
/cbb/players/ron-nischwitz-1.html,Ron Nischwitz
/cbb/players/martin-nish-1.html,Martin Nish
/cbb/players/paul-nish-1.html,Paul Nish
/cbb/players/peter-nish-1.html,Peter Nish
/cbb/players/brett-nishibayashi-1.html,Brett Nishibayashi
/cbb/players/sam-nissel-1.html,Sam Nissel
/cbb/players/al-nissen-1.html,Al Nissen
/cbb/players/erik-nissen-1.html,Erik Nissen
/cbb/players/peter-nisskian-1.html,Peter Nisskian
/cbb/players/boyd-nisson-1.html,Boyd Nisson
/cbb/players/werner-nistler-1.html,Werner Nistler
/cbb/players/jim-niswomger-1.html,Jim Niswomger
/cbb/players/kareem-nitoto-2.html,Kareem Nitoto
/cbb/players/paul-nitz-1.html,Paul Nitz
/cbb/players/lewis-niva-1.html,Lewis Niva
/cbb/players/roger-niva-1.html,Roger Niva
/cbb/players/john-niven-1.html,John Niven
/cbb/players/ahmad-nivins-1.html,Ahmad Nivins
/cbb/players/bill-nivison-1.html,Bill Nivison
/cbb/players/bob-nix-1.html,Bob Nix
/cbb/players/bruce-nix-1.html,Bruce Nix
/cbb/players/chris-nix-1.html,Chris Nix
/cbb/players/derrick-nix-1.html,Derrick Nix
/cbb/players/derrick-nix-2.html,Derrick Nix
/cbb/players/dyron-nix-1.html,Dyron Nix
/cbb/players/gabe-nix-1.html,Gabe Nix
/cbb/players/jeff-nix-1.html,Jeff Nix
/cbb/players/joe-nix-1.html,Joe Nix
/cbb/players/malachi-nix-1.html,Malachi Nix
/cbb/players/recus-nix-1.html,Recus Nix
/cbb/players/rozelle-nix-1.html,Rozelle Nix
/cbb/players/aaron-nixon-1.html,Aaron Nixon
/cbb/players/bill-nixon-1.html,Bill Nixon
/cbb/players/dalton-nixon-1.html,Dalton Nixon
/cbb/players/daniel-nixon-1.html,Daniel Nixon
/cbb/players/dick-nixon-1.html,Dick Nixon
/cbb/players/ed-nixon-1.html,Ed Nixon
/cbb/players/ernest-nixon-1.html,Ernest Nixon
/cbb/players/ernest-nixon-2.html,Ernest Nixon
/cbb/players/glenn-nixon-1.html,Glenn Nixon
/cbb/players/isaac-nixon-1.html,Isaac Nixon
/cbb/players/jayden-nixon-1.html,Jayden Nixon
/cbb/players/jevon-nixon-1.html,Jevon Nixon
/cbb/players/john-nixon-1.html,John Nixon
/cbb/players/kevin-nixon-1.html,Kevin Nixon
/cbb/players/kevin-nixon-3.html,Kevin Nixon
/cbb/players/khalil-nixon-1.html,Khalil Nixon
/cbb/players/lee-nixon-1.html,Lee Nixon
/cbb/players/lemuel-nixon-1.html,Lemuel Nixon
/cbb/players/lemuelrip-nixon-1.html,Lemuel Rip Nixon
/cbb/players/leo-nixon-1.html,Leo Nixon
/cbb/players/norm-nixon-1.html,Norm Nixon
/cbb/players/norm-nixon-2.html,Norm Nixon
/cbb/players/prentiss-nixon-1.html,Prentiss Nixon
/cbb/players/rp-nixon-1.html,R.P. Nixon
/cbb/players/rashaud-nixon-2.html,Rashaud Nixon
/cbb/players/ray-nixon-1.html,Ray Nixon
/cbb/players/ray-nixon-2.html,Ray Nixon
/cbb/players/ronnie-nixon-1.html,Ronnie Nixon
/cbb/players/shag-nixon-1.html,Shag Nixon
/cbb/players/sonique-nixon-1.html,Sonique Nixon
/cbb/players/sonique-nixon-2.html,Sonique Nixon
/cbb/players/tap-nixon-1.html,Tap Nixon
/cbb/players/terence-nixon-1.html,Terence Nixon
/cbb/players/terrance-nixon-1.html,Terrance Nixon
/cbb/players/tony-nixon-1.html,Tony Nixon
/cbb/players/zamal-nixon-1.html,Zamal Nixon
/cbb/players/_-nixon-1.html,_ Nixon
/cbb/players/_-nixon-2.html,_ Nixon
/cbb/players/jakub-niziol-1.html,Jakub Niziol
/cbb/players/ismaila-njie-1.html,Ismaila Njie
/cbb/players/mo-njie-1.html,Mo Njie
/cbb/players/nnanna-njoku-1.html,Nnanna Njoku
/cbb/players/richard-njoku-1.html,Richard Njoku
/cbb/players/ugochukwu-njoku-1.html,Ugochukwu Njoku
/cbb/players/emmanuel-njomo-1.html,Emmanuel Njomo
/cbb/players/simplice-njoya-1.html,Simplice Njoya
/cbb/players/bertrand-nkali-1.html,Bertrand Nkali
/cbb/players/olivier-nkamhoua-1.html,Olivier Nkamhoua
/cbb/players/fred-nkemdi-1.html,Fred Nkemdi
/cbb/players/leslie-nkereuwem-1.html,Leslie Nkereuwem
/cbb/players/akpan-nkeruwem-1.html,Akpan Nkeruwem
/cbb/players/joshua-nkwo-1.html,Joshua Nkwo
/cbb/players/lunzaya-nlandu-1.html,Lunzaya Nlandu
/cbb/players/obiora-nnaji-1.html,Obiora Nnaji
/cbb/players/zeke-nnaji-1.html,Zeke Nnaji
/cbb/players/ikechi-nnakwe-1.html,Ikechi Nnakwe
/cbb/players/oluoma-nnamaka-1.html,Oluoma Nnamaka
/cbb/players/collin-nnamene-1.html,Collin Nnamene
/cbb/players/landry-nnoko-1.html,Landry Nnoko
/cbb/players/bill-noack-1.html,Bill Noack
/cbb/players/dave-noack-1.html,Dave Noack
/cbb/players/greg-noack-1.html,Greg Noack
/cbb/players/trevor-noack-1.html,Trevor Noack
/cbb/players/joakim-noah-1.html,Joakim Noah
/cbb/players/john-noak-1.html,John Noak
/cbb/players/pat-noakes-1.html,Pat Noakes
/cbb/players/anthony-noble-1.html,Anthony Noble
/cbb/players/brad-noble-1.html,Brad Noble
/cbb/players/chuck-noble-1.html,Chuck Noble
/cbb/players/cliff-noble-1.html,Cliff Noble
/cbb/players/jay-noble-1.html,Jay Noble
/cbb/players/john-noble-1.html,John Noble
/cbb/players/josh-noble-1.html,Josh Noble
/cbb/players/larry-noble-1.html,Larry Noble
/cbb/players/larry-noble-2.html,Larry Noble
/cbb/players/mark-noble-1.html,Mark Noble
/cbb/players/ossie-noble-1.html,Ossie Noble
/cbb/players/reed-noble-1.html,Reed Noble
/cbb/players/swift-noble-1.html,Swift Noble
/cbb/players/wes-noble-1.html,Wes Noble
/cbb/players/_-noble-3.html,_ Noble
/cbb/players/craig-nobles-1.html,Craig Nobles
/cbb/players/herb-nobles-1.html,Herb Nobles
/cbb/players/jacquan-nobles-1.html,Jacquan Nobles
/cbb/players/jordan-nobles-1.html,Jordan Nobles
/cbb/players/julysses-nobles-1.html,Julysses Nobles
/cbb/players/leroy-nobles-1.html,LeRoy Nobles
/cbb/players/rodney-nobles-1.html,Rodney Nobles
/cbb/players/mike-noblet-1.html,Mike Noblet
/cbb/players/_-nobley-1.html, Nobley
/cbb/players/willard-nobley-1.html,Willard Nobley
/cbb/players/jordan-noblitt-1.html,Jordan Noblitt
/cbb/players/monty-noblitt-1.html,Monty Noblitt
/cbb/players/ryan-noce-1.html,Ryan Noce
/cbb/players/jeff-nocera-1.html,Jeff Nocera
/cbb/players/jim-nocera-1.html,Jim Nocera
/cbb/players/mj-nodilo-1.html,M.J. Nodilo
/cbb/players/charles-noe-1.html,Charles Noe
/cbb/players/chet-noe-1.html,Chet Noe
/cbb/players/chip-noe-1.html,Chip Noe
/cbb/players/daniel-noe-1.html,Daniel Noe
/cbb/players/dick-noe-1.html,Dick Noe
/cbb/players/ed-noe-1.html,Ed Noe
/cbb/players/charlie-noebel-1.html,Charlie Noebel
/cbb/players/john-noecker-1.html,John Noecker
/cbb/players/bron-noel-1.html,Bron Noel
/cbb/players/dave-noel-1.html,Dave Noel
/cbb/players/david-noel-1.html,David Noel
/cbb/players/david-noel-3.html,David Noel
/cbb/players/greg-noel-1.html,Greg Noel
/cbb/players/jonathan-noel-1.html,Jonathan Noel
/cbb/players/kaylim-noel-1.html,Kaylim Noel
/cbb/players/kendell-noel-1.html,Kendell Noel
/cbb/players/levi-noel-1.html,Levi Noel
/cbb/players/nerlens-noel-1.html,Nerlens Noel
/cbb/players/obadiah-noel-1.html,Obadiah Noel
/cbb/players/teddy-noel-1.html,Teddy Noel
/cbb/players/torey-noel-1.html,Torey Noel
/cbb/players/torian-noel-1.html,Torian Noel
/cbb/players/jim-noenning-1.html,Jim Noenning
/cbb/players/joe-noertker-1.html,Joe Noertker
/cbb/players/derek-noether-1.html,Derek Noether
/cbb/players/mike-nofsinger-1.html,Mike Nofsinger
/cbb/players/kouat-noi-1.html,Kouat Noi
/cbb/players/bob-noice-1.html,Bob Noice
/cbb/players/ray-noiles-1.html,Ray Noiles
/cbb/players/_-nojaim-1.html,_ Nojaim
/cbb/players/brian-nolan-1.html,Brian Nolan
/cbb/players/dan-nolan-1.html,Dan Nolan
/cbb/players/daniel-nolan-1.html,Daniel Nolan
/cbb/players/drew-nolan-1.html,Drew Nolan
/cbb/players/ed-nolan-1.html,Ed Nolan
/cbb/players/eli-nolan-1.html,Eli Nolan
/cbb/players/frank-nolan-1.html,Frank Nolan
/cbb/players/jeff-nolan-1.html,Jeff Nolan
/cbb/players/jere-nolan-1.html,Jere Nolan
/cbb/players/jim-nolan-1.html,Jim Nolan
/cbb/players/jimmy-nolan-1.html,Jimmy Nolan
/cbb/players/john-nolan-1.html,John Nolan
/cbb/players/kevion-nolan-1.html,Kevion Nolan
/cbb/players/leo-nolan-1.html,Leo Nolan
/cbb/players/leo-nolan-2.html,Leo Nolan
/cbb/players/marcus-nolan-1.html,Marcus Nolan
/cbb/players/nick-nolan-1.html,Nick Nolan
/cbb/players/norman-nolan-1.html,Norman Nolan
/cbb/players/paul-nolan-2.html,Paul Nolan
/cbb/players/phillip-nolan-1.html,Phillip Nolan
/cbb/players/roger-nolan-1.html,Roger Nolan
/cbb/players/thomas-nolan-1.html,Thomas Nolan
/cbb/players/tim-nolan-1.html,Tim Nolan
/cbb/players/tom-nolan-1.html,Tom Nolan
/cbb/players/w-nolan-1.html,W. Nolan
/cbb/players/_-nolan-1.html,_ Nolan
/cbb/players/terry-nolanjr-1.html,Terry Nolan Jr.
/cbb/players/belvis-noland-1.html,Belvis Noland
/cbb/players/bill-noland-1.html,Bill Noland
/cbb/players/billy-noland-1.html,Billy Noland
/cbb/players/bobby-noland-1.html,Bobby Noland
/cbb/players/cj-noland-1.html,C.J. Noland
/cbb/players/john-paul-noland-1.html,John Paul Noland
/cbb/players/mike-noland-1.html,Mike Noland
/cbb/players/al-nolen-1.html,Al Nolen
/cbb/players/demarkis-nolen-1.html,Demarkis Nolen
/cbb/players/jack-nolen-1.html,Jack Nolen
/cbb/players/londrick-nolen-1.html,Londrick Nolen
/cbb/players/paul-nolen-1.html,Paul Nolen
/cbb/players/stacy-nolen-1.html,Stacy Nolen
/cbb/players/_-nolen-1.html,_ Nolen
/cbb/players/aaron-noll-1.html,Aaron Noll
/cbb/players/brad-noll-1.html,Brad Noll
/cbb/players/dean-noll-1.html,Dean Noll
/cbb/players/jason-noll-1.html,Jason Noll
/cbb/players/john-noll-1.html,John Noll
/cbb/players/ken-noll-1.html,Ken Noll
/cbb/players/randy-noll-1.html,Randy Noll
/cbb/players/landers-nolley-1.html,Landers Nolley
/cbb/players/landers-nolleyii-1.html,Landers Nolley
/cbb/players/connor-nolte-1.html,Connor Nolte
/cbb/players/evan-nolte-1.html,Evan Nolte
/cbb/players/viko-nomaaea-1.html,Viko Noma'aea
/cbb/players/larry-nomellini-1.html,Larry Nomellini
/cbb/players/paul-nondas-1.html,Paul Nondas
/cbb/players/george-noon-1.html,George Noon
/cbb/players/kevin-noon-1.html,Kevin Noon
/cbb/players/bill-noonan-1.html,Bill Noonan
/cbb/players/bret-noonan-1.html,Bret Noonan
/cbb/players/don-noonan-1.html,Don Noonan
/cbb/players/karl-noonan-1.html,Karl Noonan
/cbb/players/mike-noonan-1.html,Mike Noonan
/cbb/players/paul-noonan-1.html,Paul Noonan
/cbb/players/shannon-noonan-1.html,Shannon Noonan
/cbb/players/tom-noonan-1.html,Tom Noonan
/cbb/players/trevor-noonan-1.html,Trevor Noonan
/cbb/players/brian-noone-1.html,Brian Noone
/cbb/players/kevin-noone-1.html,Kevin Noone
/cbb/players/terry-nooner-1.html,Terry Nooner
/cbb/players/ebenezer-noonoo-1.html,Ebenezer Noonoo
/cbb/players/mikko-noopila-1.html,Mikko Noopila
/cbb/players/rj-noord-1.html,RJ Noord
/cbb/players/don-noort-1.html,Don Noort
/cbb/players/jonas-norbutus-1.html,Jonas Norbutus
/cbb/players/jeff-nord-2.html,Jeff Nord
/cbb/players/mark-nord-1.html,Mark Nord
/cbb/players/ronald-nord-1.html,Ronald Nord
/cbb/players/_-nord-3.html,_ Nord
/cbb/players/tim-nordahl-1.html,Tim Nordahl
/cbb/players/carl-nordbloom-1.html,Carl Nordbloom
/cbb/players/jeff-nordgaard-1.html,Jeff Nordgaard
/cbb/players/gusty-nordgren-1.html,Gusty Nordgren
/cbb/players/george-nordhaus-1.html,George Nordhaus
/cbb/players/kris-nordholz-1.html,Kris Nordholz
/cbb/players/mike-nordholz-1.html,Mike Nordholz
/cbb/players/pete-nordhorn-1.html,Pete Nordhorn
/cbb/players/jon-nordin-1.html,Jon Nordin
/cbb/players/mark-nordin-1.html,Mark Nordin
/cbb/players/mats-nordin-1.html,Mats Nordin
/cbb/players/thomas-nordland-1.html,Thomas Nordland
/cbb/players/jeremy-nordman-1.html,Jeremy Nordman
/cbb/players/robert-nordmann-1.html,Bevo Nordmann
/cbb/players/bill-nordmann-1.html,Bill Nordmann
/cbb/players/eric-nordmann-1.html,Eric Nordmann
/cbb/players/matt-nordmann-1.html,Matt Nordmann
/cbb/players/eric-nordrum-1.html,Eric Nordrum
/cbb/players/jim-nordrum-1.html,Jim Nordrum
/cbb/players/kyle-nordrum-1.html,Kyle Nordrum
/cbb/players/ronald-nored-1.html,Ronald Nored
/cbb/players/kevin-noreen-1.html,Kevin Noreen
/cbb/players/kyle-noreen-1.html,Kyle Noreen
/cbb/players/marc-eddy-norelia-1.html,Marc Eddy Norelia
/cbb/players/jonathan-norfleet-1.html,Jonathan Norfleet
/cbb/players/julian-norfleet-1.html,Julian Norfleet
/cbb/players/lawrence-norfleet-1.html,Lawrence Norfleet
/cbb/players/shaun-noriega-1.html,Shaun Noriega
/cbb/players/daniel-norl-1.html,Daniel Norl
/cbb/players/mick-norlander-1.html,Mick Norlander
/cbb/players/allen-norman-1.html,Allen Norman
/cbb/players/alvester-norman-1.html,Alvester Norman
/cbb/players/andy-norman-1.html,Andy Norman
/cbb/players/art-norman-1.html,Art Norman
/cbb/players/calvin-norman-1.html,Calvin Norman
/cbb/players/carvin-norman-1.html,Carvin Norman
/cbb/players/charles-norman-1.html,Charles Norman
/cbb/players/coniel-norman-1.html,Coniel Norman
/cbb/players/cory-norman-1.html,Cory Norman
/cbb/players/cory-norman-2.html,Cory Norman
/cbb/players/dane-norman-1.html,Dane Norman
/cbb/players/dean-norman-1.html,Dean Norman
/cbb/players/dick-norman-1.html,Dick Norman
/cbb/players/durrell-norman-1.html,Durrell Norman
/cbb/players/eric-norman-1.html,Eric Norman
/cbb/players/gary-norman-1.html,Gary Norman
/cbb/players/greg-norman-1.html,Greg Norman
/cbb/players/jamal-norman-1.html,Jamal Norman
/cbb/players/jason-norman-1.html,Jason Norman
/cbb/players/jay-norman-1.html,Jay Norman
/cbb/players/jerry-norman-1.html,Jerry Norman
/cbb/players/john-norman-1.html,John Norman
/cbb/players/john-norman-2.html,John Norman
/cbb/players/julius-norman-1.html,Julius Norman
/cbb/players/ken-norman-3.html,Ken Norman
/cbb/players/ken-norman-1.html,Ken Norman
/cbb/players/ken-norman-2.html,Ken Norman
/cbb/players/kevin-norman-1.html,Kevin Norman
/cbb/players/lamar-normanjr-1.html,Lamar Norman
/cbb/players/les-norman-1.html,Les Norman
/cbb/players/luke-norman-1.html,Luke Norman
/cbb/players/matt-norman-2.html,Matt Norman
/cbb/players/michael-norman-1.html,Michael Norman
/cbb/players/randy-norman-1.html,Randy Norman
/cbb/players/richard-norman-1.html,Richard Norman
/cbb/players/richard-norman-2.html,Richard Norman
/cbb/players/ron-norman-1.html,Ron Norman
/cbb/players/ronald-norman-1.html,Ronald Norman
/cbb/players/ronald-norman-2.html,Ronald Norman
/cbb/players/sebastian-norman-1.html,Sebastian Norman
/cbb/players/steve-norman-1.html,Steve Norman
/cbb/players/tim-norman-1.html,Tim Norman
/cbb/players/tom-norman-1.html,Tom Norman
/cbb/players/tom-norman-2.html,Tom Norman
/cbb/players/tony-norman-1.html,Tony Norman
/cbb/players/tyler-norman-1.html,Tyler Norman
/cbb/players/wade-norman-1.html,Wade Norman
/cbb/players/will-norman-1.html,Will Norman
/cbb/players/matt-normand-1.html,Matt Normand
/cbb/players/clint-normore-1.html,Clint Normore
/cbb/players/unknown-norris-1.html,(unknown) Norris
/cbb/players/audie-norris-1.html,Audie Norris
/cbb/players/bill-norris-1.html,Bill Norris
/cbb/players/braden-norris-1.html,Braden Norris
/cbb/players/bud-norris-1.html,Bud Norris
/cbb/players/casey-norris-1.html,Casey Norris
/cbb/players/chris-norris-1.html,Chris Norris
/cbb/players/curt-norris-1.html,Curt Norris
/cbb/players/dan-norris-1.html,Dan Norris
/cbb/players/darian-norris-1.html,Darian Norris
/cbb/players/david-norris-1.html,David Norris
/cbb/players/don-norris-1.html,Don Norris
/cbb/players/dwight-norris-1.html,Dwight Norris
/cbb/players/eddie-norris-1.html,Eddie Norris
/cbb/players/etienne-norris-1.html,Etienne Norris
/cbb/players/george-norris-1.html,George Norris
/cbb/players/james-norris-1.html,James Norris
/cbb/players/john-norris-1.html,John Norris
/cbb/players/keaton-norris-1.html,Keaton Norris
/cbb/players/kevin-norris-1.html,Kevin Norris
/cbb/players/larry-norris-1.html,Larry Norris
/cbb/players/leland-norris-1.html,Leland Norris
/cbb/players/leland-norris-2.html,Leland Norris
/cbb/players/marcus-norris-1.html,Marcus Norris
/cbb/players/mike-norris-1.html,Mike Norris
/cbb/players/miles-norris-1.html,Miles Norris
/cbb/players/moochie-norris-1.html,Moochie Norris
/cbb/players/nicos-norris-1.html,Nicos Norris
/cbb/players/paul-norris-1.html,Paul Norris
/cbb/players/riley-norris-1.html,Riley Norris
/cbb/players/rob-norris-1.html,Rob Norris
/cbb/players/steve-norris-1.html,Steve Norris
/cbb/players/sylvester-norris-1.html,Sylvester Norris
/cbb/players/tj-norris-1.html,T.J. Norris
/cbb/players/terry-norris-1.html,Terry Norris
/cbb/players/tom-norris-1.html,Tom Norris
/cbb/players/travis-norris-1.html,Travis Norris
/cbb/players/trey-norris-1.html,Trey Norris
/cbb/players/troy-norris-1.html,Troy Norris
/cbb/players/ulysses-norris-1.html,Ulysses Norris
/cbb/players/vernon-norris-1.html,Vernon Norris
/cbb/players/wesley-norris-1.html,Wesley Norris
/cbb/players/_-norris-1.html,_ Norris
/cbb/players/alexander-norskey-1.html,Alexander Norskey
/cbb/players/jared-norsworthy-1.html,Jared Norsworthy
/cbb/players/lane-norsworthy-1.html,Lane Norsworthy
/cbb/players/bill-north-1.html,Bill North
/cbb/players/charlie-north-1.html,Charlie North
/cbb/players/chuck-north-1.html,Chuck North
/cbb/players/deontae-north-1.html,Deontae North
/cbb/players/floyd-north-1.html,Floyd North
/cbb/players/tony-northcross-1.html,Tony Northcross
/cbb/players/john-northcutt-1.html,John Northcutt
/cbb/players/russ-northcutt-1.html,Russ Northcutt
/cbb/players/bryant-northern-1.html,Bryant Northern
/cbb/players/daniel-northern-1.html,Daniel Northern
/cbb/players/geoff-northrop-1.html,Geoff Northrop
/cbb/players/joe-northrop-1.html,Joe Northrop
/cbb/players/_-northrup-5.html,Charles Northrup
/cbb/players/reeves-northrup-1.html,Reeves Northrup
/cbb/players/thomas-northrup-1.html,Thomas Northrup
/cbb/players/mel-northway-1.html,Mel Northway
/cbb/players/lavon-norto-1.html,LaVon Norto
/cbb/players/bill-norton-1.html,Bill Norton
/cbb/players/bob-norton-1.html,Bob Norton
/cbb/players/chuck-norton-1.html,Chuck Norton
/cbb/players/ethan-norton-1.html,Ethan Norton
/cbb/players/gary-norton-1.html,Gary Norton
/cbb/players/jack-norton-1.html,Jack Norton
/cbb/players/james-norton-1.html,James Norton
/cbb/players/john-norton-1.html,John Norton
/cbb/players/jon-norton-1.html,Jon Norton
/cbb/players/mike-norton-1.html,Mike Norton
/cbb/players/mitch-norton-1.html,Mitch Norton
/cbb/players/nick-norton-1.html,Nick Norton
/cbb/players/phil-norton-1.html,Phil Norton
/cbb/players/randy-norton-1.html,Randy Norton
/cbb/players/ricky-norton-1.html,Ricky Norton
/cbb/players/sam-norton-1.html,Sam Norton
/cbb/players/sam-norton-2.html,Sam Norton
/cbb/players/sam-norton-22.html,Sam Norton
/cbb/players/sherman-norton-1.html,Sherman Norton
/cbb/players/steve-norton-1.html,Steve Norton
/cbb/players/walt-norton-1.html,Walt Norton
/cbb/players/kenneth-norum-1.html,Kenneth Norum
/cbb/players/_-norum-1.html,_ Norum
/cbb/players/john-norvel-1.html,John Norvel
/cbb/players/ed-norvell-1.html,Ed Norvell
/cbb/players/zach-norvelljr-1.html,Zach Norvell
/cbb/players/zack-norvell-1.html,Zack Norvell
/cbb/players/al-norville-1.html,Al Norville
/cbb/players/inus-norville-1.html,Inus Norville
/cbb/players/marty-norville-1.html,Marty Norville
/cbb/players/attarrius-norwood-1.html,Attarius Norwood
/cbb/players/bryan-norwood-1.html,Bryan Norwood
/cbb/players/corey-norwood-1.html,Corey Norwood
/cbb/players/gabe-norwood-1.html,Gabe Norwood
/cbb/players/jeff-norwood-1.html,Jeff Norwood
/cbb/players/jordan-norwood-1.html,Jordan Norwood
/cbb/players/keith-norwood-1.html,Keith Norwood
/cbb/players/levi-norwood-1.html,Levi Norwood
/cbb/players/michael-norwood-1.html,Michael Norwood
/cbb/players/michael-norwood-2.html,Michael Norwood
/cbb/players/mike-norwood-1.html,Mike Norwood
/cbb/players/ron-norwood-1.html,Ron Norwood
/cbb/players/sollie-norwood-1.html,Sollie Norwood
/cbb/players/thomas-norwood-1.html,Thomas Norwood
/cbb/players/_-norwood-1.html,_ Norwood
/cbb/players/_-norwood-3.html,_ Norwood
/cbb/players/dennis-noschese-1.html,Dennis Noschese
/cbb/players/hank-nose-1.html,Hank Nose
/cbb/players/larry-nosich-1.html,Larry Nosich
/cbb/players/sandy-nosler-1.html,Sandy Nosler
/cbb/players/lee-nosse-1.html,Lee Nosse
/cbb/players/john-nosworthy-1.html,John Nosworthy
/cbb/players/jd-notae-1.html,JD Notae
/cbb/players/tom-notchick-1.html,Tom Notchick
/cbb/players/casey-note-1.html,Casey Note
/cbb/players/dennis-note-1.html,Dennis Note
/cbb/players/charles-noti-1.html,Charles Noti
/cbb/players/duane-notice-1.html,Duane Notice
/cbb/players/bryant-notree-1.html,Bryant Notree
/cbb/players/eric-nottage-1.html,Eric Nottage
/cbb/players/reed-nottage-1.html,Reed Nottage
/cbb/players/dan-nottebart-1.html,Dan Nottebart
/cbb/players/gary-nottingham-1.html,Gary Nottingham
/cbb/players/quinton-nottingham-1.html,Quinton Nottingham
/cbb/players/trelarenz-nottingham-1.html,Tre'Larenz Nottingham
/cbb/players/levi-nough-1.html,Levi Nough
/cbb/players/ayoub-nouhi-1.html,Ayoub Nouhi
/cbb/players/omar-noureddine-1.html,Omar Noureddine
/cbb/players/howard-nourse-1.html,Howard Nourse
/cbb/players/logan-nourse-1.html,Logan Nourse
/cbb/players/scott-novacek-1.html,Scott Novacek
/cbb/players/chuck-novak-1.html,Chuck Novak
/cbb/players/daniel-novak-1.html,Daniel Novak
/cbb/players/frank-novak-1.html,Frank Novak
/cbb/players/gary-novak-1.html,Gary Novak
/cbb/players/jim-novak-1.html,Jim Novak
/cbb/players/joel-novak-1.html,Joel Novak
/cbb/players/ralph-novak-1.html,Ralph Novak
/cbb/players/stanley-novak-1.html,Stanley Novak
/cbb/players/steve-novak-1.html,Steve Novak
/cbb/players/terry-novak-1.html,Terry Novak
/cbb/players/tom-novak-1.html,Tom Novak
/cbb/players/zack-novak-1.html,Zack Novak
/cbb/players/_-novak-2.html,_ Novak
/cbb/players/_-novak-5.html,_ Novak
/cbb/players/aleksa-novakovic-1.html,Aleksa Novakovic
/cbb/players/nikola-novakovic-1.html,Nikola Novakovic
/cbb/players/aleks-novakovich-1.html,Aleks Novakovich
/cbb/players/james-novakowksi-1.html,James Novakowksi
/cbb/players/john-novaleski-1.html,John Novaleski
/cbb/players/john-novalessi-1.html,John Novalessi
/cbb/players/john-nove-1.html,John Nove
/cbb/players/perry-novelli-1.html,Perry Novelli
/cbb/players/matt-nover-1.html,Matt Nover
/cbb/players/tom-novick-1.html,Tom Novick
/cbb/players/brian-novitsky-1.html,Brian Novitsky
/cbb/players/rostyslav-novitskyi-1.html,Rostyslav Novitskyi
/cbb/players/jeffrey-novitzky-1.html,Jeffrey Novitzky
/cbb/players/_-novitzky-2.html,_ Novitzky
/cbb/players/dewey-novosedliake-1.html,Dewey Novosedliake
/cbb/players/nick-novosel-1.html,Nick Novosel
/cbb/players/scott-novosel-1.html,Scott Novosel
/cbb/players/doug-novsek-1.html,Doug Novsek
/cbb/players/wally-nowacki-1.html,Wally Nowacki
/cbb/players/hank-nowak-1.html,Hank Nowak
/cbb/players/paul-nowak-1.html,Paul Nowak
/cbb/players/ronnie-nowakowski-1.html,Ronnie Nowakowski
/cbb/players/jaylen-nowell-1.html,Jaylen Nowell
/cbb/players/markquis-nowell-1.html,Markquis Nowell
/cbb/players/mel-nowell-1.html,Mel Nowell
/cbb/players/rick-nowell-1.html,Rick Nowell
/cbb/players/shane-nowell-1.html,Shane Nowell
/cbb/players/craig-nowels-1.html,Craig Nowels
/cbb/players/filip-nowicki-1.html,Filip Nowicki
/cbb/players/jim-nowicki-1.html,Jim Nowicki
/cbb/players/tom-nowicki-1.html,Tom Nowicki
/cbb/players/jerry-nowinski-1.html,Jerry Nowinski
/cbb/players/david-nowlin-1.html,David Nowlin
/cbb/players/matt-nowlin-1.html,Matt Nowlin
/cbb/players/hal-noyes-1.html,Hal Noyes
/cbb/players/mike-noyes-1.html,Mike Noyes
/cbb/players/rob-noyes-1.html,Rob Noyes
/cbb/players/hector-noyola-1.html,Hector Noyola
/cbb/players/erick-nsangou-1.html,Erick Nsangou
/cbb/players/chris-nsenki-1.html,Chris Nsenki
/cbb/players/uche-nsonwu-amadi-1.html,Uche Nsonwu-Amadi
/cbb/players/eliel-nsoseme-1.html,Eliel Nsoseme
/cbb/players/joel-ntambwe-1.html,Joel Ntambwe
/cbb/players/rob-ntiamoah-1.html,Rob Ntiamoah
/cbb/players/john-ntoko-1.html,John Ntoko
/cbb/players/gordon-nuber-1.html,Gordon Nuber
/cbb/players/jon-nubine-1.html,Jon Nubine
/cbb/players/steve-nuce-1.html,Steve Nuce
/cbb/players/brad-nuckles-1.html,Brad Nuckles
/cbb/players/quincy-nuckles-1.html,Quincy Nuckles
/cbb/players/jim-nuckolls-1.html,Jim Nuckolls
/cbb/players/_-nuckolls-1.html,_ Nuckolls
/cbb/players/_-nuckolls-2.html,_ Nuckolls
/cbb/players/kenzo-nudo-1.html,Kenzo Nudo
/cbb/players/bob-nuendorrf-1.html,Bob Nuendorrf
/cbb/players/jim-nuess-1.html,Jim Nuess
/cbb/players/bill-nuffer-1.html,Bill Nuffer
/cbb/players/michael-nuga-1.html,Mike Nuga
/cbb/players/bob-nugent-1.html,Bob Nugent
/cbb/players/donchevell-nugent-1.html,Donchevell Nugent
/cbb/players/kyle-nugent-1.html,Kyle Nugent
/cbb/players/nick-nugent-1.html,Nick Nugent
/cbb/players/sal-nuhu-1.html,Sal Nuhu
/cbb/players/auraum-nuiriankh-1.html,Auraum Nuiriankh
/cbb/players/igor-nujic-1.html,Iggy Nujic
/cbb/players/jeff-null-1.html,Jeff Null
/cbb/players/jonathan-nunaz-1.html,Jonathan Nunaz
/cbb/players/al-nuness-1.html,Al Nuness
/cbb/players/jared-nuness-1.html,Jared Nuness
/cbb/players/jordan-nuness-1.html,Jordan Nuness
/cbb/players/adrien-nunez-1.html,Adrien Nunez
/cbb/players/angel-nunez-1.html,Angel Nunez
/cbb/players/eddie-nunez-1.html,Eddie Nunez
/cbb/players/gary-nunez-1.html,Gary Nunez
/cbb/players/manuel-nunez-1.html,Manuel Nunez
/cbb/players/rigoberto-nunez-1.html,Rigoberto Nunez
/cbb/players/willy-nunezjr-1.html,Willy Nunez
/cbb/players/ayan-nunezdecarvalho-1.html,Ayan Nunez de Carvalho
/cbb/players/jack-nunge-1.html,Jack Nunge
/cbb/players/jerald-nunley-1.html,Jerald Nunley
/cbb/players/pat-nunley-1.html,Pat Nunley
/cbb/players/greg-nunn-1.html,Greg Nunn
/cbb/players/jayden-nunn-1.html,Jayden Nunn
/cbb/players/kendrick-nunn-1.html,Kendrick Nunn
/cbb/players/norman-nunn-1.html,Norman Nunn
/cbb/players/ronnie-nunn-1.html,Ronnie Nunn
/cbb/players/rozell-nunn-1.html,Rozell Nunn
/cbb/players/tim-nunn-1.html,Tim Nunn
/cbb/players/tony-nunn-1.html,Tony Nunn
/cbb/players/alex-nunnally-1.html,Alex Nunnally
/cbb/players/james-nunnally-1.html,James Nunnally
/cbb/players/michael-nunnally-1.html,Michael Nunnally
/cbb/players/milton-nunnally-1.html,Milton Nunnally
/cbb/players/dick-nunneley-1.html,Dick Nunneley
/cbb/players/alex-nunner-1.html,Alex Nunner
/cbb/players/bob-nunnery-1.html,Bob Nunnery
/cbb/players/cavadas-nunnery-1.html,Cavadas Nunnery
/cbb/players/rob-nunnery-2.html,Rob Nunnery
/cbb/players/rob-nunnery-1.html,Rob Nunnery
/cbb/players/ronald-nunnery-1.html,Ronald Nunnery
/cbb/players/enrico-nuno-1.html,Enrico Nuno
/cbb/players/rauno-nurger-1.html,Rauno Nurger
/cbb/players/kai-nurnberger-1.html,Kai Nurnberger
/cbb/players/bob-nurse-1.html,Bob Nurse
/cbb/players/chris-nurse-1.html,Chris Nurse
/cbb/players/david-nurse-1.html,David Nurse
/cbb/players/earl-nurse-1.html,Earl Nurse
/cbb/players/joshua-nurse-1.html,Joshua Nurse
/cbb/players/michael-nurse-1.html,Michael Nurse
/cbb/players/nick-nurse-1.html,Nick Nurse
/cbb/players/ty-nurse-1.html,Ty Nurse
/cbb/players/engen-nurumbi-1.html,Engen Nurumbi
/cbb/players/chris-nuss-1.html,Chris Nuss
/cbb/players/david-nussbaum-1.html,David Nussbaum
/cbb/players/dj-nussbaum-1.html,DJ Nussbaum
/cbb/players/taylor-nussbaum-1.html,Taylor Nussbaum
/cbb/players/dave-nussbaumer-1.html,Dave Nussbaumer
/cbb/players/harley-nussman-1.html,Harley Nussman
/cbb/players/zach-nutall-1.html,Zach Nutall
/cbb/players/dennis-nutt-1.html,Dennis Nutt
/cbb/players/dickey-nutt-2.html,Dickey Nutt
/cbb/players/houston-nutt-1.html,Houston Nutt
/cbb/players/houston-nutt-2.html,Houston Nutt
/cbb/players/logan-nutt-1.html,Logan Nutt
/cbb/players/lucas-nutt-1.html,Lucas Nutt
/cbb/players/r-nutt-1.html,R Nutt
/cbb/players/robert-nuttall-1.html,Robert Nuttall
/cbb/players/jamar-nutter-1.html,Jamar Nutter
/cbb/players/jimmy-nutter-1.html,Jimmy Nutter
/cbb/players/harold-nuttruan-1.html,Harold Nuttruan
/cbb/players/alai-nuualiitia-1.html,Alai Nuualiitia
/cbb/players/don-nuxhall-1.html,Don Nuxhall
/cbb/players/ralph-nuzum-1.html,Ralph Nuzum
/cbb/players/david-nwaba-1.html,David Nwaba
/cbb/players/emmanuel-nwabueze-1.html,Emmanuel Nwabueze
/cbb/players/mike-nwabuzor-1.html,Mike Nwabuzor
/cbb/players/ben-nwachukwu-1.html,Ben Nwachukwu
/cbb/players/osi-nwachukwu-1.html,Osi Nwachukwu
/cbb/players/osita-nwachukwu-1.html,Osita Nwachukwu
/cbb/players/obie-nwadike-1.html,Obie Nwadike
/cbb/players/patrick-nwadinobi-1.html,Patrick Nwadinobi
/cbb/players/dan-nwaelele-1.html,Dan Nwaelele
/cbb/players/alexander-nwagha-1.html,Alexander Nwagha
/cbb/players/chuck-nwagwu-1.html,Chuck Nwagwu
/cbb/players/mark-nwakamma-1.html,Mark Nwakamma
/cbb/players/chima-nwakpuda-1.html,Chima Nwakpuda
/cbb/players/ike-nwamu-1.html,Ike Nwamu
/cbb/players/khalid-nwandu-1.html,Khalid Nwandu
/cbb/players/kobi-nwandu-1.html,Kobi Nwandu
/cbb/players/jamal-nwaniemeka-1.html,Jamal Nwaniemeka
/cbb/players/davis-nwankwo-1.html,Davis Nwankwo
/cbb/players/ije-nwankwo-1.html,Ije Nwankwo
/cbb/players/ike-nwankwo-1.html,Ike Nwankwo
/cbb/players/jeffrey-nwankwo-1.html,Jeffrey Nwankwo
/cbb/players/johnathan-nwankwo-1.html,Johnathan Nwankwo
/cbb/players/robert-nwankwo-1.html,Robert Nwankwo
/cbb/players/ugo-nwankwo-1.html,Ugo Nwankwo
/cbb/players/jon-nwannunu-1.html,Jon Nwannunu
/cbb/players/mbaukwu-nwaogwugwu-1.html,Mbaukwu Nwaogwugwu
/cbb/players/francis-nwaokorie-1.html,Francis Nwaokorie
/cbb/players/stephen-nwaukoni-1.html,Stephen Nwaukoni
/cbb/players/afam-nweke-1.html,Afam Nweke
/cbb/players/ike-nweke-1.html,Ike Nweke
/cbb/players/nelson-nweke-1.html,Nelson Nweke
/cbb/players/odera-nweke-1.html,Odera Nweke
/cbb/players/lawrence-nwevo-1.html,Lawrence Nwevo
/cbb/players/mezie-nwigwe-1.html,Mezie Nwigwe
/cbb/players/lotanna-nwogbo-1.html,Lotanna Nwogbo
/cbb/players/zimmy-nwogbo-1.html,Zimmy Nwogbo
/cbb/players/george-nwogu-1.html,George Nwogu
/cbb/players/carderro-nwoji-1.html,Carderro Nwoji
/cbb/players/desmond-nwoke-1.html,Desmond Nwoke
/cbb/players/benjamin-nwokeabia-1.html,Benjamin Nwokeabia
/cbb/players/zimi-nwokeji-1.html,Zimi Nwokeji
/cbb/players/innocent-nwoko-1.html,Innocent Nwoko
/cbb/players/jordan-nwora-1.html,Jordan Nwora
/cbb/players/daniel-nwosu-1.html,Daniel Nwosu
/cbb/players/julius-nwosu-1.html,Julius Nwosu
/cbb/players/clint-nwosuh-1.html,Clint Nwosuh
/cbb/players/kenneth-nwuba-1.html,Kenneth Nwuba
/cbb/players/robert-nyakundi-1.html,Robert Nyakundi
/cbb/players/roland-nyama-1.html,Roland Nyama
/cbb/players/nyambi-nyambi-1.html,Nyambi Nyambi
/cbb/players/bret-nyander-1.html,Bret Nyander
/cbb/players/kazadi-nyanguila-1.html,Kazadi Nyanguila
/cbb/players/david-nyarsuk-1.html,David Nyarsuk
/cbb/players/dick-nyberg-1.html,Dick Nyberg
/cbb/players/steve-nycum-1.html,Steve Nycum
/cbb/players/bob-nye-1.html,Bob Nye
/cbb/players/patrick-nyeko-1.html,Patrick Nyeko
/cbb/players/brian-nyemchek-1.html,Brian Nyemchek
/cbb/players/brian-nyenhuis-1.html,Brian Nyenhuis
/cbb/players/bill-nygard-1.html,Bill Nygard
/cbb/players/bill-nygard-3.html,Bill Nygard
/cbb/players/bob-nygard-1.html,Bob Nygard
/cbb/players/dan-nyimicz-1.html,Dan Nyimicz
/cbb/players/thomas-nyire-1.html,Thomas Nyire
/cbb/players/esahia-nyiwe-1.html,Esahia Nyiwe
/cbb/players/ray-nykaza-1.html,Ray Nykaza
/cbb/players/bob-nylin-1.html,Bob Nylin
/cbb/players/bob-nylin-2.html,Bob Nylin
/cbb/players/bob-nyman-1.html,Bob Nyman
/cbb/players/daniel-nyman-1.html,Daniel Nyman
/cbb/players/don-nyman-1.html,Don Nyman
/cbb/players/jeff-nyman-1.html,Jeff Nyman
/cbb/players/ed-nymeyer-1.html,Ed Nymeyer
/cbb/players/buzz-nyquist-1.html,Buzz Nyquist
/cbb/players/russ-nystedt-1.html,Russ Nystedt
/cbb/players/jim-nystrom-1.html,Jim Nystrom
/cbb/players/bryce-nze-1.html,Bryce Nze
/cbb/players/josh-nzeakor-1.html,Josh Nzeakor
/cbb/players/michael-ofik-nzege-1.html,Michel Nzege
/cbb/players/michael-nzei-1.html,Michael Nzei
/cbb/players/david-nzekwesi-1.html,David Nzekwesi
/cbb/players/emmanuel-nzekwesi-1.html,Emmanuel Nzekwesi
/cbb/players/ernest-nzigamasabo-1.html,Ernest Nzigamasabo
