url,name
/cbb/players/zaheem-qasim-1.html,Zaheem Qasim
/cbb/players/samad-qawi-1.html,Samad Qawi
/cbb/players/jeff-quackenbush-1.html,Jeff Quackenbush
/cbb/players/rasheed-quadri-1.html,Rasheed Quadri
/cbb/players/arnie-quaerna-1.html,Arnie Quaerna
/cbb/players/haminn-quaintance-1.html,Haminn Quaintance
/cbb/players/robert-quaintance-1.html,Robert Quaintance
/cbb/players/donald-qualls-1.html,Donald Qualls
/cbb/players/doug-qualls-1.html,Doug Qualls
/cbb/players/jeremy-qualls-1.html,Jeremy Qualls
/cbb/players/lewis-qualls-1.html,Lewis Qualls
/cbb/players/michael-qualls-1.html,Michael Qualls
/cbb/players/_-qualm-1.html,_ Qualm
/cbb/players/erik-qualman-1.html,Erik Qualman
/cbb/players/_-qualter-2.html,_ Qualter
/cbb/players/_-quamme-1.html,_ Quamme
/cbb/players/brad-quanstrom-1.html,Brad Quanstrom
/cbb/players/larry-quant-1.html,Larry Quant
/cbb/players/andre-quarles-1.html,Andre Quarles
/cbb/players/daryus-quarles-1.html,Daryus Quarles
/cbb/players/david-quarles-1.html,David Quarles
/cbb/players/domnique-quarles-1.html,Domnique Quarles
/cbb/players/sheldon-quarles-1.html,Sheldon Quarles
/cbb/players/tracey-quarles-1.html,Tracey Quarles
/cbb/players/wendell-quarles-1.html,Wendell Quarles
/cbb/players/art-quarterman-1.html,Art Quarterman
/cbb/players/joe-quarterman-1.html,Joe Quarterman
/cbb/players/tim-quarterman-1.html,Tim Quarterman
/cbb/players/fred-quartlebaum-1.html,Fred Quartlebaum
/cbb/players/mayson-quartlebaum-1.html,Mayson Quartlebaum
/cbb/players/trey-quartlebaum-1.html,Trey Quartlebaum
/cbb/players/frank-quarto-1.html,Frank Quarto
/cbb/players/earl-quash-1.html,Earl Quash
/cbb/players/tom-quast-1.html,Tom Quast
/cbb/players/walt-quaye-1.html,Walt Quaye
/cbb/players/bob-quayle-1.html,Bob Quayle
/cbb/players/chris-quayle-1.html,Chris Quayle
/cbb/players/jared-quayle-1.html,Jared Quayle
/cbb/players/randy-quayle-1.html,Randy Quayle
/cbb/players/jeff-quazza-1.html,Jeff Quazza
/cbb/players/jaleel-queary-1.html,Jaleel Queary
/cbb/players/aaric-queen-1.html,Aaric Queen
/cbb/players/andrew-queen-1.html,Andrew Queen
/cbb/players/avery-queen-1.html,Avery Queen
/cbb/players/brandon-queen-1.html,Brandon Queen
/cbb/players/paul-queen-1.html,Paul Queen
/cbb/players/trevelin-queen-1.html,Trevelin Queen
/cbb/players/tyson-queen-1.html,Tyson Queen
/cbb/players/daren-queenan-1.html,Daren Queenan
/cbb/players/mike-queenan-1.html,Mike Queenan
/cbb/players/mike-queenan-2.html,Mike Queenan
/cbb/players/julesbuddy-quertinmont-1.html,Jules Buddy Quertinmont
/cbb/players/dario-quesada-1.html,Dario Quesada
/cbb/players/marc-quesenberry-1.html,Marc Quesenberry
/cbb/players/bj-quesinberry-1.html,B.J. Quesinberry
/cbb/players/mike-quesnal-1.html,Mike Quesnal
/cbb/players/dane-quest-1.html,Dane Quest
/cbb/players/matt-quest-1.html,Matt Quest
/cbb/players/neemias-queta-1.html,Neemias Queta
/cbb/players/manny-quezada-1.html,Manny Quezada
/cbb/players/imad-quhwash-1.html,Imad Quhwash
/cbb/players/adam-quick-1.html,Adam Quick
/cbb/players/austin-quick-1.html,Austin Quick
/cbb/players/bob-quick-1.html,Bob Quick
/cbb/players/david-quick-1.html,David Quick
/cbb/players/dillard-quick-1.html,Dillard Quick
/cbb/players/dillard-quick-2.html,Dillard Quick
/cbb/players/gregory-quick-1.html,Gregory Quick
/cbb/players/landon-quick-1.html,Landon Quick
/cbb/players/melvin-quick-1.html,Melvin Quick
/cbb/players/mike-quick-1.html,Mike Quick
/cbb/players/nick-quick-1.html,Nick Quick
/cbb/players/ronnie-quick-1.html,Ronnie Quick
/cbb/players/immanuel-quickley-1.html,Immanuel Quickley
/cbb/players/bill-quigg-1.html,Bill Quigg
/cbb/players/joe-quigg-1.html,Joe Quigg
/cbb/players/john-quigg-1.html,John Quigg
/cbb/players/_-quigg-1.html,_ Quigg
/cbb/players/jack-quiggle-1.html,Jack Quiggle
/cbb/players/daniel-quigley-1.html,Daniel Quigley
/cbb/players/joey-quigley-1.html,Joey Quigley
/cbb/players/mike-quigley-1.html,Mike Quigley
/cbb/players/terry-quigley-1.html,Terry Quigley
/cbb/players/_-quigley-2.html,_ Quigley
/cbb/players/ryan-quigtar-1.html,Ryan Quigtar
/cbb/players/drouzon-quillen-1.html,Drouzon Quillen
/cbb/players/john-quillen-1.html,John Quillen
/cbb/players/lonnie-quillen-1.html,Lonnie Quillen
/cbb/players/_-quillin-2.html,_ Quillin
/cbb/players/ron-quilling-1.html,Ron Quilling
/cbb/players/sean-quillivan-1.html,Sean Quillivan
/cbb/players/dan-quilty-1.html,Dan Quilty
/cbb/players/art-quimby-1.html,Art Quimby
/cbb/players/mike-quimby-1.html,Mike Quimby
/cbb/players/dan-quindazzi-1.html,Dan Quindazzi
/cbb/players/jaden-quinerly-1.html,Jaden Quinerly
/cbb/players/jahvon-quinerly-1.html,Jahvon Quinerly
/cbb/players/brad-quinet-1.html,Brad Quinet
/cbb/players/derek-quinet-1.html,Derek Quinet
/cbb/players/vic-quinet-1.html,Vic Quinet
/cbb/players/donte-quinine-1.html,Donte Quinine
/cbb/players/bill-quinlan-1.html,Bill Quinlan
/cbb/players/darren-quinlan-1.html,Darren Quinlan
/cbb/players/mke-quinlan-1.html,Mke Quinlan
/cbb/players/tom-quinlan-1.html,Tom Quinlan
/cbb/players/zeke-quinlan-1.html,Zeke Quinlan
/cbb/players/brendan-quinlan-huertas-1.html,Brendan Quinlan-Huertas
/cbb/players/aqeel-quinn-1.html,Aqeel Quinn
/cbb/players/barry-quinn-1.html,Barry Quinn
/cbb/players/bill-quinn-1.html,Bill Quinn
/cbb/players/brian-quinn-2.html,Brian Quinn
/cbb/players/cedric-quinn-1.html,Cedric Quinn
/cbb/players/chris-quinn-1.html,Chris Quinn
/cbb/players/chris-quinn-2.html,Chris Quinn
/cbb/players/dakota-quinn-1.html,Dakota Quinn
/cbb/players/dan-quinn-1.html,Dan Quinn
/cbb/players/dan-quinn-2.html,Dan Quinn
/cbb/players/danny-quinn-1.html,Danny Quinn
/cbb/players/diago-quinn-1.html,Diago Quinn
/cbb/players/francis-quinn-2.html,Francis Quinn
/cbb/players/frank-quinn-1.html,Frank Quinn
/cbb/players/george-quinn-1.html,George Quinn
/cbb/players/gerome-quinn-1.html,Gerome Quinn
/cbb/players/grant-quinn-1.html,Grant Quinn
/cbb/players/irv-quinn-1.html,Irv Quinn
/cbb/players/jim-quinn-1.html,Jim Quinn
/cbb/players/joe-quinn-1.html,Joe Quinn
/cbb/players/john-quinn-1.html,John Quinn
/cbb/players/john-quinn-2.html,John Quinn
/cbb/players/john-quinn-3.html,John Quinn
/cbb/players/kevin-quinn-1.html,Kevin Quinn
/cbb/players/lee-quinn-1.html,Lee Quinn
/cbb/players/marcus-quinn-1.html,Marcus Quinn
/cbb/players/matt-quinn-1.html,Matt Quinn
/cbb/players/michael-quinn-1.html,Michael Quinn
/cbb/players/michael-quinn-2.html,Michael Quinn
/cbb/players/neal-quinn-1.html,Neal Quinn
/cbb/players/paddy-quinn-1.html,Paddy Quinn
/cbb/players/pat-quinn-1.html,Pat Quinn
/cbb/players/pat-quinn-2.html,Pat Quinn
/cbb/players/ray-quinn-1.html,Ray Quinn
/cbb/players/rick-quinn-1.html,Rick Quinn
/cbb/players/rick-quinn-2.html,Rick Quinn
/cbb/players/roy-quinn-1.html,Roy Quinn
/cbb/players/terry-quinn-1.html,Terry Quinn
/cbb/players/terry-quinn-2.html,Terry Quinn
/cbb/players/tom-quinn-2.html,Tom Quinn
/cbb/players/tyler-quinn-1.html,Tyler Quinn
/cbb/players/_-quinn-1.html,_ Quinn
/cbb/players/_-quinn-5.html,_ Quinn
/cbb/players/_-quinn-6.html,_ Quinn
/cbb/players/brian-quinnett-1.html,Brian Quinnett
/cbb/players/gabe-quinnett-1.html,Gabe Quinnett
/cbb/players/bob-quinney-1.html,Bob Quinney
/cbb/players/michael-quinney-1.html,Michael Quinney
/cbb/players/tyler-quinney-1.html,Tyler Quinney
/cbb/players/ed-quinones-1.html,Ed Quinones
/cbb/players/lester-quinones-1.html,Lester Quinones
/cbb/players/gary-quint-1.html,Gary Quint
/cbb/players/joe-quintana-1.html,Joe Quintana
/cbb/players/john-quintana-1.html,John Quintana
/cbb/players/marco-quinto-1.html,Marco Quinto
/cbb/players/rico-quinton-1.html,Rico Quinton
/cbb/players/ed-quirk-1.html,Ed Quirk
/cbb/players/john-quirk-1.html,John Quirk
/cbb/players/stan-quirk-1.html,Stan Quirk
/cbb/players/darius-quisenberry-1.html,Darius Quisenberry
/cbb/players/john-quist-1.html,John Quist
/cbb/players/brian-qvale-1.html,Brian Qvale
