url,name
/cbb/players/drake-uu-1.html,Drake U'u
/cbb/players/parker-uu-1.html,Parker U'u
/cbb/players/rashaad-ubah-1.html,Rashaad Ubah
/cbb/players/ayinde-ubaka-1.html,Ayinde Ubaka
/cbb/players/kem-ubaru-1.html,Kem Ubaru
/cbb/players/brandon-ubel-1.html,Brandon Ubel
/cbb/players/edwin-ubiles-1.html,Edwin Ubiles
/cbb/players/manny-ubilla-1.html,Manny Ubilla
/cbb/players/joseph-uchebo-1.html,Joseph Uchebo
/cbb/players/johnathan-uchendu-1.html,Johnathan Uchendu
/cbb/players/ralph-uchison-1.html,Ralph Uchison
/cbb/players/morris-udall-1.html,Morris Udall
/cbb/players/dave-udanis-1.html,Dave Udanis
/cbb/players/ike-udanoh-1.html,Ike Udanoh
/cbb/players/chidi-udengwu-1.html,Chidi Udengwu
/cbb/players/amadi-udenyi-1.html,Amadi Udenyi
/cbb/players/emeka-udenyi-1.html,Emeka Udenyi
/cbb/players/chinedu-udeogalanya-1.html,Chinedu Udeogalanya
/cbb/players/joe-udeoji-1.html,Joe Udeoji
/cbb/players/morris-udeze-1.html,Morris Udeze
/cbb/players/ugo-udezue-1.html,Ugo Udezue
/cbb/players/ndueso-udiowod-1.html,Ndueso Udiowod
/cbb/players/etop-udo-ema-1.html,Etop Udo-Ema
/cbb/players/chris-udofia-1.html,Chris Udofia
/cbb/players/javen-udofia-1.html,Javen Udofia
/cbb/players/mfon-udofia-1.html,Mfon Udofia
/cbb/players/ekpe-udoh-1.html,Ekpe Udoh
/cbb/players/ndueso-udoiwod-1.html,Ndueso Udoiwod
/cbb/players/udoiwod-udoiwod-1.html,Udoiwod Udoiwod
/cbb/players/ime-udoka-1.html,Ime Udoka
/cbb/players/josh-uduje-1.html,Josh Uduje
/cbb/players/herman-uebele-1.html,Herman Uebele
/cbb/players/joe-uelk-1.html,Joe Uelk
/cbb/players/averyl-ugba-1.html,Averyl Ugba
/cbb/players/jidbay-ugbaja-1.html,Jiday Ugbaja
/cbb/players/daddy-ugbede-1.html,Daddy Ugbede
/cbb/players/emmanuel-ugboh-1.html,Emmanuel Ugboh
/cbb/players/stephen-ugochukwu-1.html,Stephen Ugochukwu
/cbb/players/ty-ugolyn-1.html,Ty Ugolyn
/cbb/players/john-ugrin-1.html,John Ugrin
/cbb/players/aher-uguak-1.html,Aher Uguak
/cbb/players/henry-uhegwu-1.html,Henry Uhegwu
/cbb/players/bill-uhl-1.html,Bill Uhl
/cbb/players/bill-uhl-2.html,Bill Uhl
/cbb/players/bill-uhl-3.html,Bill Uhl
/cbb/players/dom-uhl-1.html,Dom Uhl
/cbb/players/george-uhl-1.html,George Uhl
/cbb/players/jack-uhlar-1.html,Jack Uhlar
/cbb/players/ken-uhlar-1.html,Ken Uhlar
/cbb/players/craig-uhle-1.html,Craig Uhle
/cbb/players/walter-uhle-1.html,Walter Uhle
/cbb/players/reece-uhlenhopp-1.html,Reece Uhlenhopp
/cbb/players/decker-uhlhorn-1.html,Decker Uhlhorn
/cbb/players/jay-uhrin-1.html,Jay Uhrin
/cbb/players/siem-uijtendaal-1.html,Siem Uijtendaal
/cbb/players/ofure-ujadughele-1.html,Ofure Ujadughele
/cbb/players/jeffrey-uju-1.html,Jeffrey Uju
/cbb/players/jermaine-ukaegbu-1.html,Jermaine Ukaegbu
/cbb/players/okey-ukah-1.html,Okey Ukah
/cbb/players/quincy-ukaigwe-1.html,Quincy Ukaigwe
/cbb/players/ike-ukawuba-1.html,Ike Ukawuba
/cbb/players/rob-ukawuba-1.html,Rob Ukawuba
/cbb/players/ezenwa-ukeagu-1.html,Ezenwa Ukeagu
/cbb/players/bobby-ukrop-1.html,Bobby Ukrop
/cbb/players/david-ulak-1.html,David Ulak
/cbb/players/steve-ulaki-1.html,Steve Ulaki
/cbb/players/scott-ulaneo-1.html,Scott Ulaneo
/cbb/players/bob-ulasewicz-1.html,Bob Ulasewicz
/cbb/players/dick-ulasewicz-1.html,Dick Ulasewicz
/cbb/players/bill-ulbin-1.html,Bill Ulbin
/cbb/players/ahron-ulis-1.html,Ahron Ulis
/cbb/players/tyler-ulis-1.html,Tyler Ulis
/cbb/players/ron-ullrich-1.html,Ron Ullrich
/cbb/players/jim-ulm-1.html,Jim Ulm
/cbb/players/robert-ulm-1.html,Robert Ulm
/cbb/players/brant-ulmer-1.html,Brant Ulmer
/cbb/players/carl-ulmer-1.html,Carl Ulmer
/cbb/players/jeremy-ulmer-1.html,Jeremy Ulmer
/cbb/players/lamonte-ulmer-1.html,Lamonte Ulmer
/cbb/players/lowell-ullmer-1.html,Lowell Ulmer
/cbb/players/ron-ulmer-1.html,Ron Ulmer
/cbb/players/ron-ulmer-2.html,Ron Ulmer
/cbb/players/benjamin-uloko-1.html,Benjamin Uloko
/cbb/players/buzz-ulrey-1.html,Buzz Ulrey
/cbb/players/bill-ulrich-1.html,Bill Ulrich
/cbb/players/dave-ulrich-1.html,Dave Ulrich
/cbb/players/james-ulrich-1.html,James Ulrich
/cbb/players/sam-ulrich-1.html,Sam Ulrich
/cbb/players/rokas-ulvydas-1.html,Rokas Ulvydas
/cbb/players/jack-ulwelling-1.html,Jack Ulwelling
/cbb/players/jerry-umberger-1.html,Jerry Umberger
/cbb/players/kyle-umberger-1.html,Kyle Umberger
/cbb/players/jim-umbricht-1.html,Jim Umbricht
/cbb/players/michael-umeh-1.html,Michael Umeh
/cbb/players/ifeanyi-umezurike-1.html,Ifeanyi Umezurike
/cbb/players/isiah-umipig-1.html,Isiah Umipig
/cbb/players/ify-umodu-1.html,Ify Umodu
/cbb/players/daniel-umoh-1.html,Daniel Umoh
/cbb/players/carlteeter-umstead-1.html,Carl Teeter Umstead
/cbb/players/evan-umstead-1.html,Evan Umstead
/cbb/players/sidney-umude-1.html,Sidney Umude
/cbb/players/stanley-umude-1.html,Stanley Umude
/cbb/players/dick-unangst-1.html,Dick Unangst
/cbb/players/bob-underhill-1.html,Bob Underhill
/cbb/players/ralph-underhill-2.html,Ralph Underhill
/cbb/players/roland-underhill-1.html,Roland Underhill
/cbb/players/jay-underman-1.html,Jay Underman
/cbb/players/jay-underman-2.html,Jay Underman
/cbb/players/tom-underman-1.html,Tom Underman
/cbb/players/bert-underwood-2.html,Bert Underwood
/cbb/players/brad-underwood-2.html,Brad Underwood
/cbb/players/brad-underwood-3.html,Brad Underwood
/cbb/players/cameron-underwood-1.html,Cameron Underwood
/cbb/players/cecil-underwood-1.html,Cecil Underwood
/cbb/players/cory-underwood-1.html,Cory Underwood
/cbb/players/darrin-underwood-1.html,Darrin Underwood
/cbb/players/dave-underwood-1.html,Dave Underwood
/cbb/players/david-underwood-1.html,David Underwood
/cbb/players/david-underwood-2.html,David Underwood
/cbb/players/derrick-underwood-1.html,Derrick Underwood
/cbb/players/dimitrius-underwood-1.html,Dimitrius Underwood
/cbb/players/don-underwood-1.html,Don Underwood
/cbb/players/doug-underwood-1.html,Doug Underwood
/cbb/players/george-underwood-1.html,George Underwood
/cbb/players/horace-underwood-1.html,Horace Underwood
/cbb/players/jason-underwood-1.html,Jason Underwood
/cbb/players/jeremy-underwood-1.html,Jeremy Underwood
/cbb/players/john-underwood-1.html,John Underwood
/cbb/players/john-underwood-2.html,John Underwood
/cbb/players/jonah-underwood-1.html,Jonah Underwood
/cbb/players/mike-underwood-1.html,Mike Underwood
/cbb/players/ned-underwood-1.html,Ned Underwood
/cbb/players/paul-underwood-1.html,Paul Underwood
/cbb/players/rahmeen-underwood-1.html,Rahmeen Underwood
/cbb/players/rod-underwood-1.html,Rod Underwood
/cbb/players/tyler-underwood-1.html,Tyler Underwood
/cbb/players/brad-unger-1.html,Brad Unger
/cbb/players/charlie-unger-1.html,Charlie Unger
/cbb/players/john-unger-1.html,John Unger
/cbb/players/tom-unger-1.html,Tom Unger
/cbb/players/scott-ungerer-1.html,Scott Ungerer
/cbb/players/lou-unight-1.html,Lou Unight
/cbb/players/dick-unis-1.html,Dick Unis
/cbb/players/_-unnerstall-1.html,_ Unnerstall
/cbb/players/dan-unruh-1.html,Dan Unruh
/cbb/players/eric-unruh-1.html,Eric Unruh
/cbb/players/josh-unruh-1.html,Josh Unruh
/cbb/players/paul-unruh-1.html,Paul Unruh
/cbb/players/tate-unruh-1.html,Tate Unruh
/cbb/players/thatch-unruh-1.html,Thatch Unruh
/cbb/players/george-unseld-1.html,George Unseld
/cbb/players/ike-unseld-1.html,Ike Unseld
/cbb/players/wes-unseld-1.html,Wes Unseld
/cbb/players/william-unseld-1.html,William Unseld
/cbb/players/brian-untch-1.html,Brian Untch
/cbb/players/jeff-unverferth-2.html,Jeff Unverferth
/cbb/players/craig-upchurch-1.html,Craig Upchurch
/cbb/players/dametrius-upchurch-1.html,DaMetrius Upchurch
/cbb/players/danny-upchurch-1.html,Danny Upchurch
/cbb/players/jack-upchurch-1.html,Jack Upchurch
/cbb/players/jarett-upchurch-1.html,Jarett Upchurch
/cbb/players/joseph-upchurch-1.html,Joseph Upchurch
/cbb/players/wade-upchurch-1.html,Wade Upchurch
/cbb/players/don-uphoff-1.html,Don Uphoff
/cbb/players/rodney-uphoff-1.html,Rodney Uphoff
/cbb/players/hal-upjohn-1.html,Hal Upjohn
/cbb/players/hal-uplinger-1.html,Hal Uplinger
/cbb/players/_-uplinger-1.html,_ Uplinger
/cbb/players/bonner-upshaw-1.html,Bonner Upshaw
/cbb/players/brandon-upshaw-1.html,Brandon Upshaw
/cbb/players/cecil-upshaw-1.html,Cecil Upshaw
/cbb/players/chad-upshaw-1.html,Chad Upshaw
/cbb/players/dexter-upshaw-1.html,Dexter Upshaw
/cbb/players/ike-upshaw-1.html,Ike Upshaw
/cbb/players/kelvin-upshaw-1.html,Kelvin Upshaw
/cbb/players/marc-upshaw-1.html,Marc Upshaw
/cbb/players/reggie-upshaw-1.html,Reggie Upshaw
/cbb/players/robert-upshaw-1.html,Robert Upshaw
/cbb/players/zeke-upshaw-1.html,Zeke Upshaw
/cbb/players/quinton-upshur-1.html,Quinton Upshur
/cbb/players/devonte-upson-1.html,Devonte Upson
/cbb/players/don-upson-1.html,Don Upson
/cbb/players/hollis-upson-1.html,Hollis Upson
/cbb/players/jamie-uptgraft-1.html,Jamie Uptgraft
/cbb/players/billy-upton-1.html,Billy Upton
/cbb/players/davey-upton-1.html,Davey Upton
/cbb/players/rick-urba-1.html,Rick Urba
/cbb/players/matthew-urbach-1.html,Matthew Urbach
/cbb/players/dave-urban-1.html,Dave Urban
/cbb/players/elbert-urban-1.html,Elbert Urban
/cbb/players/hal-urban-1.html,Hal Urban
/cbb/players/marc-urban-1.html,Marc Urban
/cbb/players/wade-urban-1.html,Wade Urban
/cbb/players/will-urban-1.html,Will Urban
/cbb/players/peyton-urbancic-1.html,Peyton Urbancic
/cbb/players/bob-urbanik-1.html,Bob Urbanik
/cbb/players/jim-urbanik-1.html,Jim Urbanik
/cbb/players/john-urbanik-1.html,John Urbanik
/cbb/players/eric-urbanski-1.html,Eric Urbanski
/cbb/players/mitch-urbanski-1.html,Mitch Urbanski
/cbb/players/aaron-urbanus-1.html,Aaron Urbanus
/cbb/players/hudson-urbanus-1.html,Hudson Urbanus
/cbb/players/zach-urbanus-1.html,Zach Urbanus
/cbb/players/jesus-urbina-1.html,Jesus Urbina
/cbb/players/gertautas-urbonavicius-1.html,Gertautas Urbonavicius
/cbb/players/arminas-urbutis-1.html,Arminas Urbutis
/cbb/players/james-urdan-1.html,James Urdan
/cbb/players/herman-urenda-1.html,Herman Urenda
/cbb/players/patrick-urey-1.html,Patrick Urey
/cbb/players/keith-urgo-1.html,Keith Urgo
/cbb/players/al-urich-1.html,Al Urich
/cbb/players/fran-urli-1.html,Fran Urli
/cbb/players/mantvydas-urmilevicius-1.html,Mantvydas Urmilevicius
/cbb/players/edward-urolatis-1.html,Edward Urolatis
/cbb/players/alex-urosevic-1.html,Alex Urosevic
/cbb/players/drew-urguhart-1.html,Drew Urquhart
/cbb/players/marc-urquhart-1.html,Marc Urquhart
/cbb/players/ron-urquhart-1.html,Ron Urquhart
/cbb/players/bryan-urrutia-1.html,Bryan Urrutia
/cbb/players/dj-ursery-1.html,D.J. Ursery
/cbb/players/robert-ursery-1.html,Robert Ursery
/cbb/players/robert-ursery-3.html,Robert Ursery
/cbb/players/david-urso-1.html,David Urso
/cbb/players/hank-urycki-1.html,Hank Urycki
/cbb/players/nick-urzetta-1.html,Nick Urzetta
/cbb/players/sam-urzetta-1.html,Sam Urzetta
/cbb/players/_-urzetta-2.html,_ Urzetta
/cbb/players/mike-usdanoff-1.html,Mike Usdanoff
/cbb/players/jim-usevitch-1.html,Jim Usevitch
/cbb/players/davon-usher-1.html,Davon Usher
/cbb/players/jeff-usher-1.html,Jeff Usher
/cbb/players/jim-usher-2.html,Jim Usher
/cbb/players/jim-usher-1.html,Jim Usher
/cbb/players/jordan-usher-1.html,Jordan Usher
/cbb/players/ted-usher-1.html,Ted Usher
/cbb/players/van-usher-1.html,Van Usher
/cbb/players/samson-usilo-1.html,Samson Usilo
/cbb/players/dave-usilton-1.html,Dave Usilton
/cbb/players/jeremiah-usiosefe-1.html,Jeremiah Usiosefe
/cbb/players/larry-usiskin-1.html,Larry Usiskin
/cbb/players/larry-ususkin-1.html,Larry Usiskin
/cbb/players/doug-usitalo-1.html,Doug Usitalo
/cbb/players/stephen-ussery-1.html,Stephen Ussery
/cbb/players/tony-ussery-1.html,Tony Ussery
/cbb/players/chineme-usuwa-1.html,Chineme Usuwa
/cbb/players/john-utendahl-1.html,John Utendahl
/cbb/players/john-utendhal-1.html,John Utendhal
/cbb/players/adrian-uter-1.html,Adrian Uter
/cbb/players/jeff-uter-1.html,Jeff Uter
/cbb/players/ernie-uthgenannt-1.html,Ernie Uthgenannt
/cbb/players/dean-uthoff-1.html,Dean Uthoff
/cbb/players/ed-uthoff-1.html,Ed Uthoff
/cbb/players/jarrod-uthoff-1.html,Jarrod Uthoff
/cbb/players/steve-uthoff-1.html,Steve Uthoff
/cbb/players/bill-utley-1.html,Bill Utley
/cbb/players/brian-utley-1.html,Brian Utley
/cbb/players/lonacy-utley-1.html,Lonacy Utley
/cbb/players/mel-utley-1.html,Mel Utley
/cbb/players/daniel-utomi-1.html,Daniel Utomi
/cbb/players/lee-utt-1.html,Lee Utt
/cbb/players/nick-utt-1.html,Nick Utt
/cbb/players/_-utt-2.html,_ Utt
/cbb/players/luke-utting-1.html,Luke Utting
/cbb/players/bob-utz-1.html,Bob Utz
/cbb/players/carl-utz-1.html,Carl Utz
/cbb/players/henry-uwadiae-1.html,Henry Uwadiae
/cbb/players/solomon-uyaelunmo-1.html,Solomon Uyaelunmo
/cbb/players/victor-uyaelunmo-1.html,Victor Uyaelunmo
/cbb/players/brenden-uyehara-1.html,Brenden Uyehara
/cbb/players/gene-uzelac-1.html,Gene Uzelac
/cbb/players/mezie-uzochukwu-1.html,Mezie Uzochukwu
/cbb/players/tim-uzoegbu-1.html,Tim Uzoegbu
/cbb/players/ben-uzoh-1.html,Ben Uzoh
/cbb/players/chuks-uzoka-1.html,Chuks Uzoka
/cbb/players/anselm-uzuegbunem-1.html,Anselm Uzuegbunem
/cbb/players/ben-uzzell-1.html,Ben Uzzell
/cbb/players/will-uzzell-1.html,Will Uzzell
/cbb/players/marshall-uzzle-1.html,Marshall Uzzle
