url,name
/cbb/players/erik-vaaler-1.html,Erik Vaaler
/cbb/players/charlie-vacca-1.html,Charlie Vacca
/cbb/players/steve-vacendak-2.html,Steve Vacendak
/cbb/players/charles-vachris-1.html,Charles Vachris
/cbb/players/larry-vaculik-1.html,Larry Vaculik
/cbb/players/jerome-vaden-1.html,Jerome Vaden
/cbb/players/robert-vaden-1.html,Robert Vaden
/cbb/players/joe-vader-1.html,Joe Vader
/cbb/players/byron-vadset-1.html,Byron Vadset
/cbb/players/tony-vaglienti-1.html,Tony Vaglienti
/cbb/players/jeremy-vague-1.html,Jeremy Vague
/cbb/players/_-vahidiek-1.html,_ Vahidiek
/cbb/players/paul-vahldiek-1.html,Paul Vahldiek
/cbb/players/robert-vaihola-1.html,Robert Vaihola
/cbb/players/britt-vail-1.html,Britt Vail
/cbb/players/dennis-vail-1.html,Dennis Vail
/cbb/players/jack-vail-2.html,Jack Vail
/cbb/players/john-vail-1.html,John Vail
/cbb/players/marcellus-vail-1.html,Marcellus Vail
/cbb/players/matt-vail-2.html,Matt Vail
/cbb/players/_-vail-2.html,_ Vail
/cbb/players/jack-vaile-1.html,Jack Vaile
/cbb/players/veikko-vainio-1.html,Veikko Vainio
/cbb/players/laurynas-vaistaras-1.html,Laurynas Vaistaras
/cbb/players/arvydas-vaitiekus-1.html,Arvydas Vaitiekus
/cbb/players/brian-vaka-1.html,Brian Vaka
/cbb/players/tim-vala-1.html,Tim Vala
/cbb/players/pete-valaika-1.html,Pete Valaika
/cbb/players/john-valainis-1.html,John Valainis
/cbb/players/rich-valavicius-1.html,Rich Valavicius
/cbb/players/mark-valderas-1.html,Mark Valderas
/cbb/players/robert-valderas-1.html,Robert Valderas
/cbb/players/robert-valderas-2.html,Robert Valderas
/cbb/players/aaron-valdes-1.html,Aaron Valdes
/cbb/players/benny-valdes-1.html,Benny Valdes
/cbb/players/art-valdez-1.html,Art Valdez
/cbb/players/erick-valdez-1.html,Erick Valdez
/cbb/players/gabriel-valdez-1.html,Gabriel Valdez
/cbb/players/giancarlo-valdez-1.html,Giancarlo Valdez
/cbb/players/juan-valdez-1.html,Juan Valdez
/cbb/players/nick-valdez-1.html,Nick Valdez
/cbb/players/donald-vale-1.html,Donald Vale
/cbb/players/arturas-valeika-1.html,Arturas Valeika
/cbb/players/florentino-valencia-1.html,Florentino Valencia
/cbb/players/sal-valente-1.html,Sal Valente
/cbb/players/phil-valenti-1.html,Phil Valenti
/cbb/players/eric-valentin-1.html,Eric Valentin
/cbb/players/andre-valentine-1.html,Andre Valentine
/cbb/players/anthony-valentine-1.html,Anthony Valentine
/cbb/players/art-valentine-1.html,Art Valentine
/cbb/players/benny-valentine-1.html,Benny Valentine
/cbb/players/carlton-valentine-1.html,Carlton Valentine
/cbb/players/craig-valentine-1.html,Craig Valentine
/cbb/players/darnell-valentine-1.html,Darnell Valentine
/cbb/players/denzel-valentine-1.html,Denzel Valentine
/cbb/players/derrick-valentine-1.html,Derrick Valentine
/cbb/players/dick-valentine-1.html,Dick Valentine
/cbb/players/drew-valentine-1.html,Drew Valentine
/cbb/players/george-valentine-1.html,George Valentine
/cbb/players/keith-valentine-1.html,Keith Valentine
/cbb/players/robbie-valentine-1.html,Robbie Valentine
/cbb/players/ronnie-valentine-1.html,Ronnie Valentine
/cbb/players/shawn-valentine-1.html,Shawn Valentine
/cbb/players/sorrell-valentine-1.html,Sorrell Valentine
/cbb/players/steve-valentine-1.html,Steve Valentine
/cbb/players/_-valentine-1.html,_ Valentine
/cbb/players/jim-valentino-1.html,Jim Valentino
/cbb/players/troy-valentino-1.html,Troy Valentino
/cbb/players/brett-valentyn-1.html,Brett Valentyn
/cbb/players/luis-valera-1.html,Luis Valera
/cbb/players/tom-valerio-1.html,Tom Valerio
/cbb/players/joe-vales-1.html,Joe Vales
/cbb/players/ray-vales-1.html,Ray Vales
/cbb/players/willis-valet-1.html,Willis Valet
/cbb/players/bob-valibus-1.html,Bob Valibus
/cbb/players/norbert-valis-1.html,Norbert Valis
/cbb/players/vytautus-valiulis-1.html,Vytautus Valiulis
/cbb/players/zarko-valjarevic-1.html,Zarko Valjarevic
/cbb/players/nick-valla-1.html,Nick Valla
/cbb/players/james-valladares-1.html,James Valladares
/cbb/players/john-vallely-1.html,John Vallely
/cbb/players/_-vallen-1.html,_ Vallen
/cbb/players/ryan-valley-1.html,Ryan Valley
/cbb/players/markus-vallien-1.html,Markus Vallien
/cbb/players/david-vallins-1.html,David Vallins
/cbb/players/ralph-vallot-1.html,Ralph Vallot
/cbb/players/john-vallotti-1.html,John Vallotti
/cbb/players/travis-valmon-1.html,Travis Valmon
/cbb/players/john-valore-1.html,John Valore
/cbb/players/corey-valsin-1.html,Corey Valsin
/cbb/players/elias-valtonen-1.html,Elias Valtonen
/cbb/players/jim-valvano-1.html,Jim Valvano
/cbb/players/derrick-van-1.html,Derrick Van
/cbb/players/jacob-van-1.html,Jacob Van
/cbb/players/josh-van-1.html,Josh Van
/cbb/players/marcus-van-1.html,Marcus Van
/cbb/players/sean-van-1.html,Sean Van
/cbb/players/tim-van-1.html,Tim Van
/cbb/players/byron-vanalstyne-1.html,Byron Van Alstyne
/cbb/players/james-vanantwerp-1.html,James Van Antwerp
/cbb/players/mark-vanantwerp-1.html,Mark Van Antwerp
/cbb/players/steve-vanantwerp-1.html,Steve Van Antwerp
/cbb/players/dick-vanarsdale-1.html,Dick Van Arsdale
/cbb/players/tom-vanarsdale-1.html,Tom Van Arsdale
/cbb/players/keith-vanauken-1.html,Keith Van Auken
/cbb/players/tj-van-auken-1.html,T.J. Van Auken
/cbb/players/grant-vanbeveren-1.html,Grant Van Beveren
/cbb/players/raymond-vanbeveren-1.html,Raymond Van Beveren
/cbb/players/dale-vanbibber-1.html,Dale Van Bibber
/cbb/players/tim-vanblommesteyn-1.html,Tim van Blommesteyn
/cbb/players/jan-van-breda-kolff-1.html,Jan Van Breda Kolff
/cbb/players/luke-vanbree-1.html,Luuk van Bree
/cbb/players/brody-van-brocklin-1.html,Brody Van Brocklin
/cbb/players/connor-van-brocklin-1.html,Connor Van Brocklin
/cbb/players/marc-van-burck-1.html,Marc Van Burck
/cbb/players/eric-van-buskirk-1.html,Eric Van Buskirk
/cbb/players/eric-van-cleave-1.html,Eric Van Cleave
/cbb/players/ray-vancleef-1.html,Ray Van Cleef
/cbb/players/jim-vancoevering-1.html,Jim Van Coevering
/cbb/players/tom-van-de-keere-1.html,Tom Van de Keere
/cbb/players/win-van-de-keere-1.html,Win Van de Keere
/cbb/players/julius-van-de-laar-1.html,Julius van de Laar
/cbb/players/sean-van-de-walle-1.html,Sean Van De Walle
/cbb/players/bill-vandemark-1.html,Bill Van Demark
/cbb/players/jan-van-den-berg-1.html,Jan van den Berg
/cbb/players/eric-vanderheijden-1.html,Eric Van Der Heijden
/cbb/players/jake-vanderheijden-1.html,Jake Van Der Heijden
/cbb/players/jan-van-der-kooij-1.html,Jan van der Kooij
/cbb/players/thomas-van-der-mars-1.html,Thomas van der Mars
/cbb/players/der-van-1.html,Ed Van der Meulen
/cbb/players/gavin-van-der-putten-1.html,Gavin Van Der Putten
/cbb/players/eric-vanderveen-1.html,Eric van der Veen
/cbb/players/chris-vandeurs-1.html,Chris Van Deurs
/cbb/players/brendan-vandeventer-1.html,Brendan Van Deventer
/cbb/players/james-vandien-1.html,James Van Dien
/cbb/players/_-vandis-1.html,_ Van Dis
/cbb/players/j-vandoren-1.html,J. Van Doren
/cbb/players/gerben-van-dorpe-1.html,Gerben Van Dorpe
/cbb/players/andre-vandrost-1.html,Andre Van Drost
/cbb/players/nnamdi-vandulm-1.html,Nnamdi Van Dulm
/cbb/players/glen-vanduyne-1.html,Glen Van Duyne
/cbb/players/matt-vandyk-1.html,Matt Van Dyk
/cbb/players/david-vandyke-1.html,David Van Dyke
/cbb/players/jeff-van-dyke-1.html,Jeff Van Dyke
/cbb/players/julian-van-dyke-1.html,Julian Van Dyke
/cbb/players/parker-vandyke-1.html,Parker Van Dyke
/cbb/players/wes-vandyke-1.html,Wes Van Dyke
/cbb/players/pete-van-elswyk-1.html,Pete Van Elswyk
/cbb/players/lanny-vaneman-1.html,Lanny Van Eman
/cbb/players/robert-vaneman-1.html,Robert Van Eman
/cbb/players/chris-van ens-1.html,Chris Van Ens
/cbb/players/nick-van-exel-1.html,Nick Van Exel
/cbb/players/dylan-vaneyck-1.html,Dylan Van Eyck
/cbb/players/gary-vangalder-1.html,Gary Van Galder
/cbb/players/greg-vangrouw-1.html,Greg Van Grouw
/cbb/players/bill-vanhalem-1.html,Bill Van Halem
/cbb/players/bill-van-halem-1.html,Bill Van Halem
/cbb/players/_-vanhettinga-1.html,_ Van Hettinga
/cbb/players/leon-vanhook-1.html,Leon Van Hook
/cbb/players/ronnie-van-hook-1.html,Ronnie Van Hook
/cbb/players/sam-vanhook-1.html,Sam Van Hook
/cbb/players/jon-van-hoose-1.html,Jon Van Hoose
/cbb/players/mel-vanhooser-1.html,Mel Van Hooser
/cbb/players/billy-vanhorn-1.html,Billy Van Horn
/cbb/players/dave-vanhorn-1.html,Dave Van Horn
/cbb/players/keith-van-horn-1.html,Keith Van Horn
/cbb/players/alphons-van-ierland-1.html,Alphons van Ierland
/cbb/players/kenneth-van-kempen-1.html,Kenneth van Kempen
/cbb/players/bob-vankeuren-1.html,Bob Van Keuren
/cbb/players/kenny-van-kirk-1.html,Kenny Van Kirk
/cbb/players/matt-vankomen-1.html,Matt Van Komen
/cbb/players/john-vankurin-1.html,John Van Kurin
/cbb/players/ray-vanlanduyt-1.html,Ray Van Landuyt
/cbb/players/dick-vanleeuwen-1.html,Dick Van Leeuwen
/cbb/players/marv-vanleeuwen-1.html,Marv Van Leeuwen
/cbb/players/clay-vanloozen-1.html,Clay Van Loozen
/cbb/players/paul-vanmaren-1.html,Paul Van Maren
/cbb/players/james-vanness-1.html,James Van Ness
/cbb/players/ken-vanness-1.html,Ken Van Ness
/cbb/players/andrew-van-nest-1.html,Andrew Van Nest
/cbb/players/pete-vannoord-1.html,Pete Van Noord
/cbb/players/jason-vannort-1.html,Jason Van Nort
/cbb/players/bob-vannoy-1.html,Bob Van Noy
/cbb/players/_-vannoy-2.html,_ Van Noy
/cbb/players/jared-van-orden-1.html,Jared Van Orden
/cbb/players/dave-vanosten-1.html,Dave Van Osten
/cbb/players/kevin-vanosten-1.html,Kevin Van Osten
/cbb/players/joe-vanoudenhove-1.html,Joe Van Oudenhove
/cbb/players/peter-van-paassen-1.html,Peter Van Paassen
/cbb/players/riley-van-patten-1.html,Riley Van Patten
/cbb/players/tink-vanpatton-1.html,Tink Van Patton
/cbb/players/justin-vanpelt-1.html,Justin Van Pelt
/cbb/players/ryan-van-pelt-1.html,Ryan Van Pelt
/cbb/players/richard-vanpoelgeest-1.html,Richard van Poelgeest
/cbb/players/bob-vanpoppel-1.html,Bob Van Poppel
/cbb/players/danny-vanrheen-1.html,Danny Van Rheen
/cbb/players/peter-van-rij-1.html,Peter Van Rij
/cbb/players/rolf-van-rijn-1.html,Rolf van Rijn
/cbb/players/hsn-vanrooden-1.html,Hsn van Rooden
/cbb/players/toby-vanry-1.html,Toby Van Ry
/cbb/players/brad-vansant-1.html,Brad Van Sant
/cbb/players/julius-vansauers-1.html,Julius Van Sauers
/cbb/players/scott-vanschaardenburg-2.html,Scott Van Schaardenburg
/cbb/players/michael-van-schaick-1.html,Michael Van Schaick
/cbb/players/jim-vanscoyoc-1.html,Jim Van Scoyoc
/cbb/players/ric-vanscoyoc-1.html,Ric Van Scoyoc
/cbb/players/matt-vanscyoc-1.html,Matt Van Scyoc
/cbb/players/bill-van-senus-1.html,Bill Van Senus
/cbb/players/peter-van-siclen-1.html,Peter Van Siclen
/cbb/players/kirk-van-slyke-1.html,Kirk Van Slyke
/cbb/players/keaton-vansoelen-1.html,Keaton Van Soelen
/cbb/players/harvey-van-stein-1.html,Harvey Van Stein
/cbb/players/jared-van-tassel-1.html,Jared Van Tassel
/cbb/players/jasper-van-teeseling-1.html,Jasper van Teeseling
/cbb/players/brad-van-timmeren-1.html,Brad Van Timmeren
/cbb/players/pieter-van-tongeren-1.html,Pieter van Tongeren
/cbb/players/stephan-van-treese-1.html,Stephan Van Treese
/cbb/players/john-vanuden-1.html,John Van Uden
/cbb/players/michael-van-veen-1.html,Michael van Veen
/cbb/players/marco-van-velsen-1.html,Marco Van Velsen
/cbb/players/al-vanvelzen-1.html,Al Van Velzen
/cbb/players/ronald-vanvelzen-1.html,Ronald van Velzen
/cbb/players/tom-vanvertloh-1.html,Tom Van Vertloh
/cbb/players/derek-vanvlerah-1.html,Derek Van Vlerah
/cbb/players/andy-vanvliet-1.html,Andy Van Vliet
/cbb/players/eric-van-vliet-1.html,Eric Van Vliet
/cbb/players/george-vanvliet-1.html,George Van Vliet
/cbb/players/john-vanvliet-1.html,John Van Vliet
/cbb/players/bob-vanvooren-1.html,Bob Van Vooren
/cbb/players/dave-vanwagenen-1.html,Dave Van Wagenen
/cbb/players/damond-van-weedhuizen-1.html,Damond Van Weedhuizen
/cbb/players/aric-van-weelden-1.html,Aric Van Weelden
/cbb/players/to-vanweelden-1.html,To Van Weelden
/cbb/players/derek-van-weerdhuizen-1.html,Derek Van Weerdhuizen
/cbb/players/dustin-van-weerdhuizen-1.html,Dustin Van Weerdhuizen
/cbb/players/kevin-van-wijk-1.html,Kevin Van Wijk
/cbb/players/allen-vanwinkle-1.html,Allen Van Winkle
/cbb/players/harm-van-woerkom-1.html,Harm van Woerkom
/cbb/players/bob-vanzeeland-1.html,Bob Van Zeeland
/cbb/players/joey-van-zegeren-1.html,Joey van Zegeren
/cbb/players/john-vana-1.html,John Vana
/cbb/players/matt-vanabbema-1.html,Matt VanAbbema
/cbb/players/nate-vanarendonk-1.html,Nate VanArendonk
/cbb/players/rob-vanatta-1.html,Rob Vanatta
/cbb/players/wes-vanbeck-1.html,Wes VanBeck
/cbb/players/allen-vance-1.html,Allen Vance
/cbb/players/coyte-vance-1.html,Coyte Vance
/cbb/players/damon-vance-1.html,Damon Vance
/cbb/players/dave-vance-1.html,Dave Vance
/cbb/players/deak-vance-1.html,Deak Vance
/cbb/players/dreshawn-vance-1.html,Dreshawn Vance
/cbb/players/marquis-vance-1.html,Marquis Vance
/cbb/players/phil-vance-1.html,Phil Vance
/cbb/players/quincy-vance-1.html,Quincy Vance
/cbb/players/robertbuddy-vance-1.html,Robert Buddy Vance
/cbb/players/ruben-vance-1.html,Ruben Vance
/cbb/players/sal-vance-1.html,Sal Vance
/cbb/players/thaire-vance-1.html,Thai're Vance
/cbb/players/tony-vance-1.html,Tony Vance
/cbb/players/tre-vance-1.html,Tre Vance
/cbb/players/zane-vance-1.html,Zane Vance
/cbb/players/carl-vancleave-1.html,Carl VanCleave
/cbb/players/michael-vandahl-1.html,Michael Vandahl
/cbb/players/dave-vandal-1.html,Dave Vandal
/cbb/players/bart-vandemark-1.html,Bart Vande Mark
/cbb/players/jason-vandebrake-1.html,Jason Vandebrake
/cbb/players/john-vandecaveye-1.html,John Vandecaveye
/cbb/players/seth-vandeest-1.html,Seth VanDeest
/cbb/players/mike-vandegarde-1.html,Mike VandeGarde
/cbb/players/mike-vandello-1.html,Mike Vandello
/cbb/players/jeff-vandemark-1.html,Jeff VanDeMark
/cbb/players/jeff-vandemark-2.html,Jeff Vandemark
/cbb/players/paul-vandemark-1.html,Paul Vandemark
/cbb/players/chris-vandenberg-1.html,Chris Vandenberg
/cbb/players/jordan-vandenberg-1.html,Jordan Vandenberg
/cbb/players/steve-vandenberg-1.html,Steve Vandenberg
/cbb/players/brett-vandenbergh-1.html,Brett VandenBergh
/cbb/players/roland-vandenbergh-1.html,Roland VanDenBergh
/cbb/players/bill-vandenburgh-2.html,Bill Vandenburgh
/cbb/players/kevin-vandenbussche-1.html,Kevin Vandenbussche
/cbb/players/paul-vandeneinde-1.html,Paul VanDenEinde
/cbb/players/gene-vandenlangenberg-1.html,Gene Vandenlangenberg
/cbb/players/alex-vander-baan-1.html,Alex Vander Baan
/cbb/players/justin-vanderbaan-1.html,Justin Vander Baan
/cbb/players/nick-vander-laan-1.html,Nick Vander Laan
/cbb/players/dave-vandermeulen-1.html,Dave Vander Meulen
/cbb/players/ben-vanderplas-1.html,Ben Vander Plas
/cbb/players/dean-vanderplas-1.html,Dean Vander Plas
/cbb/players/joel-vander-pol-1.html,Joel Vander Pol
/cbb/players/logan-vander-velden-1.html,Logan Vander Velden
/cbb/players/doug-vanderwal-1.html,Doug Vander Wal
/cbb/players/paul-vanderwiere-1.html,Paul Vander Wiere
/cbb/players/camden-vanderzwaag-1.html,Camden Vander Zwaag
/cbb/players/jamie-vanderbeken-1.html,Jamie Vanderbeken
/cbb/players/jarred-vanderbilt-1.html,Jarred Vanderbilt
/cbb/players/kevin-vanderbilt-1.html,Kevin Vanderbilt
/cbb/players/bob-vandergriend-1.html,Bob Vandergriend
/cbb/players/marcus-vanderheide-1.html,Marcus Vanderheide
/cbb/players/jerry-vanderheydt-1.html,Jerry Vanderheydt
/cbb/players/clark-vanderhoof-1.html,Clark Vanderhoof
/cbb/players/curt-vanderhorst-1.html,Curt Vanderhorst
/cbb/players/omar-vanderhorst-1.html,Omar Vanderhorst
/cbb/players/willie-vanderhorst-1.html,Willie Vanderhorst
/cbb/players/pete-vanderhyden-1.html,Pete Vanderhyden
/cbb/players/mark-vanderjagt-1.html,Mark VanderJagt
/cbb/players/leo-vanderkuy-1.html,Leo VanderKuy
/cbb/players/jeff-vanderlende-1.html,Jeff VanderLende
/cbb/players/jeff-vandermark-1.html,Jeff Vandermark
/cbb/players/scott-vandermeer-1.html,Scott Vandermeer
/cbb/players/nick-vanderpohl-1.html,Nick Vanderpohl
/cbb/players/bob-vanderpool-1.html,Bob VanDerpool
/cbb/players/nate-vandersluis-1.html,Nate VanderSluis
/cbb/players/don-vanderstreet-1.html,Don Vanderstreet
/cbb/players/dan-vandervieren-1.html,Dan Vandervieren
/cbb/players/sid-vanderwelde-1.html,Sid VanderWelde
/cbb/players/eddie-vanderwerff-1.html,Eddie Vanderwerff
/cbb/players/bob-vanderwilt-1.html,Bob Vanderwilt
/cbb/players/bill-vanderwoude-2.html,Bill VanderWoude
/cbb/players/jacques-vandescure-1.html,Jacques Vandescure
/cbb/players/kirk-vandeusen-1.html,Kirk VanDeusen
/cbb/players/warren-vandeven-1.html,Warren Vandeven
/cbb/players/heath-vandevender-1.html,Heath Vandevender
/cbb/players/peter-vandeventer-1.html,Peter VanDeventer
/cbb/players/ernest-vandeweghe-1.html,Ernest Vandeweghe
/cbb/players/gary-vandeweghe-1.html,Gary Vandeweghe
/cbb/players/kiki-vandeweghe-1.html,Kiki Vandeweghe
/cbb/players/chris-vandinten-1.html,Chris VanDinten
/cbb/players/corey-vandiver-1.html,Corey Vandiver
/cbb/players/shaun-vandiver-1.html,Shaun Vandiver
/cbb/players/steve-vandiver-1.html,Steve Vandiver
/cbb/players/darnell-vandivort-1.html,Darnell Vandivort
/cbb/players/parker-vandivort-1.html,Parker Vandivort
/cbb/players/korey-vandussen-1.html,Korey VanDussen
/cbb/players/mike-vandy-1.html,Mike Vandy
/cbb/players/greg-vanek-1.html,Greg Vanek
/cbb/players/steve-vanek-1.html,Steve Vanek
/cbb/players/tom-vanek-1.html,Tom Vanek
/cbb/players/dave-vanerjagt-1.html,Dave Vanerjagt
/cbb/players/tucker-vang-1.html,Tucker Vang
/cbb/players/anthony-vanhook-1.html,Anthony Vanhook
/cbb/players/jr-vanhoose-1.html,J.R. Vanhoose
/cbb/players/trent-vanhorn-1.html,Trent VanHorn
/cbb/players/dennis-vanidestine-1.html,Dennis Vanidestine
/cbb/players/tim-vanitvelt-1.html,Tim Vanitvelt
/cbb/players/mike-vankirk-1.html,Mike VanKirk
/cbb/players/matt-vankoski-1.html,Matt Vankoski
/cbb/players/curtis-vanlandingham-1.html,Curtis Vanlandingham
/cbb/players/cedric-vanleer-1.html,Cedric Vanleer
/cbb/players/cullen-vanleer-1.html,Cullen VanLeer
/cbb/players/bruce-vanley-1.html,Bruce Vanley
/cbb/players/will-vanley-1.html,Will Vanley
/cbb/players/norman-vanlier-1.html,Norman Vanlier
/cbb/players/terrance-vanlier-1.html,Terrance Vanlier
/cbb/players/b-vanmoerkerke-1.html,B Vanmoerkerke
/cbb/players/al-vann-1.html,Al Vann
/cbb/players/bryatt-vann-1.html,Bryatt Vann
/cbb/players/carey-vann-1.html,Carey Vann
/cbb/players/chris-vann-1.html,Chris Vann
/cbb/players/dave-vann-1.html,Dave Vann
/cbb/players/david-vann-1.html,David Vann
/cbb/players/dick-vann-1.html,Dick Vann
/cbb/players/issac-vann-1.html,Issac Vann
/cbb/players/kayode-vann-1.html,Kayode Vann
/cbb/players/leon-vann-1.html,Leon Vann
/cbb/players/ples-vann-1.html,Ples Vann
/cbb/players/kevin-vannatta-1.html,Kevin Vannatta
/cbb/players/nick-vanos-1.html,Nick Vanos
/cbb/players/brandon-vanover-1.html,Brandon Vanover
/cbb/players/connor-vanover-1.html,Connor Vanover
/cbb/players/vernon-vanoy-1.html,Vernon Vanoy
/cbb/players/brad-vanpelt-1.html,Brad VanPelt
/cbb/players/harold-vanriper-1.html,Harold Vanriper
/cbb/players/derek-vansolkema-1.html,Derek VanSolkema
/cbb/players/andre-vanterpool-1.html,Andre Vanterpool
/cbb/players/david-vanterpool-1.html,David Vanterpool
/cbb/players/pete-vantine-1.html,Pete Vantine
/cbb/players/mike-vantrimpont-1.html,Mike Vantrimpont
/cbb/players/jari-vanttaja-1.html,Jari Vanttaja
/cbb/players/fred-van-vleet-1.html,Fred VanVleet
/cbb/players/dale-vanwright-1.html,Dale Vanwright
/cbb/players/shawn-vanzant-1.html,Shawn Vanzant
/cbb/players/kevin-varda-1.html,Kevin Varda
/cbb/players/ed-varden-1.html,Ed Varden
/cbb/players/sandro-varejao-1.html,Sandro Varejao
/cbb/players/manuel-varela-1.html,Manuel Varela
/cbb/players/jeff-varem-1.html,Jeff Varem
/cbb/players/ben-varga-1.html,Ben Varga
/cbb/players/brett-varga-1.html,Brett Varga
/cbb/players/chad-varga-1.html,Chad Varga
/cbb/players/ray-varga-1.html,Ray Varga
/cbb/players/tom-varga-1.html,Tom Varga
/cbb/players/whitey-varga-1.html,Whitey Varga
/cbb/players/eloy-vargas-1.html,Eloy Vargas
/cbb/players/gabriel-vargas-1.html,Gabriel Vargas
/cbb/players/george-vargas-1.html,George Vargas
/cbb/players/jose-vargas-1.html,Jose Vargas
/cbb/players/alex-vargo-1.html,Alex Vargo
/cbb/players/luke-vargo-1.html,Luke Vargo
/cbb/players/bill-vari-1.html,Bill Vari
/cbb/players/christophe-varidel-1.html,Christophe Varidel
/cbb/players/jalen-variste-1.html,Jalen Variste
/cbb/players/jerry-varland-1.html,Jerry Varland
/cbb/players/clint-varley-1.html,Clint Varley
/cbb/players/evan-varley-1.html,Evan Varley
/cbb/players/jerry-varn-1.html,Jerry Varn
/cbb/players/jarvis-varnado-1.html,Jarvis Varnado
/cbb/players/jordon-varnado-1.html,Jordon Varnado
/cbb/players/norwood-varnado-1.html,Norwood Varnado
/cbb/players/al-varnas-1.html,Al Varnas
/cbb/players/gilbert-varnelli-1.html,Gilbert Varnelli
/cbb/players/bill-varner-1.html,Bill Varner
/cbb/players/brent-varner-1.html,Brent Varner
/cbb/players/cal-varner-1.html,Cal Varner
/cbb/players/jim-varner-1.html,Jim Varner
/cbb/players/lesley-varnerjr-1.html,Lesley Varner
/cbb/players/rainey-varner-1.html,Rainey Varner
/cbb/players/ross-varner-1.html,Ross Varner
/cbb/players/david-varoli-1.html,David Varoli
/cbb/players/john-varoscak-1.html,John Varoscak
/cbb/players/louis-varous-1.html,Louis Varous
/cbb/players/vince-vartanian-1.html,Vince Vartanian
/cbb/players/ted-vartelas-1.html,Ted Vartelas
/cbb/players/john-vas-2.html,John Vas
/cbb/players/david-vasher-1.html,David Vasher
/cbb/players/luka-vasic-1.html,Luka Vasic
/cbb/players/marko-vasic-1.html,Marko Vasic
/cbb/players/alexei-vasiliev-1.html,Alexei Vasiliev
/cbb/players/chris-vasiliou-1.html,Chris Vasiliou
/cbb/players/dejan-vasiljevic-1.html,Dejan Vasiljevic
/cbb/players/pero-vasiljevic-1.html,Pero Vasiljevic
/cbb/players/john-vasilopoulos-1.html,John Vasilopoulos
/cbb/players/bob-vasilovich-1.html,Bob Vasilovich
/cbb/players/jack-vaske-1.html,Jack Vaske
/cbb/players/john-vaske-1.html,John Vaske
/cbb/players/marius-vaskys-1.html,Marius Vaskys
/cbb/players/alejandro-vasquez-1.html,Alejandro Vasquez
/cbb/players/greivis-vasquez-1.html,Greivis Vasquez
/cbb/players/marcus-vasquez-1.html,Marcus Vasquez
/cbb/players/mike-vasquez-1.html,Mike Vasquez
/cbb/players/richard-vasquez-1.html,Richard Vasquez
/cbb/players/steven-vasquez-1.html,Steven Vasquez
/cbb/players/tom-vasquez-1.html,Tom Vasquez
/cbb/players/tony-vasquez-1.html,Tony Vasquez
/cbb/players/ad-vassallo-1.html,A.D. Vassallo
/cbb/players/steve-vassalotti-1.html,Steve Vassalotti
/cbb/players/steve-vassalotti-2.html,Steve Vassalotti
/cbb/players/johnnie-vassar-1.html,Johnnie Vassar
/cbb/players/marc-vassar-1.html,Marc Vassar
/cbb/players/mark-vassar-1.html,Mark Vassar
/cbb/players/devin-vassell-1.html,Devin Vassell
/cbb/players/andy-vassies-1.html,Andy Vassies
/cbb/players/tom-vassolotti-1.html,Tom Vassolotti
/cbb/players/stephen-vassor-1.html,Stephen Vassor
/cbb/players/steve-vasturia-1.html,Steve Vasturia
/cbb/players/louis-vasvary-1.html,Louis Vasvary
/cbb/players/valdas-vasylius-1.html,Valdas Vasylius
/cbb/players/jim-vaszauskas-1.html,Jim Vaszauskas
/cbb/players/chandler-vaudrin-1.html,Chandler Vaudrin
/cbb/players/andrew-vaughan-1.html,Andrew Vaughan
/cbb/players/art-vaughan-1.html,Art Vaughan
/cbb/players/bev-vaughan-1.html,Bev Vaughan
/cbb/players/bobby-vaughan-1.html,Bobby Vaughan
/cbb/players/brent-vaughan-1.html,Brent Vaughan
/cbb/players/chip-vaughan-1.html,Chip Vaughan
/cbb/players/clive-vaughan-1.html,Clive Vaughan
/cbb/players/clyde-vaughan-1.html,Clyde Vaughan
/cbb/players/denny-vaughan-1.html,Denny Vaughan
/cbb/players/jarvis-vaughan-1.html,Jarvis Vaughan
/cbb/players/jay-vaughan-1.html,Jay Vaughan
/cbb/players/john-vaughan-1.html,John Vaughan
/cbb/players/john-vaughan-2.html,John Vaughan
/cbb/players/josh-vaughan-1.html,Josh Vaughan
/cbb/players/matt-vaughan-1.html,Matt Vaughan
/cbb/players/mike-vaughan-1.html,Mike Vaughan
/cbb/players/reggie-vaughan-1.html,Reggie Vaughan
/cbb/players/woody-vaughan-1.html,Woody Vaughan
/cbb/players/alfonso-vaughn-1.html,Alfonso Vaughn
/cbb/players/alvin-vaughn-1.html,Alvin Vaughn
/cbb/players/artis-vaughn-1.html,Artis Vaughn
/cbb/players/bernard-vaughn-1.html,Bernard Vaughn
/cbb/players/brandon-vaughn-1.html,Brandon Vaughn
/cbb/players/cleo-vaughn-1.html,Cleo Vaughn
/cbb/players/danny-vaughn-1.html,Danny Vaughn
/cbb/players/darth-vaughn-1.html,Darth Vaughn
/cbb/players/david-vaughn-1.html,David Vaughn
/cbb/players/david-vaughn-2.html,David Vaughn
/cbb/players/david-vaughn-3.html,David Vaughn
/cbb/players/deonta-vaughn-1.html,Deonta Vaughn
/cbb/players/dimencio-vaughn-1.html,Dimencio Vaughn
/cbb/players/don-vaughn-2.html,Don Vaughn
/cbb/players/ed-vaughn-1.html,Ed Vaughn
/cbb/players/elvin-vaughn-1.html,Elvin Vaughn
/cbb/players/everett-vaughn-1.html,Everett Vaughn
/cbb/players/geoffrey-vaughn-1.html,Geoffrey Vaughn
/cbb/players/govoner-vaughn-1.html,Govoner Vaughn
/cbb/players/henry-vaughn-1.html,Henry Vaughn
/cbb/players/jacque-vaughn-1.html,Jacque Vaughn
/cbb/players/jarvis-vaughn-1.html,Jarvis Vaughn
/cbb/players/jay-vaughn-1.html,Jay Vaughn
/cbb/players/jay-vaughn-2.html,Jay Vaughn
/cbb/players/jerry-vaughn-1.html,Jerry Vaughn
/cbb/players/julian-vaughn-1.html,Julian Vaughn
/cbb/players/kwame-vaughn-1.html,Kwame Vaughn
/cbb/players/lance-vaughn-1.html,Lance Vaughn
/cbb/players/marlon-vaughn-1.html,Marlon Vaughn
/cbb/players/milt-vaughn-1.html,Milt Vaughn
/cbb/players/milton-vaughn-1.html,Milton Vaughn
/cbb/players/osandai-vaughn-1.html,Osandai Vaughn
/cbb/players/rashad-vaughn-1.html,Rashad Vaughn
/cbb/players/robby-vaughn-1.html,Robby Vaughn
/cbb/players/robert-vaughn-1.html,Robert Vaughn
/cbb/players/tim-vaughn-1.html,Tim Vaughn
/cbb/players/tracy-vaughn-1.html,Tracy Vaughn
/cbb/players/trent-vaughn-1.html,Trent Vaughn
/cbb/players/troy-vaughn-1.html,Troy Vaughn
/cbb/players/vacha-vaughn-1.html,Vacha Vaughn
/cbb/players/_-vaughn-1.html,_ Vaughn
/cbb/players/_-vaughn-5.html,_ Vaughn
/cbb/players/brian-vaughns-1.html,Brian Vaughns
/cbb/players/kenny-vaughns-1.html,Kenny Vaughns
/cbb/players/kenny-vaughns-2.html,Kenny Vaughns
/cbb/players/vertrail-vaughns-1.html,Vertrail Vaughns
/cbb/players/david-vaught-1.html,David Vaught
/cbb/players/loy-vaught-1.html,Loy Vaught
/cbb/players/paul-vaught-1.html,Paul Vaught
/cbb/players/randall-vautravers-1.html,Randall Vautravers
/cbb/players/victor-vaval-1.html,Victor Vaval
/cbb/players/michal-vavrek-1.html,Michal Vavrek
/cbb/players/paul-vavrek-1.html,Paul Vavrek
/cbb/players/dick-vavrick-1.html,Dick Vavrick
/cbb/players/joe-vavricka-1.html,Joe Vavricka
/cbb/players/paul-vawter-1.html,Paul Vawter
/cbb/players/ray-vawter-1.html,Ray Vawter
/cbb/players/jerry-vayda-1.html,Jerry Vayda
/cbb/players/dejuan-vazquez-1.html,Dejuan Vazquez
/cbb/players/josh-vazquez-1.html,Josh Vazquez
/cbb/players/obet-vazquez-1.html,Obet Vazquez
/cbb/players/ray-vazquez-1.html,Ray Vazquez
/cbb/players/tomas-vazquez-simmons-1.html,Tomas Vazquez-Simmons
/cbb/players/jamie-veach-1.html,Jamie Veach
/cbb/players/john-veague-1.html,John Veague
/cbb/players/barry-veal-1.html,Barry Veal
/cbb/players/herman-veal-1.html,Herman Veal
/cbb/players/inman-veal-1.html,Inman Veal
/cbb/players/jeremy-veal-1.html,Jeremy Veal
/cbb/players/joe-veal-1.html,Joe Veal
/cbb/players/marlain-veal-1.html,Marlain Veal
/cbb/players/maurice-veal-1.html,Maurice Veal
/cbb/players/toby-veal-1.html,Toby Veal
/cbb/players/marchello-vealy-1.html,Marchello Vealy
/cbb/players/john-veargason-1.html,John Veargason
/cbb/players/bernie-veasey-1.html,Bernie Veasey
/cbb/players/willie-veasley-1.html,Willie Veasley
/cbb/players/stan-veatch-1.html,Stan Veatch
/cbb/players/mark-veazey-1.html,Mark Veazey
/cbb/players/sedric-veazey-1.html,Sedric Veazey
/cbb/players/sedric-veazey-2.html,Sedric Veazey
/cbb/players/luc-arthur-vebobe-1.html,Luc-Arthur Vebobe
/cbb/players/ken-vecchio-1.html,Ken Vecchio
/cbb/players/blake-vedder-1.html,Blake Vedder
/cbb/players/zahar-vedischev-1.html,Zahar Vedischev
/cbb/players/noah-vedral-1.html,Noah Vedral
/cbb/players/jordan-veening-1.html,Jordan Veening
/cbb/players/alex-vega-1.html,Alex Vega
/cbb/players/alex-vega-2.html,Alex Vega
/cbb/players/ben-vega-1.html,Ben Vega
/cbb/players/brandon-vega-1.html,Brandon Vega
/cbb/players/christian-vega-1.html,Christian Vega
/cbb/players/bob-vegeler-1.html,Bob Vegeler
/cbb/players/jason-vegotsky-1.html,Jason Vegotsky
/cbb/players/cordell-veira-1.html,Cordell Veira
/cbb/players/raphael-veira-1.html,Raphael Veira
/cbb/players/alex-veit-1.html,Alex Veit
/cbb/players/bill-veith-1.html,Bill Veith
/cbb/players/dennis-veith-1.html,Dennis Veith
/cbb/players/dick-veith-1.html,Dick Veith
/cbb/players/kyle-vejraska-1.html,Kyle Vejraska
/cbb/players/dave-velander-1.html,Dave Velander
/cbb/players/paul-velander-1.html,Paul Velander
/cbb/players/nate-velasco-1.html,Nate Velasco
/cbb/players/david-velasquez-1.html,David Velasquez
/cbb/players/jair-veldhuis-1.html,Jair Veldhuis
/cbb/players/bob-veldran-1.html,Bob Veldran
/cbb/players/tommy-vellacott-1.html,Tommy Vellacott
/cbb/players/jerry-velling-1.html,Jerry Velling
/cbb/players/fred-veloso-1.html,Fred Veloso
/cbb/players/mario-veloso-1.html,Mario Veloso
/cbb/players/austin-venable-1.html,Austin Venable
/cbb/players/bob-venable-1.html,Bob Venable
/cbb/players/clinton-venable-1.html,Clinton Venable
/cbb/players/grady-venable-1.html,Grady Venable
/cbb/players/jerry-venable-1.html,Jerry Venable
/cbb/players/joe-venable-1.html,Joe Venable
/cbb/players/will-venable-1.html,Will Venable
/cbb/players/ray-vencill-1.html,Ray Vencill
/cbb/players/ivan-venegas-1.html,Ivan Venegas
/cbb/players/keith-veney-1.html,Keith Veney
/cbb/players/luke-veney-1.html,Luke Veney
/cbb/players/reggie-veney-1.html,Reggie Veney
/cbb/players/dick-venezia-1.html,Dick Venezia
/cbb/players/mike-venezia-1.html,Mike Venezia
/cbb/players/harry-venik-1.html,Harry Venik
/cbb/players/buddy-venne-1.html,Buddy Venne
/cbb/players/ramsey-venner-1.html,Ramsey Venner
/cbb/players/rod-venner-1.html,Rod Venner
/cbb/players/chad-venning-1.html,Chad Venning
/cbb/players/michael-venson-1.html,Michael Venson
/cbb/players/steele-venters-1.html,Steele Venters
/cbb/players/victor-venters-1.html,Victor Venters
/cbb/players/dominick-ventura-1.html,Dominick Ventura
/cbb/players/brandon-venturini-1.html,Brandon Venturini
/cbb/players/jim-venza-1.html,Jim Venza
/cbb/players/daniel-venzant-1.html,Daniel Venzant
/cbb/players/don-venzant-1.html,Don Venzant
/cbb/players/joseph-venzant-1.html,Joseph Venzant
/cbb/players/arnoldo-vera-1.html,Arnoldo Vera
/cbb/players/_-verb-1.html,_ Verb
/cbb/players/chuck-verba-1.html,Chuck Verba
/cbb/players/blake-verbeek-1.html,Blake Verbeek
/cbb/players/ivan-verberckt-1.html,Ivan Verberckt
/cbb/players/bob-verbiea-1.html,Bob Verbiea
/cbb/players/tomas-verbinskis-1.html,Tomas Verbinskis
/cbb/players/matt-verbit-1.html,Matt Verbit
/cbb/players/roberto-vercellino-1.html,Roberto Vercellino
/cbb/players/ron-vercruyssen-1.html,Ron Vercruyssen
/cbb/players/john-verdeaux-1.html,John Verdeaux
/cbb/players/jesus-verdejo-1.html,Jesus Verdejo
/cbb/players/chuck-verderber-1.html,Chuck Verderber
/cbb/players/chase-verdugo-1.html,Chase Verdugo
/cbb/players/marco-verdugo-1.html,Marco Verdugo
/cbb/players/conley-verdun-1.html,Conley Verdun
/cbb/players/anthony-vereen-1.html,Anthony Vereen
/cbb/players/austin-vereen-1.html,Austin Vereen
/cbb/players/rich-veres-1.html,Rich Veres
/cbb/players/matt-veretto-1.html,Matt Veretto
/cbb/players/bob-verga-1.html,Bob Verga
/cbb/players/dimitroy-vergan-1.html,Dimitroy Vergan
/cbb/players/alonzo-vergejr-1.html,Alonzo Verge
/cbb/players/sal-vergopia-1.html,Sal Vergopia
/cbb/players/rostislav-vergun-1.html,Rostislav Vergun
/cbb/players/jake-verhagen-1.html,Jake Verhagen
/cbb/players/jeremy-verhagen-1.html,Jeremy Verhagen
/cbb/players/scott-verhine-1.html,Scott Verhine
/cbb/players/bronson-verhines-1.html,Bronson Verhines
/cbb/players/dawson-verhines-1.html,Dawson Verhines
/cbb/players/grant-verhoeven-1.html,Grant Verhoeven
/cbb/players/pete-verhoeven-1.html,Pete Verhoeven
/cbb/players/tydus-verhoeven-1.html,Tydus Verhoeven
/cbb/players/steve-verigin-1.html,Steve Verigin
/cbb/players/clay-verk-1.html,Clay Verk
/cbb/players/jaap-verkerk-1.html,Jaap Verkerk
/cbb/players/matt-verkey-1.html,Matt Verkey
/cbb/players/dick-verlasky-1.html,Dick Verlasky
/cbb/players/tom-verlin-1.html,Tom Verlin
/cbb/players/grant-vermeer-1.html,Grant Vermeer
/cbb/players/dennis-vermillion-1.html,Dennis Vermillion
/cbb/players/greg-vermillion-1.html,Greg Vermillion
/cbb/players/jerry-vermillion-1.html,Jerry Vermillion
/cbb/players/lesley-vermillion-1.html,Lesley Vermillion
/cbb/players/bill-vernau-1.html,Bill Vernau
/cbb/players/gilbert-vernell-1.html,Gilbert Vernell
/cbb/players/gil-verner-1.html,Gil Verner
/cbb/players/marcus-verner-1.html,Marcus Verner
/cbb/players/carl-vernick-1.html,Carl Vernick
/cbb/players/guy-vernikovsky-1.html,Guy Vernikovsky
/cbb/players/anthony-vernon-1.html,Anthony Vernon
/cbb/players/antoine-vernon-1.html,Antoine Vernon
/cbb/players/bob-vernon-1.html,Bob Vernon
/cbb/players/greg-vernon-1.html,Greg Vernon
/cbb/players/keonta-vernon-1.html,Keonta Vernon
/cbb/players/kim-vernon-1.html,Kim Vernon
/cbb/players/luke-vernon-1.html,Luke Vernon
/cbb/players/marcel-vernon-1.html,Marcel Vernon
/cbb/players/mike-vernon-1.html,Mike Vernon
/cbb/players/richard-vernon-1.html,Richard Vernon
/cbb/players/jim-veronick-1.html,Jim Veronick
/cbb/players/tom-veronneau-1.html,Tom Veronneau
/cbb/players/steven-verplanckenjr-1.html,Steven Verplancken
/cbb/players/paul-verret-1.html,Paul Verret
/cbb/players/dave-verschueren-1.html,Dave Verschueren
/cbb/players/brent-versendaal-1.html,Brent Versendaal
/cbb/players/david-verser-1.html,David Verser
/cbb/players/jim-vershaw-1.html,Jim Vershaw
/cbb/players/mark-vershaw-1.html,Mark Vershaw
/cbb/players/wun-versher-1.html,Wun Versher
/cbb/players/martynas-versinskas-1.html,Martynas Versinskas
/cbb/players/floris-versteeg-1.html,Floris Versteeg
/cbb/players/frank-vertovec-1.html,Frank Vertovec
/cbb/players/frank-vertwec-1.html,Frank Vertwec
/cbb/players/stephen-verwers-1.html,Stephen Verwers
/cbb/players/jerry-verwey-1.html,Jerry Verwey
/cbb/players/john-veryzer-1.html,John Veryzer
/cbb/players/_-veryzer-2.html,_ Veryzer
/cbb/players/santiago-vescovi-1.html,Santiago Vescovi
/cbb/players/matic-vesel-1.html,Matic Vesel
/cbb/players/lou-vesely-1.html,Lou Vesely
/cbb/players/_-vesely-1.html,_ Vesely
/cbb/players/kevin-vesey-1.html,Kevin Vesey
/cbb/players/rueben-vesmadian-1.html,Rueben Vesmadian
/cbb/players/alan-vest-1.html,Alan Vest
/cbb/players/dyke-vest-1.html,Dyke Vest
/cbb/players/jerry-vest-1.html,Jerry Vest
/cbb/players/jim-vest-1.html,Jim Vest
/cbb/players/mark-vest-1.html,Mark Vest
/cbb/players/matt-vest-1.html,Matt Vest
/cbb/players/_-vest-3.html,_ Vest
/cbb/players/anders-vestergaard-1.html,Anders Vestergaard
/cbb/players/chuck-veterano-1.html,Chuck Veterano
/cbb/players/_-veters-1.html,_ Veters
/cbb/players/konner-veteto-1.html,Konner Veteto
/cbb/players/dave-vetica-1.html,Dave Vetica
/cbb/players/chris-vetrano-1.html,Chris Vetrano
/cbb/players/clayton-vette-1.html,Clayton Vette
/cbb/players/darrell-vetter-1.html,Darrell Vetter
/cbb/players/jd-vetter-1.html,Jd Vetter
/cbb/players/reggie-vezia-1.html,Reggie Vezia
/cbb/players/tim-vezie-2.html,Tim Vezie
/cbb/players/tarik-viaer-mcclymont-1.html,Tarik Viaer-McClymont
/cbb/players/eric-vial-1.html,Eric Vial
/cbb/players/eric-vial-2.html,Eric Vial
/cbb/players/reed-vial-1.html,Reed Vial
/cbb/players/vinnie-viana-1.html,Vinnie Viana
/cbb/players/eric-vianney-1.html,Eric Vianney
/cbb/players/mykail-vibbert-1.html,Mykail Vibbert
/cbb/players/bobby-vicars-1.html,Bobby Vicars
/cbb/players/henrybutch-viccellio-1.html,Henry Butch Viccellio
/cbb/players/dick-vice-1.html,Dick Vice
/cbb/players/jeff-vice-1.html,Jeff Vice
/cbb/players/michael-vicens-1.html,Michael Vicens
/cbb/players/packin-vicens-1.html,Packin Vicens
/cbb/players/cj-vick-1.html,C.J. Vick
/cbb/players/derrick-vick-1.html,Derrick Vick
/cbb/players/hunter-vick-1.html,Hunter Vick
/cbb/players/lagerald-vick-1.html,Lagerald Vick
/cbb/players/brian-vickers-1.html,Brian Vickers
/cbb/players/edward-vickers-1.html,Edward Vickers
/cbb/players/glenn-vickers-1.html,Glenn Vickers
/cbb/players/jay-vickers-1.html,Jay Vickers
/cbb/players/john-vickers-1.html,John Vickers
/cbb/players/larry-vickers-1.html,Larry Vickers
/cbb/players/michael-vickers-1.html,Michael Vickers
/cbb/players/rob-vickers-1.html,Rob Vickers
/cbb/players/willie-vickers-1.html,Willie Vickers
/cbb/players/hollis-vickery-1.html,Hollis Vickery
/cbb/players/russell-vickery-1.html,Russell Vickery
/cbb/players/sam-vickery-1.html,Sam Vickery
/cbb/players/per-vicklander-1.html,Per Vicklander
/cbb/players/garrick-vicks-1.html,Garrick Vicks
/cbb/players/randy-vicks-1.html,Randy Vicks
/cbb/players/chester-victor-1.html,Chester Victor
/cbb/players/craig-victor-1.html,Craig Victor
/cbb/players/cuthbert-victor-1.html,Cuthbert Victor
/cbb/players/dalen-victor-1.html,Dalen Victor
/cbb/players/david-victor-1.html,David Victor
/cbb/players/isiah-victor-1.html,Isiah Victor
/cbb/players/jeff-victor-1.html,Jeff Victor
/cbb/players/jhonny-victor-1.html,Jhonny Victor
/cbb/players/michael-victor-1.html,Michael Victor
/cbb/players/nick-victor-1.html,Nick Victor
/cbb/players/skip-victor-1.html,Skip Victor
/cbb/players/spook-victor-1.html,Spook Victor
/cbb/players/justino-victoriano-1.html,Justino Victoriano
/cbb/players/tom-vidakovich-1.html,Tom Vidakovich
/cbb/players/eddie-vidal-1.html,Eddie Vidal
/cbb/players/kevin-vidato-1.html,Kevin Vidato
/cbb/players/rafael-vidaurreta-1.html,Rafael Vidaurreta
/cbb/players/brian-videau-1.html,Brian Videau
/cbb/players/filip-videnov-1.html,Filip Videnov
/cbb/players/aljaz-vidmar-1.html,Aljaz Vidmar
/cbb/players/glenn-vidnovic-1.html,Glenn Vidnovic
/cbb/players/bella-vido-1.html,Bella Vido
/cbb/players/matt-vidoni-1.html,Matt Vidoni
/cbb/players/john-vidovich-1.html,John Vidovich
/cbb/players/joey-vidrine-1.html,Joey Vidrine
/cbb/players/joe-vidulich-1.html,Joe Vidulich
/cbb/players/dale-vieau-1.html,Dale Vieau
/cbb/players/rod-viebig-1.html,Rod Viebig
/cbb/players/dave-viegant-1.html,Dave Viegant
/cbb/players/doug-viegas-1.html,Doug Viegas
/cbb/players/rodrigo-viegas-1.html,Rodrigo Viegas
/cbb/players/bob-vieira-1.html,Bob Vieira
/cbb/players/marc-vielledent-1.html,Marc Vielledent
/cbb/players/nick-vier-1.html,Nick Vier
/cbb/players/mark-viera-1.html,Mark Viera
/cbb/players/al-vierbone-1.html,Al Vierbone
/cbb/players/eric-vierneisel-1.html,Eric Vierneisel
/cbb/players/al-vierra-1.html,Al Vierra
/cbb/players/adam-viet-1.html,Adam Viet
/cbb/players/jeff-viggiano-1.html,Jeff Viggiano
/cbb/players/paul-viggiano-1.html,Paul Viggiano
/cbb/players/robert-vigil-1.html,Robert Vigil
/cbb/players/dan-viglianco-1.html,Dan Viglianco
/cbb/players/thomas-viglianco-1.html,Thomas Viglianco
/cbb/players/mike-viglione-1.html,Mike Viglione
/cbb/players/tony-vignali-1.html,Tony Vignali
/cbb/players/jacques-vigneault-1.html,Jacques Vigneault
/cbb/players/zachary-vigneault-1.html,Zachary Vigneault
/cbb/players/peter-vignier-1.html,Peter Vignier
/cbb/players/timothy-vigrass-1.html,Timothy Vigrass
/cbb/players/david-vik-1.html,David Vik
/cbb/players/marc-david-vil-1.html,Marc-David Vil
/cbb/players/eric-vila-1.html,Eric Vila
/cbb/players/ramon-vila-1.html,Ramon Vila
/cbb/players/alex-vilarino-1.html,Alex Vilarino
/cbb/players/gj-vilarino-1.html,G.J. Vilarino
/cbb/players/reginald-vilcean-1.html,Reginald Vilcean
/cbb/players/al-vilcheck-1.html,Al Vilcheck
/cbb/players/antanas-vilcinskas-1.html,Antanas Vilcinskas
/cbb/players/ricmonds-vilde-1.html,Ricmonds Vilde
/cbb/players/gintautas-vileita-1.html,Gintautas Vileita
/cbb/players/luis-villafane-1.html,Luis Villafane
/cbb/players/bob-villani-1.html,Bob Villani
/cbb/players/jack-villani-1.html,Jack Villani
/cbb/players/charlie-villanueva-1.html,Charlie Villanueva
/cbb/players/edwin-villanueva-1.html,Edwin Villanueva
/cbb/players/tony-villanueva-1.html,Tony Villanueva
/cbb/players/coco-villarreal-1.html,Coco Villarreal
/cbb/players/juan-villarreal-1.html,Juan Villarreal
/cbb/players/jason-villas-1.html,Jason Villas
/cbb/players/johwen-villegas-1.html,Johwen Villegas
/cbb/players/sammy-villegas-1.html,Sammy Villegas
/cbb/players/tom-villemure-1.html,Tom Villemure
/cbb/players/dustin-villepigue-1.html,Dustin Villepigue
/cbb/players/christian-villers-1.html,Christian Villers
/cbb/players/doug-vilotti-1.html,Doug Vilotti
/cbb/players/burton-vimont-1.html,Burton Vimont
/cbb/players/nelson-vinal-1.html,Nelson Vinal
/cbb/players/kyle-vinales-1.html,Kyle Vinales
/cbb/players/anton-vincent-1.html,Anton Vincent
/cbb/players/bill-vincent-1.html,Bill Vincent
/cbb/players/branden-vincent-1.html,Branden Vincent
/cbb/players/brett-vincent-3.html,Brett Vincent
/cbb/players/chuck-vincent-1.html,Chuck Vincent
/cbb/players/dick-vincent-1.html,Dick Vincent
/cbb/players/donald-vincent-1.html,Donald Vincent
/cbb/players/gabe-vincent-1.html,Gabe Vincent
/cbb/players/jack-vincent-1.html,Jack Vincent
/cbb/players/james-vincent-1.html,James Vincent
/cbb/players/jamond-vincent-1.html,Jamond Vincent
/cbb/players/jay-vincent-1.html,Jay Vincent
/cbb/players/jayson-vincent-1.html,Jayson Vincent
/cbb/players/jeff-vincent-1.html,Jeff Vincent
/cbb/players/leo-vincent-1.html,Leo Vincent
/cbb/players/lou-vincent-1.html,Lou Vincent
/cbb/players/mike-vincent-1.html,Mike Vincent
/cbb/players/sam-vincent-1.html,Sam Vincent
/cbb/players/thomas-vincent-1.html,Thomas Vincent
/cbb/players/tom-vincent-1.html,Tom Vincent
/cbb/players/charles-vines-1.html,Charles Vines
/cbb/players/cornelius-vines-1.html,Cornelius Vines
/cbb/players/harry-vines-1.html,Harry Vines
/cbb/players/scottie-vines-1.html,Scottie Vines
/cbb/players/tj-vines-1.html,T.J. Vines
/cbb/players/drew-viney-1.html,Drew Viney
/cbb/players/randy-vining-1.html,Randy Vining
/cbb/players/paulius-vinogradovas-1.html,Paulius Vinogradovas
/cbb/players/richard-vinroot-1.html,Richard Vinroot
/cbb/players/carl-vinson-1.html,Carl Vinson
/cbb/players/corey-vinson-1.html,Corey Vinson
/cbb/players/donald-vinson-1.html,Donald Vinson
/cbb/players/durell-vinson-1.html,Durell Vinson
/cbb/players/dwayne-vinson-1.html,Dwayne Vinson
/cbb/players/fred-vinson-1.html,Fred Vinson
/cbb/players/fred-vinson-2.html,Fred Vinson
/cbb/players/greg-vinson-1.html,Greg Vinson
/cbb/players/jerry-vinson-1.html,Jerry Vinson
/cbb/players/sam-vinson-1.html,Sam Vinson
/cbb/players/sonny-vinson-1.html,Sonny Vinson
/cbb/players/stephen-vinson-1.html,Stephen Vinson
/cbb/players/terrance-vinson-1.html,Terrance Vinson
/cbb/players/terrell-vinson-1.html,Terrell Vinson
/cbb/players/tim-vinson-1.html,Tim Vinson
/cbb/players/tip-vinson-1.html,Tip Vinson
/cbb/players/trevaron-vinson-1.html,Trevaron Vinson
/cbb/players/bobby-vint-1.html,Bobby Vint
/cbb/players/hooper-vint-1.html,Hooper Vint
/cbb/players/bill-vinton-1.html,Bill Vinton
/cbb/players/derrick-vinyard-1.html,Derrick Vinyard
/cbb/players/walter-violand-1.html,Walter Violand
/cbb/players/cory-violette-1.html,Cory Violette
/cbb/players/jimmy-viramontes-1.html,Jimmy Viramontes
/cbb/players/claude-virden-1.html,Claude Virden
/cbb/players/duane-virgil-1.html,Duane Virgil
/cbb/players/john-virgil-1.html,John Virgil
/cbb/players/ron-virgil-1.html,Ron Virgil
/cbb/players/don-virostek-1.html,Don Virostek
/cbb/players/mike-virtue-1.html,Mike Virtue
/cbb/players/zach-visentin-1.html,Zach Visentin
/cbb/players/letrell-viser-1.html,LeTrell Viser
/cbb/players/zoran-viskovic-1.html,Zoran Viskovic
/cbb/players/john-vislosky-1.html,John Vislosky
/cbb/players/bj-visman-1.html,B.J. Visman
/cbb/players/nick-visnic-1.html,Nick Visnic
/cbb/players/josko-visnjic-1.html,Josko Visnjic
/cbb/players/deirunas-visockas-1.html,Deirunas Visockas
/cbb/players/donatas-visockis-1.html,Donatas Visockis
/cbb/players/david-visscher-1.html,David Visscher
/cbb/players/david-visscher-2.html,David Visscher
/cbb/players/gene-visscher-2.html,Gene Visscher
/cbb/players/jonas-visser-1.html,Jonas Visser
/cbb/players/kyle-visser-1.html,Kyle Visser
/cbb/players/nicholas-vita-1.html,Nicholas Vita
/cbb/players/christian-vital-1.html,Christian Vital
/cbb/players/mark-vital-1.html,Mark Vital
/cbb/players/matt-vitale-1.html,Matt Vitale
/cbb/players/mike-vitale-1.html,Mike Vitale
/cbb/players/russ-vitallo-1.html,Russ Vitallo
/cbb/players/augustinas-vitas-1.html,Augustinas Vitas
/cbb/players/marv-vitatoe-1.html,Marv Vitatoe
/cbb/players/larry-vitelli-1.html,Larry Vitelli
/cbb/players/paul-vitelli-1.html,Paul Vitelli
/cbb/players/frank-vitetta-1.html,Frank Vitetta
/cbb/players/david-viti-1.html,David Viti
/cbb/players/joe-vitko-1.html,Joe Vitko
/cbb/players/johnny-vitrano-1.html,Johnny Vitrano
/cbb/players/vernon-vittatoe-1.html,Vernon Vittatoe
/cbb/players/vince-vittatoe-1.html,Vince Vittatoe
/cbb/players/matt-vivas-1.html,Matt Vivas
/cbb/players/chris-viven-1.html,Chris Viven
/cbb/players/john-vivian-1.html,John Vivian
/cbb/players/joe-viviano-1.html,Joe Viviano
/cbb/players/joe-viviano-2.html,Joe Viviano
/cbb/players/john-vlahogeorge-1.html,John Vlahogeorge
/cbb/players/andrew-vlahov-1.html,Andrew Vlahov
/cbb/players/tony-vlastelica-1.html,Tony Vlastelica
/cbb/players/gregory-vlazny-1.html,Gregory Vlazny
/cbb/players/greg-vlosich-1.html,Greg Vlosich
/cbb/players/gary-voce-1.html,Gary Voce
/cbb/players/tom-vodanovich-1.html,Tom Vodanovich
/cbb/players/mike-vodicka-1.html,Mike Vodicka
/cbb/players/mark-vodopia-1.html,Mark Vodopia
/cbb/players/chris-voegele-1.html,Chris Voegele
/cbb/players/joe-voegele-1.html,Joe Voegele
/cbb/players/brad-voegerl-1.html,Brad Voegerl
/cbb/players/karl-voeglin-1.html,Karl Voeglin
/cbb/players/brian-voelkel-1.html,Brian Voelkel
/cbb/players/ray-voelkel-1.html,Ray Voelkel
/cbb/players/eddie-voelker-1.html,Eddie Voelker
/cbb/players/ron-voelker-1.html,Ron Voelker
/cbb/players/joel-voelkert-1.html,Joel Voelkert
/cbb/players/mark-voetsch-1.html,Mark Voetsch
/cbb/players/al-vogel-1.html,Al Vogel
/cbb/players/dennis-vogel-1.html,Dennis Vogel
/cbb/players/evan-vogel-1.html,Evan Vogel
/cbb/players/jerry-vogel-1.html,Jerry Vogel
/cbb/players/joe-vogel-1.html,Joe Vogel
/cbb/players/warren-vogel-1.html,Warren Vogel
/cbb/players/dick-vogele-1.html,Dick Vogele
/cbb/players/rich-vogeley-1.html,Rich Vogeley
/cbb/players/bob-vogelsang-1.html,Bob Vogelsang
/cbb/players/karl-vogelsang-1.html,Karl Vogelsang
/cbb/players/adam-vogelsberg-1.html,Adam Vogelsberg
/cbb/players/michael-vogler-1.html,Michael Vogler
/cbb/players/thad-vogler-1.html,Thad Vogler
/cbb/players/matt-vogrich-1.html,Matt Vogrich
/cbb/players/bill-vogt-1.html,Bill Vogt
/cbb/players/bob-vogt-1.html,Bob Vogt
/cbb/players/carl-vogt-1.html,Carl Vogt
/cbb/players/chris-vogt-1.html,Chris Vogt
/cbb/players/chuck-vogt-1.html,Chuck Vogt
/cbb/players/leon-vogt-1.html,Leon Vogt
/cbb/players/ron-vogt-1.html,Ron Vogt
/cbb/players/bill-voight-1.html,Bill Voight
/cbb/players/frank-voight-1.html,Frank Voight
/cbb/players/ken-voight-1.html,Ken Voight
/cbb/players/ted-voight-1.html,Ted Voight
/cbb/players/kevin-voigt-1.html,Kevin Voigt
/cbb/players/jarod-voisin-1.html,Jarod Voisin
/cbb/players/mark-voitik-1.html,Mark Voitik
/cbb/players/vuk-vojinovic-1.html,Vuk Vojinovic
/cbb/players/nicholas-vojvodich-1.html,Nicholas Vojvodich
/cbb/players/lenny-volbert-1.html,Lenny Volbert
/cbb/players/bernd-volcic-1.html,Bernd Volcic
/cbb/players/paul-volcker-1.html,Paul Volcker
/cbb/players/frantz-volcy-1.html,Frantz Volcy
/cbb/players/donald-volding-1.html,Donald Volding
/cbb/players/harrie-volkers-1.html,Harrie Volkers
/cbb/players/mike-volkman-1.html,Mike Volkman
/cbb/players/vaidotas-volkus-1.html,Vaidotas Volkus
/cbb/players/bob-vollers-1.html,Bob Vollers
/cbb/players/andrew-vollert-1.html,Andrew Vollert
/cbb/players/don-vollintine-1.html,Don Vollintine
/cbb/players/paul-vollmer-1.html,Paul Vollmer
/cbb/players/dennis-vollom-1.html,Dennis Vollom
/cbb/players/vince-volmut-1.html,Vince Volmut
/cbb/players/sam-volmy-1.html,Sam Volmy
/cbb/players/michael-volovic-1.html,Michael Volovic
/cbb/players/tim-volpenhein-1.html,Tim Volpenhein
/cbb/players/don-volpi-1.html,Don Volpi
/cbb/players/gene-volz-1.html,Gene Volz
/cbb/players/vincent-volz-1.html,Vincent Volz
/cbb/players/_-vonamelunxen-1.html,_ Von Amelunxen
/cbb/players/phil-von-buchwaldt-1.html,Phil Von Buchwaldt
/cbb/players/rudy-vonburg-1.html,Rudy Von Burg
/cbb/players/felix-van-hofe-1.html,Felix Von Hofe
/cbb/players/gary-vonkrosigk-1.html,Gary Von Krosigk
/cbb/players/john-vonlehman-1.html,John Von Lehman
/cbb/players/jeff-vonlutzow-1.html,Jeff Von Lutzow
/cbb/players/donnie-vonmoore-1.html,Donnie Von Moore
/cbb/players/john-von-nieda-1.html,John Von Nieda
/cbb/players/jaret-von-rosenberg-1.html,Jaret Von Rosenberg
/cbb/players/dale-vonseggern-1.html,Dale Von Seggern
/cbb/players/gary-vonwaaden-1.html,Gary von Waaden
/cbb/players/bill-vonweyhe-1.html,Bill Von Weyhe
/cbb/players/george-vonbackstrom-1.html,George Vonbackstrom
/cbb/players/scott-vonbargen-1.html,Scott VonBargen
/cbb/players/luka-voncina-1.html,Luka Voncina
/cbb/players/lou-vonderbrink-1.html,Lou Vonderbrink
/cbb/players/brian-vonderhaar-1.html,Brian Vonderhaar
/cbb/players/noah-vonleh-1.html,Noah Vonleh
/cbb/players/mike-vontoure-1.html,Mike Vontoure
/cbb/players/ben-voogd-1.html,Ben Voogd
/cbb/players/brandon-voorhees-1.html,Brandon Voorhees
/cbb/players/wyatt-voorhes-1.html,Wyatt Voorhes
/cbb/players/jack-voorhies-1.html,Jack Voorhies
/cbb/players/jim-vopicka-1.html,Jim Vopicka
/cbb/players/tim-vorel-1.html,Tim Vorel
/cbb/players/norm-vorhees-1.html,Norm Vorhees
/cbb/players/chad-vorhis-1.html,Chad Vorhis
/cbb/players/kyle-vories-1.html,Kyle Vories
/cbb/players/milan-vorkapich-1.html,Milan Vorkapich
/cbb/players/dick-vortman-1.html,Dick Vortman
/cbb/players/leo-vorvolakos-1.html,Leo Vorvolakos
/cbb/players/mike-vosburgh-1.html,Mike Vosburgh
/cbb/players/kevin-vosilla-1.html,Kevin Vosilla
/cbb/players/jake-voskuhl-1.html,Jake Voskuhl
/cbb/players/joe-voskuhl-1.html,Joe Voskuhl
/cbb/players/alan-voskuil-1.html,Alan Voskuil
/cbb/players/james-voskuil-1.html,James Voskuil
/cbb/players/colin-voss-1.html,Colin Voss
/cbb/players/conor-voss-1.html,Conor Voss
/cbb/players/david-voss-1.html,David Voss
/cbb/players/paul-voss-1.html,Paul Voss
/cbb/players/riley-voss-1.html,Riley Voss
/cbb/players/roger-voss-1.html,Roger Voss
/cbb/players/ryan-voss-1.html,Ryan Voss
/cbb/players/bj-vossekuil-1.html,B.J. Vossekuil
/cbb/players/brennan-votel-1.html,Brennan Votel
/cbb/players/marios-voulgaridis-1.html,Marios Voulgaridis
/cbb/players/brice-vounang-1.html,Brice Vounang
/cbb/players/alex-vouyoukas-1.html,Alex Vouyoukas
/cbb/players/ian-vouyoukas-1.html,Ian Vouyoukas
/cbb/players/kevon-voyles-1.html,Kevon Voyles
/cbb/players/rob-vozenilek-1.html,Rob Vozenilek
/cbb/players/ben-vozzola-1.html,Ben Vozzola
/cbb/players/danny-vranes-1.html,Danny Vranes
/cbb/players/michael-vranes-1.html,Michael Vranes
/cbb/players/milos-vranes-1.html,Milos Vranes
/cbb/players/brian-vraney-1.html,Brian Vraney
/cbb/players/jim-vranizan-1.html,Jim Vranizan
/cbb/players/josip-vrankic-1.html,Josip Vrankic
/cbb/players/antonio-vrankovic-1.html,Antonio Vrankovic
/cbb/players/russ-vrankovich-1.html,Russ Vrankovich
/cbb/players/ljubisa-vrcelj-1.html,Ljubisa Vrcelj
/cbb/players/peter-vreeland-1.html,Peter Vreeland
/cbb/players/mike-vreeswyk-1.html,Mike Vreeswyk
/cbb/players/monte-vrenon-1.html,Monte Vrenon
/cbb/players/robert-vriend-1.html,Robert Vriend
/cbb/players/paul-vrind-1.html,Paul Vrind
/cbb/players/andrew-vroman-1.html,Andrew Vroman
/cbb/players/brett-vroman-1.html,Brett Vroman
/cbb/players/jackson-vroman-1.html,Jackson Vroman
/cbb/players/nick-vrotsos-1.html,Nick Vrotsos
/cbb/players/maurice-vrumans-1.html,Maurice Vrumans
/cbb/players/igor-vrzina-1.html,Igor Vrzina
/cbb/players/marko-vucajnk-1.html,Marko Vucajnk
/cbb/players/sergei-vucetic-1.html,Sergej Vucetic
/cbb/players/sergej-vucetic-1.html,Sergej Vucetic
/cbb/players/nikola-vucevic-1.html,Nikola Vucevic
/cbb/players/hrvoje-vucic-1.html,Hrvoje Vucic
/cbb/players/jere-vucica-1.html,Jere Vucica
/cbb/players/vasilije-vucinic-1.html,Vasilije Vucinic
/cbb/players/lolly-vuckchevkin-1.html,Lolly Vuckchevkin
/cbb/players/klemen-vuga-1.html,Klemen Vuga
/cbb/players/ivan-vujic-1.html,Ivan Vujic
/cbb/players/vukasin-vujovic-1.html,Vukasin Vujovic
/cbb/players/fred-vukas-1.html,Fred Vukas
/cbb/players/john-vukasovich-1.html,John Vukasovich
/cbb/players/jack-vukelich-1.html,Jack Vukelich
/cbb/players/tony-vukelich-1.html,Tony Vukelich
/cbb/players/phil-vukievich-1.html,Phil Vukievich
/cbb/players/mike-vukmanovich-1.html,Mike Vukmanovich
/cbb/players/tonko-vuko-1.html,Tonko Vuko
/cbb/players/joe-vukovic-1.html,Joe Vukovic
/cbb/players/m-vukovich-1.html,M. Vukovich
/cbb/players/mike-vukovich-1.html,Mike Vukovich
/cbb/players/pete-vukovich-1.html,Pete Vukovich
/cbb/players/sam-vukovich-1.html,Sam Vukovich
/cbb/players/vedran-vukusic-1.html,Vedran Vukusic
/cbb/players/luka-vulikic-1.html,Luka Vulikic
/cbb/players/vuk-vulikic-1.html,Vuk Vulikic
/cbb/players/joe-vullo-1.html,Joe Vullo
/cbb/players/pat-vuyancih-1.html,Pat Vuyancih
/cbb/players/ron-vyse-1.html,Ron Vyse
/cbb/players/sulskis-vytas-1.html,Sulskis Vytas
