url,name
/cbb/players/mushon-yaakosi-1.html,Mushon Ya'akosi
/cbb/players/john-yablonski-1.html,John Yablonski
/cbb/players/tom-yachinich-1.html,Tom Yachinich
/cbb/players/clarence-yackey-1.html,Clarence Yackey
/cbb/players/blake-yackley-1.html,Blake Yackley
/cbb/players/yosef-yacob-1.html,Yosef Yacob
/cbb/players/achraf-yacoubou-1.html,Ash Yacoubou
/cbb/players/ko-yada-1.html,Ko Yada
/cbb/players/jason-yadao-1.html,Jason Yadao
/cbb/players/paul-yaden-1.html,Paul Yaden
/cbb/players/eyal-yaffe-1.html,Eyal Yaffe
/cbb/players/dave-yager-1.html,Dave Yager
/cbb/players/mykhailo-yagodin-1.html,Mykhailo Yagodin
/cbb/players/con-yagodzinski-1.html,Con Yagodzinski
/cbb/players/bob-yahne-1.html,Bob Yahne
/cbb/players/michael-yahnke-1.html,Michael Yahnke
/cbb/players/scott-yahnke-1.html,Scott Yahnke
/cbb/players/griffin-yaklich-1.html,Griffin Yaklich
/cbb/players/kirill-yakovlev-1.html,Kirill Yakovlev
/cbb/players/yusef-yakubu-1.html,Yusef Yakubu
/cbb/players/kassoum-yakwe-1.html,Kassoum Yakwe
/cbb/players/bart-yam-1.html,Bart Yam
/cbb/players/steve-yamin-1.html,Steve Yamin
/cbb/players/jeffrey-yan-1.html,Jeffrey Yan
/cbb/players/jeffrey-yan-2.html,Jeffrey Yan
/cbb/players/bruce-yance-1.html,Bruce Yance
/cbb/players/gordon-yancey-1.html,Gordon Yancey
/cbb/players/jake-yancey-1.html,Jake Yancey
/cbb/players/terry-yancey-1.html,Terry Yancey
/cbb/players/jim-yanchar-1.html,Jim Yanchar
/cbb/players/taylor-yanchar-1.html,Taylor Yanchar
/cbb/players/steve-yancoskie-1.html,Steve Yancoskie
/cbb/players/art-yancy-1.html,Art Yancy
/cbb/players/gordon-yancy-1.html,Gordon Yancy
/cbb/players/kendal-yancy-1.html,Kendal Yancy
/cbb/players/levi-yancy-1.html,Levi Yancy
/cbb/players/kin-yanders-1.html,Kin Yanders
/cbb/players/robert-yanders-1.html,Robert Yanders
/cbb/players/guillaume-yango-1.html,Guillaume Yango
/cbb/players/steve-yaniga-1.html,Steve Yaniga
/cbb/players/jason-yanish-1.html,Jason Yanish
/cbb/players/neil-yanke-1.html,Neil Yanke
/cbb/players/jerry-yankee-1.html,Jerry Yankee
/cbb/players/brian-yankelevitz-1.html,Brian Yankelevitz
/cbb/players/kris-yanku-1.html,Kris Yanku
/cbb/players/charlie-yankus-1.html,Charlie Yankus
/cbb/players/mel-yanuck-1.html,Mel Yanuck
/cbb/players/jesse-yanutola-1.html,Jesse Yanutola
/cbb/players/donavan-yap-1.html,Donavan Yap
/cbb/players/bill-yarborough-1.html,Bill Yarborough
/cbb/players/kelly-yarborough-1.html,Kelly Yarborough
/cbb/players/phil-yarborough-1.html,Phil Yarborough
/cbb/players/lafayette-yarbray-1.html,Lafayette Yarbray
/cbb/players/larry-yarbray-1.html,Larry Yarbray
/cbb/players/bill-yarbrough-1.html,Bill Yarbrough
/cbb/players/billy-yarbrough-1.html,Billy Yarbrough
/cbb/players/bubba-yarbrough-1.html,Bubba Yarbrough
/cbb/players/cedric-yarbrough-1.html,Cedric Yarbrough
/cbb/players/darryl-yarbrough-1.html,Darryl Yarbrough
/cbb/players/del-yarbrough-1.html,Del Yarbrough
/cbb/players/gene-yarbrough-1.html,Gene Yarbrough
/cbb/players/jason-yarbrough-1.html,Jason Yarbrough
/cbb/players/ken-yarbrough-1.html,Ken Yarbrough
/cbb/players/lindal-yarbrough-1.html,Lindal Yarbrough
/cbb/players/milik-yarbrough-1.html,Milik Yarbrough
/cbb/players/stu-yarbrough-1.html,Stu Yarbrough
/cbb/players/victor-yarbrough-1.html,Victor Yarbrough
/cbb/players/vincent-yarbrough-1.html,Vincent Yarbrough
/cbb/players/chris-yard-1.html,Chris Yard
/cbb/players/denzel-yard-1.html,Denzel Yard
/cbb/players/michael-yard-1.html,Michael Yard
/cbb/players/tony-yard-1.html,Tony Yard
/cbb/players/bob-yardley-1.html,Bob Yardley
/cbb/players/george-yardley-1.html,George Yardley
/cbb/players/jon-yarger-1.html,Jon Yarger
/cbb/players/mel-yarlott-1.html,Mel Yarlott
/cbb/players/jack-yarmush-1.html,Jack Yarmush
/cbb/players/doug-yarnall-1.html,Doug Yarnall
/cbb/players/george-yarnevich-1.html,George Yarnevich
/cbb/players/mouphtaou-yarou-1.html,Mouphtaou Yarou
/cbb/players/_-yarsa-1.html,_ Yarsa
/cbb/players/abe-yasser-1.html,Abe Yasser
/cbb/players/mohab-yasser-1.html,Mohab Yasser
/cbb/players/ray-yasser-1.html,Ray Yasser
/cbb/players/john-yatchak-1.html,John Yatchak
/cbb/players/al-yates-1.html,Al Yates
/cbb/players/andre-yates-1.html,Andre Yates
/cbb/players/anthony-yates-1.html,Anthony Yates
/cbb/players/barry-yates-1.html,Barry Yates
/cbb/players/bob-yates-2.html,Bob Yates
/cbb/players/bob-yates-3.html,Bob Yates
/cbb/players/carlos-yates-1.html,Carlos Yates
/cbb/players/chad-yates-1.html,Chad Yates
/cbb/players/chris-yates-1.html,Chris Yates
/cbb/players/cleveland-yates-1.html,Cleveland Yates
/cbb/players/darren-yates-1.html,Darren Yates
/cbb/players/dave-yates-1.html,Dave Yates
/cbb/players/desmond-yates-1.html,Desmond Yates
/cbb/players/dick-yates-1.html,Dick Yates
/cbb/players/don-yates-1.html,Don Yates
/cbb/players/doug-yates-1.html,Doug Yates
/cbb/players/gary-yates-1.html,Gary Yates
/cbb/players/george-yates-1.html,George Yates
/cbb/players/grant-yates-1.html,Grant Yates
/cbb/players/jeremy-yates-1.html,Jeremy Yates
/cbb/players/jim-yates-1.html,Jim Yates
/cbb/players/jim-yates-2.html,Jim Yates
/cbb/players/jim-yates-3.html,Jim Yates
/cbb/players/john-yates-1.html,John Yates
/cbb/players/john-yates-2.html,John Yates
/cbb/players/jon-yates-1.html,Jon Yates
/cbb/players/les-yates-1.html,Les Yates
/cbb/players/noah-yates-1.html,Noah Yates
/cbb/players/phillip-yates-1.html,Phillip Yates
/cbb/players/robbie-yates-1.html,Robbie Yates
/cbb/players/ron-yates-1.html,Ron Yates
/cbb/players/ronnie-yates-1.html,Ronnie Yates
/cbb/players/sebastian-yates-1.html,Sebastian Yates
/cbb/players/tony-yates-2.html,Tony Yates
/cbb/players/vernon-yates-1.html,Vernon Yates
/cbb/players/wayne-yates-2.html,Wayne Yates
/cbb/players/_-yates-5.html,_ Yates
/cbb/players/mark-yavorsky-1.html,Mark Yavorsky
/cbb/players/melih-yavsaner-1.html,Melih Yavsaner
/cbb/players/aj-yawn-1.html,A.J. Yawn
/cbb/players/louie-yazich-1.html,Louie Yazich
/cbb/players/kody-yazzie-1.html,Kody Yazzie
/cbb/players/lamoni-yazzie-1.html,Lamoni Yazzie
/cbb/players/lawrence-yazzie-1.html,Lawrence Yazzie
/cbb/players/brooks-ybarra-1.html,Brooks Ybarra
/cbb/players/caesar-yeadon-1.html,Caesar Yeadon
/cbb/players/eric-yeadon-1.html,Eric Yeadon
/cbb/players/josh-yeager-1.html,Josh Yeager
/cbb/players/mike-yeager-1.html,Mike Yeager
/cbb/players/rudolph-yeager-1.html,Rudolph Yeager
/cbb/players/sammy-yeager-1.html,Sammy Yeager
/cbb/players/steve-yeagle-1.html,Steve Yeagle
/cbb/players/bruce-yeagy-1.html,Bruce Yeagy
/cbb/players/fred-yeahquo-1.html,Fred Yeahquo
/cbb/players/bill-yearby-1.html,Bill Yearby
/cbb/players/deilvez-yearby-1.html,Deilvez Yearby
/cbb/players/solomon-yearby-1.html,Solomon Yearby
/cbb/players/justin-yeargin-1.html,Justin Yeargin
/cbb/players/lee-yearwood-1.html,Lee Yearwood
/cbb/players/maurice-yearwood-1.html,Maurice Yearwood
/cbb/players/rob-yearwood-1.html,Rob Yearwood
/cbb/players/wayne-yearwood-1.html,Wayne Yearwood
/cbb/players/dick-yeary-1.html,Dick Yeary
/cbb/players/mike-yeater-1.html,Mike Yeater
/cbb/players/e-yeaton-1.html,E. Yeaton
/cbb/players/mark-yeaton-1.html,Mark Yeaton
/cbb/players/ramsey-yeatts-1.html,Ramsey Yeatts
/cbb/players/jon-yeazel-1.html,Jon Yeazel
/cbb/players/akwasi-yeboah-1.html,Akwasi Yeboah
/cbb/players/fred-yee-1.html,Fred Yee
/cbb/players/kaijae-yee-stephens-1.html,Kaijae Yee-Stephens
/cbb/players/goliat-yeggins-1.html,Goliat Yeggins
/cbb/players/will-yeguete-1.html,Will Yeguete
/cbb/players/clayton-yeko-1.html,Clayton Yeko
/cbb/players/cody-yelder-1.html,Cody Yelder
/cbb/players/cedric-yelding-1.html,Cedric Yelding
/cbb/players/steve-yellen-1.html,Steve Yellen
/cbb/players/les-yellin-1.html,Les Yellin
/cbb/players/mark-yellin-1.html,Mark Yellin
/cbb/players/malcolm-yelling-1.html,Malcolm Yelling
/cbb/players/paul-yeloushan-1.html,Paul Yeloushan
/cbb/players/mark-yelovich-1.html,Mark Yelovich
/cbb/players/mick-yelovich-1.html,Mick Yelovich
/cbb/players/charlie-yelverton-1.html,Charlie Yelverton
/cbb/players/david-yelverton-1.html,David Yelverton
/cbb/players/tony-yelverton-1.html,Tony Yelverton
/cbb/players/jim-yent-1.html,Jim Yent
/cbb/players/gerald-yenters-1.html,Gerald Yenters
/cbb/players/gerald-yentes-1.html,Gerald Yentes
/cbb/players/clay-yeo-1.html,Clay Yeo
/cbb/players/felix-yeoman-1.html,Felix Yeoman
/cbb/players/william-yeoman-1.html,William Yeoman
/cbb/players/_-yeoman-2.html,_ Yeoman
/cbb/players/greg-yeomans-1.html,Greg Yeomans
/cbb/players/_-yeonopolus-1.html,_ Yeonopolus
/cbb/players/brower-yerger-1.html,Brower Yerger
/cbb/players/mel-yergersen-1.html,Mel Yergersen
/cbb/players/pat-yerina-1.html,Pat Yerina
/cbb/players/evan-yerkes-1.html,Evan Yerkes
/cbb/players/_-yesawich-1.html,Paul Yesawich
/cbb/players/fred-yeshquo-1.html,Fred Yeshquo
/cbb/players/wyatt-yess-1.html,Wyatt Yess
/cbb/players/bassith-yessoufou-1.html,Bassith Yessoufou
/cbb/players/joseph-yesufu-1.html,Joseph Yesufu
/cbb/players/toros-yetenekian-1.html,Toros Yetenekian
/cbb/players/chris-yetman-1.html,Chris Yetman
/cbb/players/alexis-yetna-1.html,Alexis Yetna
/cbb/players/christian-yeung-1.html,Christian Yeung
/cbb/players/lincoln-yeutter-1.html,Lincoln Yeutter
/cbb/players/george-yezbak-1.html,George Yezbak
/cbb/players/joe-yezbak-1.html,Joe Yezbak
/cbb/players/john-yezzi-1.html,John Yezzi
/cbb/players/john-yi-1.html,John Yi
/cbb/players/costas-yiannoutsos-1.html,Costas Yiannoutsos
/cbb/players/longi-yiljep-1.html,Longi Yiljep
/cbb/players/yilret-yiljep-1.html,Yilret Yiljep
/cbb/players/daymon-yizar-1.html,Daymon Yizar
/cbb/players/matt-yobe-1.html,Matt Yobe
/cbb/players/vince-yockel-1.html,Vince Yockel
/cbb/players/mike-yocum-1.html,Mike Yocum
/cbb/players/charlie-yoder-1.html,Charlie Yoder
/cbb/players/doug-yoder-1.html,Doug Yoder
/cbb/players/gramsey-yoder-1.html,G. Ramsey Yoder
/cbb/players/gary-yoder-1.html,Gary Yoder
/cbb/players/jason-yoder-1.html,Jason Yoder
/cbb/players/jeff-yoder-1.html,Jeff Yoder
/cbb/players/mark-yoder-1.html,Mark Yoder
/cbb/players/rusty-yoder-1.html,Rusty Yoder
/cbb/players/ryan-yoder-1.html,Ryan Yoder
/cbb/players/sean-yoder-1.html,Sean Yoder
/cbb/players/stan-yoder-1.html,Stan Yoder
/cbb/players/stan-yoder-2.html,Stan Yoder
/cbb/players/john-yodsnukis-1.html,John Yodsnukis
/cbb/players/mike-yoest-1.html,Mike Yoest
/cbb/players/mike-yoest-2.html,Mike Yoest
/cbb/players/steve-yoest-1.html,Steve Yoest
/cbb/players/mike-yohe-1.html,Mike Yohe
/cbb/players/jt-yoho-1.html,JT Yoho
/cbb/players/tom-yoho-1.html,Tom Yoho
/cbb/players/vincent-yokabaskas-1.html,Vincent Yokabaskas
/cbb/players/john-yokley-1.html,John Yokley
/cbb/players/max-yokono-1.html,Max Yokono
/cbb/players/martin-yokum-1.html,Martin Yokum
/cbb/players/max-yon-1.html,Max Yon
/cbb/players/solomon-yon-1.html,Solomon Yon
/cbb/players/rich-yonakor-1.html,Rich Yonakor
/cbb/players/bill-yonge-1.html,Bill Yonge
/cbb/players/bret-yonke-1.html,Bret Yonke
/cbb/players/jay-yoon-1.html,Jay Yoon
/cbb/players/walker-yoos-1.html,Walker Yoos
/cbb/players/bob-yordy-1.html,Bob Yordy
/cbb/players/bobby-york-1.html,Bobby York
/cbb/players/carl-york-1.html,Carl York
/cbb/players/cliff-york-1.html,Cliff York
/cbb/players/eli-york-1.html,Eli York
/cbb/players/gabe-york-1.html,Gabe York
/cbb/players/karim-york-1.html,Karim York
/cbb/players/mick-york-1.html,Mick York
/cbb/players/reggie-york-1.html,Reggie York
/cbb/players/scotty-york-1.html,Scotty York
/cbb/players/smedes-york-1.html,Smedes York
/cbb/players/tyler-york-1.html,Tyler York
/cbb/players/william-york-1.html,William York
/cbb/players/_-york-1.html,_ York
/cbb/players/zach-yoshor-1.html,Zach Yoshor
/cbb/players/ray-yost-1.html,Ray Yost
/cbb/players/steve-yost-1.html,Steve Yost
/cbb/players/leslie-yother-1.html,Leslie Yother
/cbb/players/jean-michel-yotio-1.html,Jean Michel Yotio
/cbb/players/dave-youdath-1.html,Dave Youdath
/cbb/players/don-youman-1.html,Don Youman
/cbb/players/joe-youman-1.html,Joe Youman
/cbb/players/corren-youmans-1.html,Corren Youmans
/cbb/players/dwan-youmans-1.html,D'Wan Youmans
/cbb/players/dominique-youmans-1.html,Dominique Youmans
/cbb/players/ervin-youmans-1.html,Ervin Youmans
/cbb/players/maury-youmans-1.html,Maury Youmans
/cbb/players/eric-youncofski-1.html,Eric Youncofski
/cbb/players/aaron-young-1.html,Aaron Young
/cbb/players/aaron-young-2.html,Aaron Young
/cbb/players/adam-young-1.html,Adam Young
/cbb/players/al-young-2.html,Al Young
/cbb/players/alan-young-1.html,Alan Young
/cbb/players/alex-young-1.html,Alex Young
/cbb/players/alex-young-2.html,Alex Young
/cbb/players/allen-young-1.html,Allen Young
/cbb/players/alonzo-young-1.html,Alonzo Young
/cbb/players/alvin-young-1.html,Alvin Young
/cbb/players/andre-young-1.html,Andre Young
/cbb/players/andre-young-2.html,Andre Young
/cbb/players/andrew-young-1.html,Andrew Young
/cbb/players/andy-young-1.html,Andy Young
/cbb/players/antoine-young-1.html,Antoine Young
/cbb/players/arnett-young-1.html,Arnett Young
/cbb/players/arnie-young-1.html,Arnie Young
/cbb/players/aubin-young-1.html,Aubin Young
/cbb/players/bj-young-1.html,B.J. Young
/cbb/players/barry-young-1.html,Barry Young
/cbb/players/barry-young-2.html,Barry Young
/cbb/players/bill-young-3.html,Bill Young
/cbb/players/bill-young-4.html,Bill Young
/cbb/players/bill-young-1.html,Bill Young
/cbb/players/bill-young-2.html,Bill Young
/cbb/players/billy-young-1.html,Billy Young
/cbb/players/blake-young-1.html,Blake Young
/cbb/players/bob-young-1.html,Bob Young
/cbb/players/bob-young-2.html,Bob Young
/cbb/players/bob-young-4.html,Bob Young
/cbb/players/bob-young-5.html,Bob Young
/cbb/players/bobby-young-1.html,Bobby Young
/cbb/players/brandon-young-1.html,Brandon Young
/cbb/players/brandon-young-2.html,Brandon Young
/cbb/players/brian-young-1.html,Brian Young
/cbb/players/brock-young-1.html,Brock Young
/cbb/players/byron-young-3.html,Byron Young
/cbb/players/byron-young-1.html,Byron Young
/cbb/players/byron-young-2.html,Byron Young
/cbb/players/calvin-young-1.html,Calvin Young
/cbb/players/cam-young-1.html,Cam Young
/cbb/players/cameron-young-1.html,Cameron Young
/cbb/players/charles-young-1.html,Charles Young
/cbb/players/charlton-young-1.html,Charlton Young
/cbb/players/chris-young-1.html,Chris Young
/cbb/players/chris-young-2.html,Chris Young
/cbb/players/chris-young-3.html,Chris Young
/cbb/players/chris-young-4.html,Chris Young
/cbb/players/chris-young-5.html,Chris Young
/cbb/players/chris-young-7.html,Chris Young
/cbb/players/chris-young-8.html,Chris Young
/cbb/players/clark-young-1.html,Clark Young
/cbb/players/clay-young-1.html,Clay Young
/cbb/players/clifton-young-1.html,Clifton Young
/cbb/players/clint-young-1.html,Clint Young
/cbb/players/coltie-young-1.html,Coltie Young
/cbb/players/corey-young-1.html,Corey Young
/cbb/players/corey-young-2.html,Corey Young
/cbb/players/cornell-young-1.html,Cornell Young
/cbb/players/courtland-young-1.html,Courtland Young
/cbb/players/curley-young-1.html,Curley Young
/cbb/players/d-young-5.html,D. Young
/cbb/players/damion-young-1.html,Damian Young
/cbb/players/damon-young-1.html,Damon Young
/cbb/players/danny-young-1.html,Danny Young
/cbb/players/darrell-young-1.html,Darrell Young
/cbb/players/darrin-young-1.html,Darrin Young
/cbb/players/darryl-young-1.html,Darryl Young
/cbb/players/darwin-young-1.html,Darwin Young
/cbb/players/dave-young-1.html,Dave Young
/cbb/players/dave-young-2.html,Dave Young
/cbb/players/david-young-1.html,David Young
/cbb/players/delbert-young-1.html,Delbert Young
/cbb/players/demetrece-young-1.html,Demetrece Young
/cbb/players/demetrius-young-1.html,Demetrius Young
/cbb/players/dennis-young-1.html,Dennis Young
/cbb/players/derek-young-1.html,Derek Young
/cbb/players/desmond-young-1.html,Desmond Young
/cbb/players/desmond-young-2.html,Desmond Young
/cbb/players/dexter-young-1.html,Dexter Young
/cbb/players/dick-young-1.html,Dick Young
/cbb/players/dick-young-2.html,Dick Young
/cbb/players/dominick-young-1.html,Dominick Young
/cbb/players/doug-young-1.html,Doug Young
/cbb/players/ed-young-3.html,Ed Young
/cbb/players/ed-young-4.html,Ed Young
/cbb/players/eddie-young-1.html,Eddie Young
/cbb/players/eddie-young-2.html,Eddie Young
/cbb/players/edwin-young-1.html,Edwin Young
/cbb/players/ennis-young-1.html,Ennis Young
/cbb/players/eric-young-1.html,Eric Young
/cbb/players/eric-young-2.html,Eric Young
/cbb/players/eric-young-3.html,Eric Young
/cbb/players/eric-young-4.html,Eric Young
/cbb/players/eugene-young-1.html,Eugene Young
/cbb/players/felton-young-1.html,Felton Young
/cbb/players/foster-young-1.html,Foster Young
/cbb/players/francis-young-1.html,Francis Young
/cbb/players/frank-young-1.html,Frank Young
/cbb/players/fred-young-1.html,Fred Young
/cbb/players/galen-young-1.html,Galen Young
/cbb/players/garvey-young-1.html,Garvey Young
/cbb/players/gene-young-2.html,Gene Young
/cbb/players/george-young-1.html,George Young
/cbb/players/glenn-young-2.html,Glenn Young
/cbb/players/gordon-young-1.html,Gordon Young
/cbb/players/greg-young-1.html,Greg Young
/cbb/players/greg-young-2.html,Greg Young
/cbb/players/greg-young-3.html,Greg Young
/cbb/players/harrison-young-1.html,Harrison Young
/cbb/players/havey-young-1.html,Havey Young
/cbb/players/howard-young-1.html,Howard Young
/cbb/players/ian-young-2.html,Ian Young
/cbb/players/ian-young-1.html,Ian Young
/cbb/players/ivan-young-1.html,Ivan Young
/cbb/players/ivan-young-2.html,Ivan Young
/cbb/players/ivory-young-1.html,Ivory Young
/cbb/players/ivory-young-2.html,Ivory Young
/cbb/players/jack-young-1.html,Jack Young
/cbb/players/jack-young-2.html,Jack Young
/cbb/players/jacob-young-1.html,Jacob Young
/cbb/players/jahmar-young-1.html,Jahmar Young
/cbb/players/jahmar-youngjr-1.html,Jahmar Young
/cbb/players/jahmir-young-1.html,Jahmir Young
/cbb/players/james-young-1.html,James Young
/cbb/players/jared-young-1.html,Jared Young
/cbb/players/jarrod-young-1.html,Jared Young
/cbb/players/jason-young-1.html,Jason Young
/cbb/players/jay-young-2.html,Jay Young
/cbb/players/jermaine-young-1.html,Jermaine Young
/cbb/players/jerrah-young-1.html,Jerrah Young
/cbb/players/jerran-young-1.html,Jerran Young
/cbb/players/jesse-young-1.html,Jesse Young
/cbb/players/jim-young-1.html,Jim Young
/cbb/players/jim-young-2.html,Jim Young
/cbb/players/jimmy-young-1.html,Jimmy Young
/cbb/players/jitim-young-1.html,Jitim Young
/cbb/players/joe-young-1.html,Joe Young
/cbb/players/joe-young-2.html,Joe Young
/cbb/players/joe-young-3.html,Joe Young
/cbb/players/joseph-young-1.html,Joe Young
/cbb/players/john-young-1.html,John Young
/cbb/players/john-young-2.html,John Young
/cbb/players/josh-young-1.html,Josh Young
/cbb/players/jumichael-young-1.html,JueMichael Young
/cbb/players/julius-young-1.html,Julius Young
/cbb/players/kalif-young-1.html,Kalif Young
/cbb/players/kalley-young-1.html,Kalley Young
/cbb/players/kedron-young-1.html,Kedron Young
/cbb/players/keena-young-1.html,Keena Young
/cbb/players/keith-young-1.html,Keith Young
/cbb/players/keith-young-2.html,Keith Young
/cbb/players/keith-young-3.html,Keith Young
/cbb/players/kelly-young-1.html,Kelly Young
/cbb/players/ken-young-2.html,Ken Young
/cbb/players/ken-young-1.html,Ken Young
/cbb/players/kenneth-young-1.html,Kenneth Young
/cbb/players/kermit-young-1.html,Kermit Young
/cbb/players/kevin-young-1.html,Kevin Young
/cbb/players/kevin-young-2.html,Kevin Young
/cbb/players/kevin-young-3.html,Kevin Young
/cbb/players/kevin-young-4.html,Kevin Young
/cbb/players/keyondre-young-1.html,Keyondre Young
/cbb/players/kirk-young-1.html,Kirk Young
/cbb/players/kyle-young-1.html,Kyle Young
/cbb/players/kyle-young-2.html,Kyle Young
/cbb/players/kyle-young-3.html,Kyle Young
/cbb/players/kyle-young-4.html,Kyle Young
/cbb/players/laurence-young-1.html,Laurence Young
/cbb/players/lawrence-young-1.html,Lawrence Young
/cbb/players/lenny-young-1.html,Lenny Young
/cbb/players/leon-young-1.html,Leon Young
/cbb/players/marcus-young-1.html,Marcus Young
/cbb/players/marcus-young-2.html,Marcus Young
/cbb/players/mark-young-1.html,Mark Young
/cbb/players/mark-young-2.html,Mark Young
/cbb/players/marquis-young-1.html,Marquis Young
/cbb/players/maurice-young-1.html,Maurice Young
/cbb/players/maurice-young-2.html,Maurice Young
/cbb/players/michael-young-1.html,Michael Young
/cbb/players/michael-young-2.html,Michael Young
/cbb/players/michael-young-3.html,Michael Young
/cbb/players/mike-young-4.html,Mike Young
/cbb/players/mike-young-5.html,Mike Young
/cbb/players/mike-young-6.html,Mike Young
/cbb/players/mike-young-2.html,Mike Young
/cbb/players/mike-young-3.html,Mike Young
/cbb/players/mitchell-young-1.html,Mitchell Young
/cbb/players/morgan-young-1.html,Morgan Young
/cbb/players/najeal-young-1.html,Najeal Young
/cbb/players/nick-young-1.html,Nick Young
/cbb/players/noble-young-1.html,Noble Young
/cbb/players/ossie-young-1.html,Ossie Young
/cbb/players/otis-young-1.html,Otis Young
/cbb/players/patric-young-1.html,Patric Young
/cbb/players/perry-young-1.html,Perry Young
/cbb/players/pete-young-1.html,Pete Young
/cbb/players/peter-young-1.html,Peter Young
/cbb/players/phil-young-2.html,Phil Young
/cbb/players/phil-young-1.html,Phil Young
/cbb/players/quinton-young-1.html,Quinton Young
/cbb/players/rasason-young-1.html,Rasason Young
/cbb/players/rasaun-young-1.html,Rasaun Young
/cbb/players/ray-young-1.html,Ray Young
/cbb/players/rayford-young-1.html,Rayford Young
/cbb/players/reginald-young-1.html,Reginald Young
/cbb/players/rey-young-3.html,Rey Young
/cbb/players/rich-young-1.html,Rich Young
/cbb/players/richard-young-1.html,Richard Young
/cbb/players/robbie-young-1.html,Robbie Young
/cbb/players/rod-young-2.html,Rod Young
/cbb/players/ron-young-4.html,Ron Young
/cbb/players/ron-young-5.html,Ron Young
/cbb/players/ross-young-1.html,Ross Young
/cbb/players/roy-young-1.html,Roy Young
/cbb/players/russell-young-1.html,Russell Young
/cbb/players/ryan-young-2.html,Ryan Young
/cbb/players/sam-young-1.html,Sam Young
/cbb/players/santonio-young-1.html,Santonio Young
/cbb/players/sean-young-1.html,Sean Young
/cbb/players/sequon-young-1.html,Sequon Young
/cbb/players/skip-young-1.html,Skip Young
/cbb/players/solomon-young-1.html,Solomon Young
/cbb/players/spence-young-1.html,Spence Young
/cbb/players/stefan-young-1.html,Stefan Young
/cbb/players/steve-young-1.html,Steve Young
/cbb/players/steven-young-1.html,Steven Young
/cbb/players/tj-young-1.html,T.J. Young
/cbb/players/tajai-young-1.html,Tajai Young
/cbb/players/taras-young-1.html,Taras Young
/cbb/players/taylor-young-1.html,Taylor Young
/cbb/players/ted-young-1.html,Ted Young
/cbb/players/terry-young-1.html,Terry Young
/cbb/players/terry-young-2.html,Terry Young
/cbb/players/thad-young-1.html,Thad Young
/cbb/players/thaddeus-young-1.html,Thaddeus Young
/cbb/players/tim-young-1.html,Tim Young
/cbb/players/tom-young-1.html,Tom Young
/cbb/players/tom-young-2.html,Tom Young
/cbb/players/tom-young-3.html,Tom Young
/cbb/players/tony-young-1.html,Tony Young
/cbb/players/tony-young-2.html,Tony Young
/cbb/players/toot-young-1.html,Toot Young
/cbb/players/torez-young-1.html,Torez Young
/cbb/players/trace-young-1.html,Trace Young
/cbb/players/trace-young-2.html,Trace Young
/cbb/players/trae-young-1.html,Trae Young
/cbb/players/travis-young-1.html,Travis Young
/cbb/players/tre-young-1.html,Tre Young
/cbb/players/tyler-young-1.html,Tyler Young
/cbb/players/tyrone-young-1.html,Tyrone Young
/cbb/players/vernon-young-1.html,Vernon Young
/cbb/players/virgil-young-1.html,Virgil Young
/cbb/players/walter-young-1.html,Walter Young
/cbb/players/walter-young-2.html,Walter Young
/cbb/players/warren-young-1.html,Warren Young
/cbb/players/wayne-young-1.html,Wayne Young
/cbb/players/wilbert-young-1.html,Wilbert Young
/cbb/players/william-young-2.html,William Young
/cbb/players/willie-young-1.html,Willie Young
/cbb/players/willie-young-2.html,Willie Young
/cbb/players/zach-young-1.html,Zach Young
/cbb/players/zion-young-1.html,Zion Young
/cbb/players/_-young-4.html,_ Young
/cbb/players/_-young-7.html,_ Young
/cbb/players/_-young-9.html,_ Young
/cbb/players/_-young-1.html,_ Young
/cbb/players/_-young-10.html,_ Young
/cbb/players/_-young-2.html,_ Young
/cbb/players/_-young-3.html,_ Young
/cbb/players/montez-youngjr-1.html,Montez Young Jr.
/cbb/players/terry-youngbauer-1.html,Terry Youngbauer
/cbb/players/dan-youngblade-1.html,Dan Youngblade
/cbb/players/chris-youngblood-1.html,Chris Youngblood
/cbb/players/dason-youngblood-1.html,Dason Youngblood
/cbb/players/david-youngblood-1.html,David Youngblood
/cbb/players/jay-youngblood-1.html,Jay Youngblood
/cbb/players/jhamar-youngblood-1.html,Jhamar Youngblood
/cbb/players/jim-youngblood-1.html,Jim Youngblood
/cbb/players/kendall-youngblood-1.html,Kendall Youngblood
/cbb/players/melvin-youngblood-1.html,Melvin Youngblood
/cbb/players/payton-youngblood-1.html,Payton Youngblood
/cbb/players/quentin-youngblood-1.html,Quentin Youngblood
/cbb/players/robert-youngblood-1.html,Robert Youngblood
/cbb/players/skipper-youngblood-1.html,Skipper Youngblood
/cbb/players/john-youngdale-1.html,John Youngdale
/cbb/players/tom-youngdale-1.html,Tom Youngdale
/cbb/players/irv-youngelman-1.html,Irv Youngelman
/cbb/players/aquil-younger-1.html,Aquil Younger
/cbb/players/brandon-younger-1.html,Brandon Younger
/cbb/players/jc-younger-1.html,JC Younger
/cbb/players/jerian-younger-1.html,Jerian Younger
/cbb/players/kenny-younger-1.html,Kenny Younger
/cbb/players/ray-younger-1.html,Ray Younger
/cbb/players/carroll-youngkin-1.html,Carroll Youngkin
/cbb/players/glenn-youngkin-1.html,Glenn Youngkin
/cbb/players/grant-youngkin-1.html,Grant Youngkin
/cbb/players/randy-youngling-1.html,Randy Youngling
/cbb/players/aj-youngman-1.html,A.J. Youngman
/cbb/players/austin-younker-1.html,Austin Younker
/cbb/players/baylor-younker-1.html,Baylor Younker
/cbb/players/ed-younkin-1.html,Ed Younkin
/cbb/players/royce-youree-1.html,Royce Youree
/cbb/players/jonson-yousefzadeh-1.html,Jonson Yousefzadeh
/cbb/players/nathan-yow-1.html,Nathan Yow
/cbb/players/don-yowell-1.html,Don Yowell
/cbb/players/_-yoydat-1.html,_ Yoydat
/cbb/players/nick-yrursa-1.html,Nick Yrursa
/cbb/players/leif-yttergren-1.html,Leif Yttergren
/cbb/players/anthony-yu-1.html,Anthony Yu
/cbb/players/rick-yudt-1.html,Rick Yudt
/cbb/players/allen-yuhas-1.html,Allen Yuhas
/cbb/players/kevin-yuhas-1.html,Kevin Yuhas
/cbb/players/george-yuille-1.html,George Yuille
/cbb/players/george-yule-1.html,George Yule
/cbb/players/john-yule-1.html,John Yule
/cbb/players/eito-yuminami-1.html,Eito Yuminami
/cbb/players/jack-yun-1.html,Jack Yun
/cbb/players/paul-yungst-1.html,Paul Yungst
/cbb/players/rich-yunkus-1.html,Rich Yunkus
/cbb/players/jemaa-yuoir-1.html,Jemaa Yuori
/cbb/players/john-yurachek-1.html,John Yurachek
/cbb/players/matt-yurak-1.html,Matt Yurak
/cbb/players/bernie-yurin-1.html,Bernie Yurin
/cbb/players/robert-yurko-1.html,Robert Yurko
/cbb/players/joe-yurkonis-1.html,Joe Yurkonis
/cbb/players/don-yurkovich-1.html,Don Yurkovich
/cbb/players/omer-yurtseven-1.html,Omer Yurtseven
/cbb/players/atakan-yurttas-1.html,Atakan Yurttas
/cbb/players/ray-yusi-1.html,Ray Yusi
/cbb/players/temidayo-yussuf-1.html,Temidayo Yussuf
